{
	"__comment": "Designed by Mcmakistein with Cubik Studio - https://cubik.studio",
	"textures": {
		"particle": "custom/cmd_block",
		"stone_brick": "custom/stone_bricks",
		"cobblestone": "custom/cobblestone",
		"glass": "custom/glass",
		"andesite": "custom/polished_andesite",
		"smooth_stone": "custom/smooth_stone",
		"smooth_stone_side": "custom/smooth_stone_slab_side",
		"oak_planks": "custom/oak_planks",
		"birch_planks": "custom/birch_planks",
		"door_top": "custom/oak_door_top",
		"door_bottom": "custom/oak_door_bottom"
	},
	"elements": [ 	 
		{
			"__comment": "Oak Planks",
			"from": [ 7.125, -9.5, 7.125 ],
			"to": [ 8.875, -3, 8.875 ],
			"faces": {
				"down": { "uv": [ 6, 6, 10, 10 ], "texture": "#birch_planks" },
				"up": { "uv": [ 6, 6, 10, 10 ], "texture": "#birch_planks" },
				"north": { "uv": [ 6, 0, 10, 16 ], "texture": "#birch_planks" },
				"south": { "uv": [ 6, 0, 10, 16 ], "texture": "#birch_planks" },
				"west": { "uv": [ 6, 0, 10, 16 ], "texture": "#birch_planks" },
				"east": { "uv": [ 6, 0, 10, 16 ], "texture": "#birch_planks" }
			}
		},
		{
			"__comment": "Oak Planks",
			"from": [ 7.125, -16, 7.125 ],
			"to": [ 8.875, -9.5, 8.875 ],
			"faces": {
				"down": { "uv": [ 6, 6, 10, 10 ], "texture": "#birch_planks" },
				"up": { "uv": [ 6, 6, 10, 10 ], "texture": "#birch_planks" },
				"north": { "uv": [ 6, 0, 10, 16 ], "texture": "#birch_planks" },
				"south": { "uv": [ 6, 0, 10, 16 ], "texture": "#birch_planks" },
				"west": { "uv": [ 6, 0, 10, 16 ], "texture": "#birch_planks" },
				"east": { "uv": [ 6, 0, 10, 16 ], "texture": "#birch_planks" }
			}
		},
		{
			"__comment": "Oak Planks",
			"from": [ 7.125, -3, 7.125 ],
			"to": [ 8.875, 3.5, 8.875 ],
			"faces": {
				"down": { "uv": [ 6, 6, 10, 10 ], "texture": "#birch_planks" },
				"up": { "uv": [ 6, 6, 10, 10 ], "texture": "#birch_planks" },
				"north": { "uv": [ 6, 0, 10, 16 ], "texture": "#birch_planks" },
				"south": { "uv": [ 6, 0, 10, 16 ], "texture": "#birch_planks" },
				"west": { "uv": [ 6, 0, 10, 16 ], "texture": "#birch_planks" },
				"east": { "uv": [ 6, 0, 10, 16 ], "texture": "#birch_planks" }
			}
		},
		{
			"__comment": "Oak Planks",
			"from": [ 7.125, 3.5, 7.125 ],
			"to": [ 8.875, 10, 8.875 ],
			"faces": {
				"down": { "uv": [ 6, 6, 10, 10 ], "texture": "#birch_planks" },
				"up": { "uv": [ 6, 6, 10, 10 ], "texture": "#birch_planks" },
				"north": { "uv": [ 6, 0, 10, 16 ], "texture": "#birch_planks" },
				"south": { "uv": [ 6, 0, 10, 16 ], "texture": "#birch_planks" },
				"west": { "uv": [ 6, 0, 10, 16 ], "texture": "#birch_planks" },
				"east": { "uv": [ 6, 0, 10, 16 ], "texture": "#birch_planks" }
			}
		},
		{
			"__comment": "Oak Planks",
			"from": [ 7.125, 10, 7.125 ],
			"to": [ 8.875, 16.5, 8.875 ],
			"faces": {
				"down": { "uv": [ 6, 6, 10, 10 ], "texture": "#birch_planks" },
				"up": { "uv": [ 6, 6, 10, 10 ], "texture": "#birch_planks" },
				"north": { "uv": [ 6, 0, 10, 16 ], "texture": "#birch_planks" },
				"south": { "uv": [ 6, 0, 10, 16 ], "texture": "#birch_planks" },
				"west": { "uv": [ 6, 0, 10, 16 ], "texture": "#birch_planks" },
				"east": { "uv": [ 6, 0, 10, 16 ], "texture": "#birch_planks" }
			}
		}
	],
	"display": {
		"head": {
			"translation":  [ 60, -29.91, 0 ],
			"scale":  [ 3.94, 3.94, 3.94 ]
		}
	}
}