{
	"parent": "item/handheld",
	"textures": {
		"layer0": "item/carrot_on_a_stick"
	},
	"overrides": [
		{ "predicate": {"damaged": 0, "damage": 0}, "model": "item/icon_down"},
		{ "predicate": {"damaged": 0, "damage": 0.04}, "model": "item/icon_down_active"},
		{ "predicate": {"damaged": 0, "damage": 0.08}, "model": "item/icon_up"},
		{ "predicate": {"damaged": 0, "damage": 0.12}, "model": "item/icon_up_active"},
		{ "predicate": {"damaged": 0, "damage": 0.16}, "model": "item/icon_forward"},
		{ "predicate": {"damaged": 0, "damage": 0.2}, "model": "item/icon_forward_active"},
		{ "predicate": {"damaged": 0, "damage": 0.24}, "model": "item/icon_turn_left"},
		{ "predicate": {"damaged": 0, "damage": 0.28}, "model": "item/icon_turn_left_active"},
		{ "predicate": {"damaged": 0, "damage": 0.32}, "model": "item/icon_turn_right"},
		{ "predicate": {"damaged": 0, "damage": 0.36}, "model": "item/icon_turn_right_active"},
		{ "predicate": {"damaged": 0, "damage": 0.4}, "model": "item/icon_exit"},
		{ "predicate": {"damaged": 0, "damage": 0.44}, "model": "item/icon_tnt"},
		{ "predicate": {"damaged": 0, "damage": 0.48}, "model": "item/icon_tnt_active"},
		{ "predicate": {"damaged": 0, "damage": 0.52}, "model": "item/icon_beam"},
		{ "predicate": {"damaged": 0, "damage": 0.56}, "model": "item/icon_beam_active"},
		{ "predicate": {"damaged": 0, "damage": 0.6}, "model": "item/icon_compass"},
		{ "predicate": {"damaged": 0, "damage": 0.64}, "model": "item/icon_compass_active"},
		{ "predicate": {"damaged": 0, "damage": 0.68}, "model": "item/carrot_on_a_stick16"},
		{ "predicate": {"damaged": 0, "damage": 0.72}, "model": "item/carrot_on_a_stick17"},
		{ "predicate": {"damaged": 0, "damage": 0.76}, "model": "item/carrot_on_a_stick18"},
		{ "predicate": {"damaged": 0, "damage": 0.8}, "model": "item/carrot_on_a_stick19"},
		{ "predicate": {"damaged": 0, "damage": 0.84}, "model": "item/carrot_on_a_stick20"},
		{ "predicate": {"damaged": 0, "damage": 0.88}, "model": "item/carrot_on_a_stick21"},
		{ "predicate": {"damaged": 0, "damage": 0.92}, "model": "item/carrot_on_a_stick22"},
		{ "predicate": {"damaged": 0, "damage": 0.96}, "model": "item/carrot_on_a_stick23"},
		{ "predicate": {"damaged": 1, "damage": 0}, "model": "item/carrot_on_a_stick"}
	]
}