{
	"__comment": "Designed by Mcmakistein with Cubik Studio - https://cubik.studio",
	"textures": {
		"particle": "custom/cmd_block",
		"stone_brick": "custom/stone_bricks",
		"cobblestone": "custom/cobblestone",
		"glass": "custom/glass",
		"andesite": "custom/polished_andesite",
		"smooth_stone": "custom/smooth_stone",
		"smooth_stone_side": "custom/smooth_stone_slab_side",
		"oak_planks": "custom/oak_planks",
		"birch_planks": "custom/birch_planks",
		"door_top": "custom/oak_door_top",
		"door_bottom": "custom/oak_door_bottom",
		"oak_leaves": "custom/oak_leaves",
		"oak_log_top": "custom/oak_log_top",
		"oak_log_side": "custom/oak_log",
		"bricks": "custom/bricks",
		"booshelf": "custom/bookshelf",
		"spruce_planks": "custom/spruce_planks"
	},
	"elements": [ 	 
		{
			"__comment": "Spruce Planks",
			"from": [ -0.5, 9.25, 10 ],
			"to": [ 6, 12.5, 16.5 ],
			"faces": {
				"down": { "uv": [ 0, 0, 16, 16 ], "texture": "#spruce_planks", "rotation": 90 },
				"up": { "uv": [ 0, 0, 16, 16 ], "texture": "#spruce_planks", "rotation": 90 },
				"north": { "uv": [ 0, 8, 16, 16 ], "texture": "#spruce_planks" },
				"south": { "uv": [ 0, 8, 16, 16 ], "texture": "#spruce_planks" },
				"west": { "uv": [ 0, 8, 16, 16 ], "texture": "#spruce_planks" },
				"east": { "uv": [ 0, 8, 16, 16 ], "texture": "#spruce_planks" }
			}
		},
		{
			"__comment": "Spruce Planks",
			"from": [ -0.5, 12.5, 10 ],
			"to": [ 2.75, 15.75, 16.5 ],
			"faces": {
				"down": { "uv": [ 0, 8, 16, 16 ], "texture": "#spruce_planks", "rotation": 90 },
				"up": { "uv": [ 0, 8, 16, 16 ], "texture": "#spruce_planks", "rotation": 90 },
				"north": { "uv": [ 8, 0, 16, 8 ], "texture": "#spruce_planks" },
				"south": { "uv": [ 0, 0, 8, 8 ], "texture": "#spruce_planks" },
				"west": { "uv": [ 0, 0, 16, 8 ], "texture": "#spruce_planks" },
				"east": { "uv": [ 0, 0, 16, 8 ], "texture": "#spruce_planks" }
			}
		},
		{
			"__comment": "Spruce Planks",
			"from": [ -0.5, 9.25, 3.5 ],
			"to": [ 6, 12.5, 10 ],
			"faces": {
				"down": { "uv": [ 0, 0, 16, 16 ], "texture": "#spruce_planks", "rotation": 90 },
				"up": { "uv": [ 0, 0, 16, 16 ], "texture": "#spruce_planks", "rotation": 90 },
				"north": { "uv": [ 0, 8, 16, 16 ], "texture": "#spruce_planks" },
				"south": { "uv": [ 0, 8, 16, 16 ], "texture": "#spruce_planks" },
				"west": { "uv": [ 0, 8, 16, 16 ], "texture": "#spruce_planks" },
				"east": { "uv": [ 0, 8, 16, 16 ], "texture": "#spruce_planks" }
			}
		},
		{
			"__comment": "Spruce Planks",
			"from": [ -0.5, 12.5, 3.5 ],
			"to": [ 2.75, 15.75, 10 ],
			"faces": {
				"down": { "uv": [ 0, 8, 16, 16 ], "texture": "#spruce_planks", "rotation": 90 },
				"up": { "uv": [ 0, 8, 16, 16 ], "texture": "#spruce_planks", "rotation": 90 },
				"north": { "uv": [ 8, 0, 16, 8 ], "texture": "#spruce_planks" },
				"south": { "uv": [ 0, 0, 8, 8 ], "texture": "#spruce_planks" },
				"west": { "uv": [ 0, 0, 16, 8 ], "texture": "#spruce_planks" },
				"east": { "uv": [ 0, 0, 16, 8 ], "texture": "#spruce_planks" }
			}
		},
		{
			"__comment": "Spruce Planks",
			"from": [ -0.5, 9.25, -3 ],
			"to": [ 6, 12.5, 3.5 ],
			"faces": {
				"down": { "uv": [ 0, 0, 16, 16 ], "texture": "#spruce_planks", "rotation": 90 },
				"up": { "uv": [ 0, 0, 16, 16 ], "texture": "#spruce_planks", "rotation": 90 },
				"north": { "uv": [ 0, 8, 16, 16 ], "texture": "#spruce_planks" },
				"south": { "uv": [ 0, 8, 16, 16 ], "texture": "#spruce_planks" },
				"west": { "uv": [ 0, 8, 16, 16 ], "texture": "#spruce_planks" },
				"east": { "uv": [ 0, 8, 16, 16 ], "texture": "#spruce_planks" }
			}
		},
		{
			"__comment": "Spruce Planks",
			"from": [ -0.5, 12.5, -3 ],
			"to": [ 2.75, 15.75, 3.5 ],
			"faces": {
				"down": { "uv": [ 0, 8, 16, 16 ], "texture": "#spruce_planks", "rotation": 90 },
				"up": { "uv": [ 0, 8, 16, 16 ], "texture": "#spruce_planks", "rotation": 90 },
				"north": { "uv": [ 8, 0, 16, 8 ], "texture": "#spruce_planks" },
				"south": { "uv": [ 0, 0, 8, 8 ], "texture": "#spruce_planks" },
				"west": { "uv": [ 0, 0, 16, 8 ], "texture": "#spruce_planks" },
				"east": { "uv": [ 0, 0, 16, 8 ], "texture": "#spruce_planks" }
			}
		},
		{
			"__comment": "Spruce Planks",
			"from": [ -0.5, 9.25, -9.5 ],
			"to": [ 6, 12.5, -3 ],
			"faces": {
				"down": { "uv": [ 0, 0, 16, 16 ], "texture": "#spruce_planks", "rotation": 90 },
				"up": { "uv": [ 0, 0, 16, 16 ], "texture": "#spruce_planks", "rotation": 90 },
				"north": { "uv": [ 0, 8, 16, 16 ], "texture": "#spruce_planks" },
				"south": { "uv": [ 0, 8, 16, 16 ], "texture": "#spruce_planks" },
				"west": { "uv": [ 0, 8, 16, 16 ], "texture": "#spruce_planks" },
				"east": { "uv": [ 0, 8, 16, 16 ], "texture": "#spruce_planks" }
			}
		},
		{
			"__comment": "Spruce Planks",
			"from": [ -0.5, 12.5, -9.5 ],
			"to": [ 2.75, 15.75, -3 ],
			"faces": {
				"down": { "uv": [ 0, 8, 16, 16 ], "texture": "#spruce_planks", "rotation": 90 },
				"up": { "uv": [ 0, 8, 16, 16 ], "texture": "#spruce_planks", "rotation": 90 },
				"north": { "uv": [ 8, 0, 16, 8 ], "texture": "#spruce_planks" },
				"south": { "uv": [ 0, 0, 8, 8 ], "texture": "#spruce_planks" },
				"west": { "uv": [ 0, 0, 16, 8 ], "texture": "#spruce_planks" },
				"east": { "uv": [ 0, 0, 16, 8 ], "texture": "#spruce_planks" }
			}
		},
		{
			"__comment": "Spruce Planks",
			"from": [ -0.5, 9.25, -16 ],
			"to": [ 6, 12.5, -9.5 ],
			"faces": {
				"down": { "uv": [ 0, 16, 16, 0 ], "texture": "#spruce_planks", "rotation": 90 },
				"up": { "uv": [ 0, 0, 16, 16 ], "texture": "#spruce_planks", "rotation": 90 },
				"north": { "uv": [ 0, 8, 16, 16 ], "texture": "#spruce_planks" },
				"south": { "uv": [ 0, 8, 16, 16 ], "texture": "#spruce_planks" },
				"west": { "uv": [ 0, 8, 16, 16 ], "texture": "#spruce_planks" },
				"east": { "uv": [ 0, 8, 16, 16 ], "texture": "#spruce_planks" }
			}
		},
		{
			"__comment": "Spruce Planks",
			"from": [ -0.5, 12.5, -16 ],
			"to": [ 2.75, 15.75, -9.5 ],
			"faces": {
				"down": { "uv": [ 0, 8, 16, 16 ], "texture": "#spruce_planks", "rotation": 90 },
				"up": { "uv": [ 0, 8, 16, 16 ], "texture": "#spruce_planks", "rotation": 90 },
				"north": { "uv": [ 8, 0, 16, 8 ], "texture": "#spruce_planks" },
				"south": { "uv": [ 0, 0, 8, 8 ], "texture": "#spruce_planks" },
				"west": { "uv": [ 0, 0, 16, 8 ], "texture": "#spruce_planks" },
				"east": { "uv": [ 0, 0, 16, 8 ], "texture": "#spruce_planks" }
			}
		}
	],
	"display": {
		"head": {
			"translation":  [ 46.3, 79.9, -46.3 ],
			"scale":  [ 3.94, 3.94, 3.94 ]
		}
	}
}