{
	"__comment": "Designed by Mcmakistein with Cubik Studio - https://cubik.studio",
	"textures": {
		"particle": "custom/cmd_block",
		"stone_brick": "custom/stone_bricks",
		"cobblestone": "custom/cobblestone",
		"glass": "custom/glass",
		"andesite": "custom/polished_andesite",
		"smooth_stone": "custom/smooth_stone",
		"smooth_stone_side": "custom/smooth_stone_slab_side",
		"oak_planks": "custom/oak_planks",
		"birch_planks": "custom/birch_planks",
		"door_top": "custom/oak_door_top",
		"door_bottom": "custom/oak_door_bottom",
		"oak_leaves": "custom/oak_leaves",
		"oak_log_top": "custom/oak_log_top",
		"oak_log_side": "custom/oak_log",
		"bricks": "custom/bricks",
		"booshelf": "custom/bookshelf",
		"spruce_planks": "custom/spruce_planks"
	},
	"elements": [ 	 
		{
			"__comment": "Leaves23",
			"from": [ 19, -16, 10 ],
			"to": [ 25.5, -9.5, 16.5 ],
			"faces": {
				"down": { "uv": [ 0, 0, 16, 16 ], "texture": "#oak_leaves", "rotation": 270 },
				"up": { "uv": [ 0, 0, 16, 16 ], "texture": "#oak_leaves", "rotation": 90 },
				"north": { "uv": [ 0, 0, 16, 16 ], "texture": "#oak_leaves" },
				"south": { "uv": [ 0, 0, 16, 16 ], "texture": "#oak_leaves" },
				"west": { "uv": [ 0, 0, 16, 16 ], "texture": "#oak_leaves" },
				"east": { "uv": [ 0, 0, 16, 16 ], "texture": "#oak_leaves" }
			}
		},
		{
			"__comment": "Leaves24",
			"from": [ 19, -16, 3.5 ],
			"to": [ 25.5, -9.5, 10 ],
			"faces": {
				"down": { "uv": [ 0, 0, 16, 16 ], "texture": "#oak_leaves", "rotation": 270 },
				"up": { "uv": [ 0, 0, 16, 16 ], "texture": "#oak_leaves", "rotation": 90 },
				"north": { "uv": [ 0, 0, 16, 16 ], "texture": "#oak_leaves" },
				"south": { "uv": [ 0, 0, 16, 16 ], "texture": "#oak_leaves" },
				"west": { "uv": [ 0, 0, 16, 16 ], "texture": "#oak_leaves" },
				"east": { "uv": [ 0, 0, 16, 16 ], "texture": "#oak_leaves" }
			}
		},
		{
			"__comment": "Leaves22",
			"from": [ 19, -16, -3 ],
			"to": [ 25.5, -9.5, 3.5 ],
			"faces": {
				"down": { "uv": [ 0, 0, 16, 16 ], "texture": "#oak_leaves", "rotation": 270 },
				"up": { "uv": [ 0, 0, 16, 16 ], "texture": "#oak_leaves", "rotation": 90 },
				"north": { "uv": [ 0, 0, 16, 16 ], "texture": "#oak_leaves" },
				"south": { "uv": [ 0, 0, 16, 16 ], "texture": "#oak_leaves" },
				"west": { "uv": [ 0, 0, 16, 16 ], "texture": "#oak_leaves" },
				"east": { "uv": [ 0, 0, 16, 16 ], "texture": "#oak_leaves" }
			}
		},
		{
			"__comment": "Leaves21",
			"from": [ 12.5, -16, -9.5 ],
			"to": [ 19, -9.5, -3 ],
			"faces": {
				"down": { "uv": [ 0, 0, 16, 16 ], "texture": "#oak_leaves", "rotation": 270 },
				"up": { "uv": [ 0, 0, 16, 16 ], "texture": "#oak_leaves", "rotation": 90 },
				"north": { "uv": [ 0, 0, 16, 16 ], "texture": "#oak_leaves" },
				"south": { "uv": [ 0, 0, 16, 16 ], "texture": "#oak_leaves" },
				"west": { "uv": [ 0, 0, 16, 16 ], "texture": "#oak_leaves" },
				"east": { "uv": [ 0, 0, 16, 16 ], "texture": "#oak_leaves" }
			}
		},
		{
			"__comment": "Leaves20",
			"from": [ 6, -16, -9.5 ],
			"to": [ 12.5, -9.5, -3 ],
			"faces": {
				"down": { "uv": [ 0, 0, 16, 16 ], "texture": "#oak_leaves", "rotation": 270 },
				"up": { "uv": [ 0, 0, 16, 16 ], "texture": "#oak_leaves", "rotation": 90 },
				"north": { "uv": [ 0, 0, 16, 16 ], "texture": "#oak_leaves" },
				"south": { "uv": [ 0, 0, 16, 16 ], "texture": "#oak_leaves" },
				"west": { "uv": [ 0, 0, 16, 16 ], "texture": "#oak_leaves" },
				"east": { "uv": [ 0, 0, 16, 16 ], "texture": "#oak_leaves" }
			}
		},
		{
			"__comment": "Leaves18",
			"from": [ -0.5, -16, -9.5 ],
			"to": [ 6, -9.5, -3 ],
			"faces": {
				"down": { "uv": [ 0, 0, 16, 16 ], "texture": "#oak_leaves", "rotation": 270 },
				"up": { "uv": [ 0, 0, 16, 16 ], "texture": "#oak_leaves", "rotation": 90 },
				"north": { "uv": [ 0, 0, 16, 16 ], "texture": "#oak_leaves" },
				"south": { "uv": [ 0, 0, 16, 16 ], "texture": "#oak_leaves" },
				"west": { "uv": [ 0, 0, 16, 16 ], "texture": "#oak_leaves" },
				"east": { "uv": [ 0, 0, 16, 16 ], "texture": "#oak_leaves" }
			}
		},
		{
			"__comment": "Stone Bricks",
			"from": [ -0.5, -16, 10 ],
			"to": [ 6, -9.5, 16.5 ],
			"faces": {
				"down": { "uv": [ 0, 0, 16, 16 ], "texture": "#stone_brick" },
				"up": { "uv": [ 0, 0, 16, 16 ], "texture": "#stone_brick" },
				"north": { "uv": [ 0, 0, 16, 16 ], "texture": "#stone_brick" },
				"south": { "uv": [ 0, 0, 16, 16 ], "texture": "#stone_brick" },
				"west": { "uv": [ 0, 0, 16, 16 ], "texture": "#stone_brick" },
				"east": { "uv": [ 0, 0, 16, 16 ], "texture": "#stone_brick" }
			}
		},
		{
			"__comment": "Stone Bricks",
			"from": [ -0.5, -16, 3.5 ],
			"to": [ 6, -9.5, 10 ],
			"faces": {
				"down": { "uv": [ 0, 0, 16, 16 ], "texture": "#stone_brick" },
				"up": { "uv": [ 0, 0, 16, 16 ], "texture": "#stone_brick" },
				"north": { "uv": [ 0, 0, 16, 16 ], "texture": "#stone_brick" },
				"south": { "uv": [ 0, 0, 16, 16 ], "texture": "#stone_brick" },
				"west": { "uv": [ 0, 0, 16, 16 ], "texture": "#stone_brick" },
				"east": { "uv": [ 0, 0, 16, 16 ], "texture": "#stone_brick" }
			}
		},
		{
			"__comment": "Stone Bricks",
			"from": [ -0.5, -16, -3 ],
			"to": [ 6, -9.5, 3.5 ],
			"faces": {
				"down": { "uv": [ 0, 0, 16, 16 ], "texture": "#stone_brick" },
				"up": { "uv": [ 0, 0, 16, 16 ], "texture": "#stone_brick" },
				"north": { "uv": [ 0, 0, 16, 16 ], "texture": "#stone_brick" },
				"south": { "uv": [ 0, 0, 16, 16 ], "texture": "#stone_brick" },
				"west": { "uv": [ 0, 0, 16, 16 ], "texture": "#stone_brick" },
				"east": { "uv": [ 0, 0, 16, 16 ], "texture": "#stone_brick" }
			}
		},
		{
			"__comment": "Stone Bricks",
			"from": [ 12.5, -16, 10 ],
			"to": [ 19, -9.5, 16.5 ],
			"faces": {
				"down": { "uv": [ 0, 0, 16, 16 ], "texture": "#stone_brick" },
				"up": { "uv": [ 0, 0, 16, 16 ], "texture": "#stone_brick" },
				"north": { "uv": [ 0, 0, 16, 16 ], "texture": "#stone_brick" },
				"south": { "uv": [ 0, 0, 16, 16 ], "texture": "#stone_brick" },
				"west": { "uv": [ 0, 0, 16, 16 ], "texture": "#stone_brick" },
				"east": { "uv": [ 0, 0, 16, 16 ], "texture": "#stone_brick" }
			}
		},
		{
			"__comment": "Stone Bricks",
			"from": [ 12.5, -16, 3.5 ],
			"to": [ 19, -9.5, 10 ],
			"faces": {
				"down": { "uv": [ 0, 0, 16, 16 ], "texture": "#stone_brick" },
				"up": { "uv": [ 0, 0, 16, 16 ], "texture": "#stone_brick" },
				"north": { "uv": [ 0, 0, 16, 16 ], "texture": "#stone_brick" },
				"south": { "uv": [ 0, 0, 16, 16 ], "texture": "#stone_brick" },
				"west": { "uv": [ 0, 0, 16, 16 ], "texture": "#stone_brick" },
				"east": { "uv": [ 0, 0, 16, 16 ], "texture": "#stone_brick" }
			}
		},
		{
			"__comment": "Stone Bricks",
			"from": [ 12.5, -16, -3 ],
			"to": [ 19, -9.5, 3.5 ],
			"faces": {
				"down": { "uv": [ 0, 0, 16, 16 ], "texture": "#stone_brick" },
				"up": { "uv": [ 0, 0, 16, 16 ], "texture": "#stone_brick" },
				"north": { "uv": [ 0, 0, 16, 16 ], "texture": "#stone_brick" },
				"south": { "uv": [ 0, 0, 16, 16 ], "texture": "#stone_brick" },
				"west": { "uv": [ 0, 0, 16, 16 ], "texture": "#stone_brick" },
				"east": { "uv": [ 0, 0, 16, 16 ], "texture": "#stone_brick" }
			}
		},
		{
			"__comment": "Stone Bricks",
			"from": [ 6, -16, 10 ],
			"to": [ 12.5, -9.5, 16.5 ],
			"faces": {
				"down": { "uv": [ 0, 0, 16, 16 ], "texture": "#stone_brick" },
				"up": { "uv": [ 0, 0, 16, 16 ], "texture": "#stone_brick" },
				"north": { "uv": [ 0, 0, 16, 16 ], "texture": "#stone_brick" },
				"south": { "uv": [ 0, 0, 16, 16 ], "texture": "#stone_brick" },
				"west": { "uv": [ 0, 0, 16, 16 ], "texture": "#stone_brick" },
				"east": { "uv": [ 0, 0, 16, 16 ], "texture": "#stone_brick" }
			}
		},
		{
			"__comment": "Stone Bricks",
			"from": [ 6, -16, 3.5 ],
			"to": [ 12.5, -9.5, 10 ],
			"faces": {
				"down": { "uv": [ 0, 0, 16, 16 ], "texture": "#stone_brick" },
				"up": { "uv": [ 0, 0, 16, 16 ], "texture": "#stone_brick" },
				"north": { "uv": [ 0, 0, 16, 16 ], "texture": "#stone_brick" },
				"south": { "uv": [ 0, 0, 16, 16 ], "texture": "#stone_brick" },
				"west": { "uv": [ 0, 0, 16, 16 ], "texture": "#stone_brick" },
				"east": { "uv": [ 0, 0, 16, 16 ], "texture": "#stone_brick" }
			}
		},
		{
			"__comment": "Stone Bricks",
			"from": [ 6, -16, -3 ],
			"to": [ 12.5, -9.5, 3.5 ],
			"faces": {
				"down": { "uv": [ 0, 0, 16, 16 ], "texture": "#stone_brick" },
				"up": { "uv": [ 0, 0, 16, 16 ], "texture": "#stone_brick" },
				"north": { "uv": [ 0, 0, 16, 16 ], "texture": "#stone_brick" },
				"south": { "uv": [ 0, 0, 16, 16 ], "texture": "#stone_brick" },
				"west": { "uv": [ 0, 0, 16, 16 ], "texture": "#stone_brick" },
				"east": { "uv": [ 0, 0, 16, 16 ], "texture": "#stone_brick" }
			}
		},
		{
			"__comment": "Oak Log",
			"from": [ 19, 3.5, -9.5 ],
			"to": [ 25.5, 10, -3 ],
			"faces": {
				"down": { "uv": [ 0, 0, 16, 16 ], "texture": "#oak_log_top" },
				"up": { "uv": [ 0, 0, 16, 16 ], "texture": "#oak_log_top" },
				"north": { "uv": [ 0, 0, 16, 16 ], "texture": "#oak_log_side" },
				"south": { "uv": [ 0, 0, 16, 16 ], "texture": "#oak_log_side" },
				"west": { "uv": [ 0, 0, 16, 16 ], "texture": "#oak_log_side" },
				"east": { "uv": [ 0, 0, 16, 16 ], "texture": "#oak_log_side" }
			}
		},
		{
			"__comment": "Oak Log",
			"from": [ 19, -3, -9.5 ],
			"to": [ 25.5, 3.5, -3 ],
			"faces": {
				"down": { "uv": [ 0, 0, 16, 16 ], "texture": "#oak_log_top" },
				"up": { "uv": [ 0, 0, 16, 16 ], "texture": "#oak_log_top" },
				"north": { "uv": [ 0, 0, 16, 16 ], "texture": "#oak_log_side" },
				"south": { "uv": [ 0, 0, 16, 16 ], "texture": "#oak_log_side" },
				"west": { "uv": [ 0, 0, 16, 16 ], "texture": "#oak_log_side" },
				"east": { "uv": [ 0, 0, 16, 16 ], "texture": "#oak_log_side" }
			}
		},
		{
			"__comment": "Oak Log",
			"from": [ 19, -9.5, -9.5 ],
			"to": [ 25.5, -3, -3 ],
			"faces": {
				"down": { "uv": [ 0, 0, 16, 16 ], "texture": "#oak_log_top" },
				"up": { "uv": [ 0, 0, 16, 16 ], "texture": "#oak_log_top" },
				"north": { "uv": [ 0, 0, 16, 16 ], "texture": "#oak_log_side" },
				"south": { "uv": [ 0, 0, 16, 16 ], "texture": "#oak_log_side" },
				"west": { "uv": [ 0, 0, 16, 16 ], "texture": "#oak_log_side" },
				"east": { "uv": [ 0, 0, 16, 16 ], "texture": "#oak_log_side" }
			}
		},
		{
			"__comment": "Oak Log",
			"from": [ 19, -16, -9.5 ],
			"to": [ 25.5, -9.5, -3 ],
			"faces": {
				"down": { "uv": [ 0, 0, 16, 16 ], "texture": "#oak_log_top" },
				"up": { "uv": [ 0, 0, 16, 16 ], "texture": "#oak_log_top" },
				"north": { "uv": [ 0, 0, 16, 16 ], "texture": "#oak_log_side" },
				"south": { "uv": [ 0, 0, 16, 16 ], "texture": "#oak_log_side" },
				"west": { "uv": [ 0, 0, 16, 16 ], "texture": "#oak_log_side" },
				"east": { "uv": [ 0, 0, 16, 16 ], "texture": "#oak_log_side" }
			}
		},
		{
			"__comment": "Oak Planks",
			"from": [ 12.5, -9.5, 10 ],
			"to": [ 19, -3, 16.5 ],
			"faces": {
				"down": { "uv": [ 0, 0, 16, 16 ], "texture": "#oak_planks", "rotation": 270 },
				"up": { "uv": [ 0, 0, 16, 16 ], "texture": "#oak_planks", "rotation": 90 },
				"north": { "uv": [ 0, 0, 16, 16 ], "texture": "#oak_planks" },
				"south": { "uv": [ 0, 0, 16, 16 ], "texture": "#oak_planks" },
				"west": { "uv": [ 0, 0, 16, 16 ], "texture": "#oak_planks" },
				"east": { "uv": [ 0, 0, 16, 16 ], "texture": "#oak_planks" }
			}
		},
		{
			"__comment": "Oak Planks",
			"from": [ 12.5, -9.5, 3.5 ],
			"to": [ 19, -3, 10 ],
			"faces": {
				"down": { "uv": [ 0, 0, 16, 16 ], "texture": "#oak_planks", "rotation": 270 },
				"up": { "uv": [ 0, 0, 16, 16 ], "texture": "#oak_planks", "rotation": 90 },
				"north": { "uv": [ 0, 0, 16, 16 ], "texture": "#oak_planks" },
				"south": { "uv": [ 0, 0, 16, 16 ], "texture": "#oak_planks" },
				"west": { "uv": [ 0, 0, 16, 16 ], "texture": "#oak_planks" },
				"east": { "uv": [ 0, 0, 16, 16 ], "texture": "#oak_planks" }
			}
		},
		{
			"__comment": "Oak Planks",
			"from": [ 12.5, -9.5, -3 ],
			"to": [ 19, -3, 3.5 ],
			"faces": {
				"down": { "uv": [ 0, 0, 16, 16 ], "texture": "#oak_planks", "rotation": 270 },
				"up": { "uv": [ 0, 0, 16, 16 ], "texture": "#oak_planks", "rotation": 90 },
				"north": { "uv": [ 0, 0, 16, 16 ], "texture": "#oak_planks" },
				"south": { "uv": [ 0, 0, 16, 16 ], "texture": "#oak_planks" },
				"west": { "uv": [ 0, 0, 16, 16 ], "texture": "#oak_planks" },
				"east": { "uv": [ 0, 0, 16, 16 ], "texture": "#oak_planks" }
			}
		},
		{
			"__comment": "Oak Planks",
			"from": [ 6, -9.5, -3 ],
			"to": [ 12.5, -3, 3.5 ],
			"faces": {
				"down": { "uv": [ 0, 0, 16, 16 ], "texture": "#oak_planks", "rotation": 270 },
				"up": { "uv": [ 0, 0, 16, 16 ], "texture": "#oak_planks", "rotation": 90 },
				"north": { "uv": [ 0, 0, 16, 16 ], "texture": "#oak_planks" },
				"south": { "uv": [ 0, 0, 16, 16 ], "texture": "#oak_planks" },
				"west": { "uv": [ 0, 0, 16, 16 ], "texture": "#oak_planks" },
				"east": { "uv": [ 0, 0, 16, 16 ], "texture": "#oak_planks" }
			}
		},
		{
			"__comment": "Oak Planks",
			"from": [ 6, -9.5, 3.5 ],
			"to": [ 12.5, -3, 10 ],
			"faces": {
				"down": { "uv": [ 0, 0, 16, 16 ], "texture": "#oak_planks", "rotation": 270 },
				"up": { "uv": [ 0, 0, 16, 16 ], "texture": "#oak_planks", "rotation": 90 },
				"north": { "uv": [ 0, 0, 16, 16 ], "texture": "#oak_planks" },
				"south": { "uv": [ 0, 0, 16, 16 ], "texture": "#oak_planks" },
				"west": { "uv": [ 0, 0, 16, 16 ], "texture": "#oak_planks" },
				"east": { "uv": [ 0, 0, 16, 16 ], "texture": "#oak_planks" }
			}
		},
		{
			"__comment": "Oak Planks",
			"from": [ 6, -9.5, 10 ],
			"to": [ 12.5, -3, 16.5 ],
			"faces": {
				"down": { "uv": [ 0, 0, 16, 16 ], "texture": "#oak_planks", "rotation": 270 },
				"up": { "uv": [ 0, 0, 16, 16 ], "texture": "#oak_planks", "rotation": 90 },
				"north": { "uv": [ 0, 0, 16, 16 ], "texture": "#oak_planks" },
				"south": { "uv": [ 0, 0, 16, 16 ], "texture": "#oak_planks" },
				"west": { "uv": [ 0, 0, 16, 16 ], "texture": "#oak_planks" },
				"east": { "uv": [ 0, 0, 16, 16 ], "texture": "#oak_planks" }
			}
		},
		{
			"__comment": "Oak Planks",
			"from": [ -0.5, -9.5, -3 ],
			"to": [ 6, -3, 3.5 ],
			"faces": {
				"down": { "uv": [ 0, 0, 16, 16 ], "texture": "#oak_planks", "rotation": 270 },
				"up": { "uv": [ 0, 0, 16, 16 ], "texture": "#oak_planks", "rotation": 90 },
				"north": { "uv": [ 0, 0, 16, 16 ], "texture": "#oak_planks" },
				"south": { "uv": [ 0, 0, 16, 16 ], "texture": "#oak_planks" },
				"west": { "uv": [ 0, 0, 16, 16 ], "texture": "#oak_planks" },
				"east": { "uv": [ 0, 0, 16, 16 ], "texture": "#oak_planks" }
			}
		},
		{
			"__comment": "Oak Planks",
			"from": [ -0.5, -9.5, 3.5 ],
			"to": [ 6, -3, 10 ],
			"faces": {
				"down": { "uv": [ 0, 0, 16, 16 ], "texture": "#oak_planks", "rotation": 270 },
				"up": { "uv": [ 0, 0, 16, 16 ], "texture": "#oak_planks", "rotation": 90 },
				"north": { "uv": [ 0, 0, 16, 16 ], "texture": "#oak_planks" },
				"south": { "uv": [ 0, 0, 16, 16 ], "texture": "#oak_planks" },
				"west": { "uv": [ 0, 0, 16, 16 ], "texture": "#oak_planks" },
				"east": { "uv": [ 0, 0, 16, 16 ], "texture": "#oak_planks" }
			}
		},
		{
			"__comment": "Oak Planks",
			"from": [ -0.5, -9.5, 10 ],
			"to": [ 6, -3, 16.5 ],
			"faces": {
				"down": { "uv": [ 0, 0, 16, 16 ], "texture": "#oak_planks", "rotation": 270 },
				"up": { "uv": [ 0, 0, 16, 16 ], "texture": "#oak_planks", "rotation": 90 },
				"north": { "uv": [ 0, 0, 16, 16 ], "texture": "#oak_planks" },
				"south": { "uv": [ 0, 0, 16, 16 ], "texture": "#oak_planks" },
				"west": { "uv": [ 0, 0, 16, 16 ], "texture": "#oak_planks" },
				"east": { "uv": [ 0, 0, 16, 16 ], "texture": "#oak_planks" }
			}
		},
		{
			"__comment": "Oak Planks",
			"from": [ 19, -9.5, 10 ],
			"to": [ 22.25, -6.25, 16.5 ],
			"faces": {
				"down": { "uv": [ 0, 0, 16, 8 ], "texture": "#oak_planks", "rotation": 270 },
				"up": { "uv": [ 0, 0, 16, 8 ], "texture": "#oak_planks", "rotation": 270 },
				"north": { "uv": [ 8, 8, 16, 16 ], "texture": "#oak_planks" },
				"south": { "uv": [ 0, 8, 8, 16 ], "texture": "#oak_planks" },
				"west": { "uv": [ 0, 8, 16, 16 ], "texture": "#oak_planks" },
				"east": { "uv": [ 0, 8, 16, 16 ], "texture": "#oak_planks" }
			}
		},
		{
			"__comment": "Oak Planks",
			"from": [ 19, -6.25, 10 ],
			"to": [ 25.5, -3, 16.5 ],
			"faces": {
				"down": { "uv": [ 0, 0, 16, 16 ], "texture": "#oak_planks", "rotation": 270 },
				"up": { "uv": [ 0, 0, 16, 16 ], "texture": "#oak_planks", "rotation": 90 },
				"north": { "uv": [ 0, 0, 16, 8 ], "texture": "#oak_planks" },
				"south": { "uv": [ 0, 0, 16, 8 ], "texture": "#oak_planks" },
				"west": { "uv": [ 0, 0, 16, 8 ], "texture": "#oak_planks" },
				"east": { "uv": [ 0, 0, 16, 8 ], "texture": "#oak_planks" }
			}
		},
		{
			"__comment": "Oak Planks",
			"from": [ 19, -9.5, 3.5 ],
			"to": [ 22.25, -6.25, 10 ],
			"faces": {
				"down": { "uv": [ 0, 0, 16, 8 ], "texture": "#oak_planks", "rotation": 270 },
				"up": { "uv": [ 0, 0, 16, 8 ], "texture": "#oak_planks", "rotation": 270 },
				"north": { "uv": [ 8, 8, 16, 16 ], "texture": "#oak_planks" },
				"south": { "uv": [ 0, 8, 8, 16 ], "texture": "#oak_planks" },
				"west": { "uv": [ 0, 8, 16, 16 ], "texture": "#oak_planks" },
				"east": { "uv": [ 0, 8, 16, 16 ], "texture": "#oak_planks" }
			}
		},
		{
			"__comment": "Oak Planks",
			"from": [ 19, -6.25, 3.5 ],
			"to": [ 25.5, -3, 10 ],
			"faces": {
				"down": { "uv": [ 0, 0, 16, 16 ], "texture": "#oak_planks", "rotation": 270 },
				"up": { "uv": [ 0, 0, 16, 16 ], "texture": "#oak_planks", "rotation": 90 },
				"north": { "uv": [ 0, 0, 16, 8 ], "texture": "#oak_planks" },
				"south": { "uv": [ 0, 0, 16, 8 ], "texture": "#oak_planks" },
				"west": { "uv": [ 0, 0, 16, 8 ], "texture": "#oak_planks" },
				"east": { "uv": [ 0, 0, 16, 8 ], "texture": "#oak_planks" }
			}
		},
		{
			"__comment": "Oak Planks",
			"from": [ 19, -9.5, -3 ],
			"to": [ 22.25, -6.25, 3.5 ],
			"faces": {
				"down": { "uv": [ 0, 0, 16, 8 ], "texture": "#oak_planks", "rotation": 270 },
				"up": { "uv": [ 0, 0, 16, 8 ], "texture": "#oak_planks", "rotation": 270 },
				"north": { "uv": [ 8, 8, 16, 16 ], "texture": "#oak_planks" },
				"south": { "uv": [ 0, 8, 8, 16 ], "texture": "#oak_planks" },
				"west": { "uv": [ 0, 8, 16, 16 ], "texture": "#oak_planks" },
				"east": { "uv": [ 0, 8, 16, 16 ], "texture": "#oak_planks" }
			}
		},
		{
			"__comment": "Oak Planks",
			"from": [ 19, -6.25, -3 ],
			"to": [ 25.5, -3, 3.5 ],
			"faces": {
				"down": { "uv": [ 0, 0, 16, 16 ], "texture": "#oak_planks", "rotation": 270 },
				"up": { "uv": [ 0, 0, 16, 16 ], "texture": "#oak_planks", "rotation": 90 },
				"north": { "uv": [ 0, 0, 16, 8 ], "texture": "#oak_planks" },
				"south": { "uv": [ 0, 0, 16, 8 ], "texture": "#oak_planks" },
				"west": { "uv": [ 0, 0, 16, 8 ], "texture": "#oak_planks" },
				"east": { "uv": [ 0, 0, 16, 8 ], "texture": "#oak_planks" }
			}
		},
		{
			"__comment": "Oak Planks",
			"from": [ 12.5, -9.5, -6.25 ],
			"to": [ 19, -6.25, -3 ],
			"faces": {
				"down": { "uv": [ 8, 0, 16, 16 ], "texture": "#oak_planks", "rotation": 270 },
				"up": { "uv": [ 8, 0, 16, 16 ], "texture": "#oak_planks", "rotation": 270 },
				"north": { "uv": [ 0, 8, 16, 16 ], "texture": "#oak_planks" },
				"south": { "uv": [ 0, 8, 16, 16 ], "texture": "#oak_planks" },
				"west": { "uv": [ 8, 8, 16, 16 ], "texture": "#oak_planks" },
				"east": { "uv": [ 0, 8, 8, 16 ], "texture": "#oak_planks" }
			}
		},
		{
			"__comment": "Oak Planks",
			"from": [ 12.5, -6.25, -9.5 ],
			"to": [ 19, -3, -3 ],
			"faces": {
				"down": { "uv": [ 0, 0, 16, 16 ], "texture": "#oak_planks", "rotation": 270 },
				"up": { "uv": [ 0, 0, 16, 16 ], "texture": "#oak_planks", "rotation": 90 },
				"north": { "uv": [ 0, 0, 16, 8 ], "texture": "#oak_planks" },
				"south": { "uv": [ 0, 0, 16, 8 ], "texture": "#oak_planks" },
				"west": { "uv": [ 0, 0, 16, 8 ], "texture": "#oak_planks" },
				"east": { "uv": [ 0, 0, 16, 8 ], "texture": "#oak_planks" }
			}
		},
		{
			"__comment": "Oak Planks",
			"from": [ 6, -9.5, -6.25 ],
			"to": [ 12.5, -6.25, -3 ],
			"faces": {
				"down": { "uv": [ 8, 0, 16, 16 ], "texture": "#oak_planks", "rotation": 270 },
				"up": { "uv": [ 8, 0, 16, 16 ], "texture": "#oak_planks", "rotation": 270 },
				"north": { "uv": [ 0, 8, 16, 16 ], "texture": "#oak_planks" },
				"south": { "uv": [ 0, 8, 16, 16 ], "texture": "#oak_planks" },
				"west": { "uv": [ 8, 8, 16, 16 ], "texture": "#oak_planks" },
				"east": { "uv": [ 0, 8, 8, 16 ], "texture": "#oak_planks" }
			}
		},
		{
			"__comment": "Oak Planks",
			"from": [ 6, -6.25, -9.5 ],
			"to": [ 12.5, -3, -3 ],
			"faces": {
				"down": { "uv": [ 0, 0, 16, 16 ], "texture": "#oak_planks", "rotation": 270 },
				"up": { "uv": [ 0, 0, 16, 16 ], "texture": "#oak_planks", "rotation": 90 },
				"north": { "uv": [ 0, 0, 16, 8 ], "texture": "#oak_planks" },
				"south": { "uv": [ 0, 0, 16, 8 ], "texture": "#oak_planks" },
				"west": { "uv": [ 0, 0, 16, 8 ], "texture": "#oak_planks" },
				"east": { "uv": [ 0, 0, 16, 8 ], "texture": "#oak_planks" }
			}
		},
		{
			"__comment": "Oak Planks",
			"from": [ -0.5, -9.5, -6.25 ],
			"to": [ 6, -6.25, -3 ],
			"faces": {
				"down": { "uv": [ 8, 0, 16, 16 ], "texture": "#oak_planks", "rotation": 270 },
				"up": { "uv": [ 8, 0, 16, 16 ], "texture": "#oak_planks", "rotation": 270 },
				"north": { "uv": [ 0, 8, 16, 16 ], "texture": "#oak_planks" },
				"south": { "uv": [ 0, 8, 16, 16 ], "texture": "#oak_planks" },
				"west": { "uv": [ 8, 8, 16, 16 ], "texture": "#oak_planks" },
				"east": { "uv": [ 0, 8, 8, 16 ], "texture": "#oak_planks" }
			}
		},
		{
			"__comment": "Oak Planks",
			"from": [ -0.5, -6.25, -9.5 ],
			"to": [ 6, -3, -3 ],
			"faces": {
				"down": { "uv": [ 0, 0, 16, 16 ], "texture": "#oak_planks", "rotation": 270 },
				"up": { "uv": [ 0, 0, 16, 16 ], "texture": "#oak_planks", "rotation": 90 },
				"north": { "uv": [ 0, 0, 16, 8 ], "texture": "#oak_planks" },
				"south": { "uv": [ 0, 0, 16, 8 ], "texture": "#oak_planks" },
				"west": { "uv": [ 0, 0, 16, 8 ], "texture": "#oak_planks" },
				"east": { "uv": [ 0, 0, 16, 8 ], "texture": "#oak_planks" }
			}
		},
		{
			"__comment": "Bricks",
			"from": [ 19, 3.5, -3 ],
			"to": [ 25.5, 10, 3.5 ],
			"faces": {
				"down": { "uv": [ 0, 0, 16, 16 ], "texture": "#bricks", "rotation": 90 },
				"up": { "uv": [ 0, 0, 16, 16 ], "texture": "#bricks", "rotation": 90 },
				"north": { "uv": [ 0, 0, 16, 16 ], "texture": "#bricks" },
				"south": { "uv": [ 0, 0, 16, 16 ], "texture": "#bricks" },
				"west": { "uv": [ 0, 0, 16, 16 ], "texture": "#bricks" },
				"east": { "uv": [ 0, 0, 16, 16 ], "texture": "#bricks" }
			}
		},
		{
			"__comment": "Bricks",
			"from": [ 19, -3, -3 ],
			"to": [ 25.5, 3.5, 3.5 ],
			"faces": {
				"down": { "uv": [ 0, 0, 16, 16 ], "texture": "#bricks", "rotation": 90 },
				"up": { "uv": [ 0, 0, 16, 16 ], "texture": "#bricks", "rotation": 90 },
				"north": { "uv": [ 0, 0, 16, 16 ], "texture": "#bricks" },
				"south": { "uv": [ 0, 0, 16, 16 ], "texture": "#bricks" },
				"west": { "uv": [ 0, 0, 16, 16 ], "texture": "#bricks" },
				"east": { "uv": [ 0, 0, 16, 16 ], "texture": "#bricks" }
			}
		},
		{
			"__comment": "Bricks",
			"from": [ 19, -3, 3.5 ],
			"to": [ 25.5, 3.5, 10 ],
			"faces": {
				"down": { "uv": [ 0, 0, 16, 16 ], "texture": "#bricks", "rotation": 90 },
				"up": { "uv": [ 0, 0, 16, 16 ], "texture": "#bricks", "rotation": 90 },
				"north": { "uv": [ 0, 0, 16, 16 ], "texture": "#bricks" },
				"south": { "uv": [ 0, 0, 16, 16 ], "texture": "#bricks" },
				"west": { "uv": [ 0, 0, 16, 16 ], "texture": "#bricks" },
				"east": { "uv": [ 0, 0, 16, 16 ], "texture": "#bricks" }
			}
		},
		{
			"__comment": "Bricks",
			"from": [ 19, 3.5, 3.5 ],
			"to": [ 25.5, 10, 10 ],
			"faces": {
				"down": { "uv": [ 0, 0, 16, 16 ], "texture": "#bricks", "rotation": 90 },
				"up": { "uv": [ 0, 0, 16, 16 ], "texture": "#bricks", "rotation": 90 },
				"north": { "uv": [ 0, 0, 16, 16 ], "texture": "#bricks" },
				"south": { "uv": [ 0, 0, 16, 16 ], "texture": "#bricks" },
				"west": { "uv": [ 0, 0, 16, 16 ], "texture": "#bricks" },
				"east": { "uv": [ 0, 0, 16, 16 ], "texture": "#bricks" }
			}
		},
		{
			"__comment": "Bricks",
			"from": [ 19, -3, 10 ],
			"to": [ 25.5, 3.5, 16.5 ],
			"faces": {
				"down": { "uv": [ 0, 0, 16, 16 ], "texture": "#bricks", "rotation": 90 },
				"up": { "uv": [ 0, 0, 16, 16 ], "texture": "#bricks", "rotation": 90 },
				"north": { "uv": [ 0, 0, 16, 16 ], "texture": "#bricks" },
				"south": { "uv": [ 0, 0, 16, 16 ], "texture": "#bricks" },
				"west": { "uv": [ 0, 0, 16, 16 ], "texture": "#bricks" },
				"east": { "uv": [ 0, 0, 16, 16 ], "texture": "#bricks" }
			}
		},
		{
			"__comment": "Bricks",
			"from": [ 19, 3.5, 10 ],
			"to": [ 25.5, 10, 16.5 ],
			"faces": {
				"down": { "uv": [ 0, 0, 16, 16 ], "texture": "#bricks", "rotation": 90 },
				"up": { "uv": [ 0, 0, 16, 16 ], "texture": "#bricks", "rotation": 90 },
				"north": { "uv": [ 0, 0, 16, 16 ], "texture": "#bricks" },
				"south": { "uv": [ 0, 0, 16, 16 ], "texture": "#bricks" },
				"west": { "uv": [ 0, 0, 16, 16 ], "texture": "#bricks" },
				"east": { "uv": [ 0, 0, 16, 16 ], "texture": "#bricks" }
			}
		},
		{
			"__comment": "Bricks",
			"from": [ -0.5, 3.5, -9.5 ],
			"to": [ 6, 10, -3 ],
			"faces": {
				"down": { "uv": [ 0, 0, 16, 16 ], "texture": "#bricks", "rotation": 90 },
				"up": { "uv": [ 0, 0, 16, 16 ], "texture": "#bricks", "rotation": 90 },
				"north": { "uv": [ 0, 0, 16, 16 ], "texture": "#bricks" },
				"south": { "uv": [ 0, 0, 16, 16 ], "texture": "#bricks" },
				"west": { "uv": [ 0, 0, 16, 16 ], "texture": "#bricks" },
				"east": { "uv": [ 0, 0, 16, 16 ], "texture": "#bricks" }
			}
		},
		{
			"__comment": "Bricks",
			"from": [ -0.5, -3, -9.5 ],
			"to": [ 6, 3.5, -3 ],
			"faces": {
				"down": { "uv": [ 0, 0, 16, 16 ], "texture": "#bricks", "rotation": 90 },
				"up": { "uv": [ 0, 0, 16, 16 ], "texture": "#bricks", "rotation": 90 },
				"north": { "uv": [ 0, 0, 16, 16 ], "texture": "#bricks" },
				"south": { "uv": [ 0, 0, 16, 16 ], "texture": "#bricks" },
				"west": { "uv": [ 0, 0, 16, 16 ], "texture": "#bricks" },
				"east": { "uv": [ 0, 0, 16, 16 ], "texture": "#bricks" }
			}
		},
		{
			"__comment": "Bricks",
			"from": [ 12.5, 3.5, -9.5 ],
			"to": [ 19, 10, -3 ],
			"faces": {
				"down": { "uv": [ 0, 0, 16, 16 ], "texture": "#bricks", "rotation": 90 },
				"up": { "uv": [ 0, 0, 16, 16 ], "texture": "#bricks", "rotation": 90 },
				"north": { "uv": [ 0, 0, 16, 16 ], "texture": "#bricks" },
				"south": { "uv": [ 0, 0, 16, 16 ], "texture": "#bricks" },
				"west": { "uv": [ 0, 0, 16, 16 ], "texture": "#bricks" },
				"east": { "uv": [ 0, 0, 16, 16 ], "texture": "#bricks" }
			}
		},
		{
			"__comment": "Bricks",
			"from": [ 12.5, -3, -9.5 ],
			"to": [ 19, 3.5, -3 ],
			"faces": {
				"down": { "uv": [ 0, 0, 16, 16 ], "texture": "#bricks", "rotation": 90 },
				"up": { "uv": [ 0, 0, 16, 16 ], "texture": "#bricks", "rotation": 90 },
				"north": { "uv": [ 0, 0, 16, 16 ], "texture": "#bricks" },
				"south": { "uv": [ 0, 0, 16, 16 ], "texture": "#bricks" },
				"west": { "uv": [ 0, 0, 16, 16 ], "texture": "#bricks" },
				"east": { "uv": [ 0, 0, 16, 16 ], "texture": "#bricks" }
			}
		},
		{
			"__comment": "Bricks",
			"from": [ -0.5, 10, -9.5 ],
			"to": [ 6, 16.5, -3 ],
			"faces": {
				"down": { "uv": [ 0, 0, 16, 16 ], "texture": "#bricks", "rotation": 90 },
				"up": { "uv": [ 0, 0, 16, 16 ], "texture": "#bricks", "rotation": 90 },
				"north": { "uv": [ 0, 0, 16, 16 ], "texture": "#bricks" },
				"south": { "uv": [ 0, 0, 16, 16 ], "texture": "#bricks" },
				"west": { "uv": [ 0, 0, 16, 16 ], "texture": "#bricks" },
				"east": { "uv": [ 0, 0, 16, 16 ], "texture": "#bricks" }
			}
		},
		{
			"__comment": "Bricks",
			"from": [ 12.5, 10, -9.5 ],
			"to": [ 19, 16.5, -3 ],
			"faces": {
				"down": { "uv": [ 0, 0, 16, 16 ], "texture": "#bricks", "rotation": 90 },
				"up": { "uv": [ 0, 0, 16, 16 ], "texture": "#bricks", "rotation": 90 },
				"north": { "uv": [ 0, 0, 16, 16 ], "texture": "#bricks" },
				"south": { "uv": [ 0, 0, 16, 16 ], "texture": "#bricks" },
				"west": { "uv": [ 0, 0, 16, 16 ], "texture": "#bricks" },
				"east": { "uv": [ 0, 0, 16, 16 ], "texture": "#bricks" }
			}
		},
		{
			"__comment": "Brick Stairs",
			"from": [ 6, -3, -9.5 ],
			"to": [ 12.5, 0.25, -3 ],
			"faces": {
				"down": { "uv": [ 0, 0, 16, 16 ], "texture": "#bricks", "rotation": 90 },
				"up": { "uv": [ 0, 0, 16, 16 ], "texture": "#bricks", "rotation": 90 },
				"north": { "uv": [ 0, 8, 16, 16 ], "texture": "#bricks" },
				"south": { "uv": [ 0, 8, 16, 16 ], "texture": "#bricks" },
				"west": { "uv": [ 0, 8, 16, 16 ], "texture": "#bricks" },
				"east": { "uv": [ 0, 8, 16, 16 ], "texture": "#bricks" }
			}
		},
		{
			"__comment": "Brick Stairs",
			"from": [ 6, 0.25, -6.25 ],
			"to": [ 12.5, 3.5, -3 ],
			"faces": {
				"down": { "uv": [ 0, 0, 8, 16 ], "texture": "#bricks", "rotation": 90 },
				"up": { "uv": [ 8, 0, 16, 16 ], "texture": "#bricks", "rotation": 90 },
				"north": { "uv": [ 0, 0, 16, 8 ], "texture": "#bricks" },
				"south": { "uv": [ 0, 0, 16, 8 ], "texture": "#bricks" },
				"west": { "uv": [ 8, 0, 16, 8 ], "texture": "#bricks" },
				"east": { "uv": [ 0, 0, 8, 8 ], "texture": "#bricks" }
			}
		},
		{
			"__comment": "Brick Stairs",
			"from": [ 6, 10, -6.25 ],
			"to": [ 12.5, 13.25, -3 ],
			"faces": {
				"down": { "uv": [ 0, 0, 8, 16 ], "texture": "#bricks", "rotation": 90 },
				"up": { "uv": [ 8, 0, 16, 16 ], "texture": "#bricks", "rotation": 90 },
				"north": { "uv": [ 0, 0, 16, 8 ], "texture": "#bricks" },
				"south": { "uv": [ 0, 0, 16, 8 ], "texture": "#bricks" },
				"west": { "uv": [ 8, 8, 16, 16 ], "texture": "#bricks" },
				"east": { "uv": [ 0, 8, 8, 16 ], "texture": "#bricks" }
			}
		},
		{
			"__comment": "Brick Stairs",
			"from": [ 6, 13.25, -9.5 ],
			"to": [ 12.5, 16.5, -3 ],
			"faces": {
				"down": { "uv": [ 0, 0, 16, 16 ], "texture": "#bricks", "rotation": 90 },
				"up": { "uv": [ 0, 0, 16, 16 ], "texture": "#bricks", "rotation": 90 },
				"north": { "uv": [ 0, 0, 16, 8 ], "texture": "#bricks" },
				"south": { "uv": [ 0, 0, 16, 8 ], "texture": "#bricks" },
				"west": { "uv": [ 0, 0, 16, 8 ], "texture": "#bricks" },
				"east": { "uv": [ 0, 0, 16, 8 ], "texture": "#bricks" }
			}
		},
		{
			"__comment": "Glass Pane",
			"from": [ 6, 3.5, -6.25 ],
			"to": [ 12.5, 10, -6.249 ],
			"faces": {
				"down": { "uv": [ 7, 6, 9, 8 ], "texture": "#glass", "rotation": 90 },
				"up": { "uv": [ 7, 6, 9, 8 ], "texture": "#glass", "rotation": 90 },
				"north": { "uv": [ 0, 0, 16, 16 ], "texture": "#glass", "rotation": 90 },
				"south": { "uv": [ 0, 16, 16, 0 ], "texture": "#glass", "rotation": 90 },
				"west": { "uv": [ 7, 6, 9, 8 ], "texture": "#glass", "rotation": 90 },
				"east": { "uv": [ 7, 6, 9, 8 ], "texture": "#glass", "rotation": 90 }
			}
		},
		{
			"__comment": "Bookshelf",
			"from": [ 12.5, -3, -3 ],
			"to": [ 19, 3.5, 3.5 ],
			"faces": {
				"down": { "uv": [ 0, 0, 16, 16 ], "texture": "#oak_planks", "rotation": 90 },
				"up": { "uv": [ 0, 0, 16, 16 ], "texture": "#oak_planks", "rotation": 90 },
				"north": { "uv": [ 0, 0, 16, 16 ], "texture": "#booshelf" },
				"south": { "uv": [ 0, 0, 16, 16 ], "texture": "#booshelf" },
				"west": { "uv": [ 0, 0, 16, 16 ], "texture": "#booshelf" },
				"east": { "uv": [ 0, 0, 16, 16 ], "texture": "#booshelf" }
			}
		},
		{
			"__comment": "Bookshelf",
			"from": [ 12.5, -3, 3.5 ],
			"to": [ 19, 3.5, 10 ],
			"faces": {
				"down": { "uv": [ 0, 0, 16, 16 ], "texture": "#oak_planks", "rotation": 90 },
				"up": { "uv": [ 0, 0, 16, 16 ], "texture": "#oak_planks", "rotation": 90 },
				"north": { "uv": [ 0, 0, 16, 16 ], "texture": "#booshelf" },
				"south": { "uv": [ 0, 0, 16, 16 ], "texture": "#booshelf" },
				"west": { "uv": [ 0, 0, 16, 16 ], "texture": "#booshelf" },
				"east": { "uv": [ 0, 0, 16, 16 ], "texture": "#booshelf" }
			}
		},
		{
			"__comment": "Bookshelf",
			"from": [ 12.5, -3, 10 ],
			"to": [ 19, 3.5, 16.5 ],
			"faces": {
				"down": { "uv": [ 0, 0, 16, 16 ], "texture": "#oak_planks", "rotation": 90 },
				"up": { "uv": [ 0, 0, 16, 16 ], "texture": "#oak_planks", "rotation": 90 },
				"north": { "uv": [ 0, 0, 16, 16 ], "texture": "#booshelf" },
				"south": { "uv": [ 0, 0, 16, 16 ], "texture": "#booshelf" },
				"west": { "uv": [ 0, 0, 16, 16 ], "texture": "#booshelf" },
				"east": { "uv": [ 0, 0, 16, 16 ], "texture": "#booshelf" }
			}
		},
		{
			"__comment": "Bookshelf",
			"from": [ 12.5, 3.5, 10 ],
			"to": [ 19, 10, 16.5 ],
			"faces": {
				"down": { "uv": [ 0, 0, 16, 16 ], "texture": "#oak_planks", "rotation": 90 },
				"up": { "uv": [ 0, 0, 16, 16 ], "texture": "#oak_planks", "rotation": 90 },
				"north": { "uv": [ 0, 0, 16, 16 ], "texture": "#booshelf" },
				"south": { "uv": [ 0, 0, 16, 16 ], "texture": "#booshelf" },
				"west": { "uv": [ 0, 0, 16, 16 ], "texture": "#booshelf" },
				"east": { "uv": [ 0, 0, 16, 16 ], "texture": "#booshelf" }
			}
		},
		{
			"__comment": "Bookshelf",
			"from": [ 12.5, 3.5, -3 ],
			"to": [ 19, 10, 3.5 ],
			"faces": {
				"down": { "uv": [ 0, 0, 16, 16 ], "texture": "#oak_planks", "rotation": 90 },
				"up": { "uv": [ 0, 0, 16, 16 ], "texture": "#oak_planks", "rotation": 90 },
				"north": { "uv": [ 0, 0, 16, 16 ], "texture": "#booshelf" },
				"south": { "uv": [ 0, 0, 16, 16 ], "texture": "#booshelf" },
				"west": { "uv": [ 0, 0, 16, 16 ], "texture": "#booshelf" },
				"east": { "uv": [ 0, 0, 16, 16 ], "texture": "#booshelf" }
			}
		},
		{
			"__comment": "Bookshelf",
			"from": [ 12.5, 10, -3 ],
			"to": [ 19, 16.5, 3.5 ],
			"faces": {
				"down": { "uv": [ 0, 0, 16, 16 ], "texture": "#oak_planks", "rotation": 90 },
				"up": { "uv": [ 0, 0, 16, 16 ], "texture": "#oak_planks", "rotation": 90 },
				"north": { "uv": [ 0, 0, 16, 16 ], "texture": "#booshelf" },
				"south": { "uv": [ 0, 0, 16, 16 ], "texture": "#booshelf" },
				"west": { "uv": [ 0, 0, 16, 16 ], "texture": "#booshelf" },
				"east": { "uv": [ 0, 0, 16, 16 ], "texture": "#booshelf" }
			}
		},
		{
			"__comment": "Bookshelf",
			"from": [ 6, -3, -3 ],
			"to": [ 12.5, 3.5, 3.5 ],
			"faces": {
				"down": { "uv": [ 0, 0, 16, 16 ], "texture": "#oak_planks", "rotation": 90 },
				"up": { "uv": [ 0, 0, 16, 16 ], "texture": "#oak_planks", "rotation": 90 },
				"north": { "uv": [ 0, 0, 16, 16 ], "texture": "#booshelf" },
				"south": { "uv": [ 0, 0, 16, 16 ], "texture": "#booshelf" },
				"west": { "uv": [ 0, 0, 16, 16 ], "texture": "#booshelf" },
				"east": { "uv": [ 0, 0, 16, 16 ], "texture": "#booshelf" }
			}
		},
		{
			"__comment": "Spruce Planks",
			"from": [ 6, 16.5, -3 ],
			"to": [ 12.5, 23, 3.5 ],
			"faces": {
				"down": { "uv": [ 0, 16, 16, 0 ], "texture": "#spruce_planks", "rotation": 90 },
				"up": { "uv": [ 0, 0, 16, 16 ], "texture": "#spruce_planks", "rotation": 90 },
				"north": { "uv": [ 0, 0, 16, 16 ], "texture": "#spruce_planks" },
				"south": { "uv": [ 0, 0, 16, 16 ], "texture": "#spruce_planks" },
				"west": { "uv": [ 0, 0, 16, 16 ], "texture": "#spruce_planks" },
				"east": { "uv": [ 0, 0, 16, 16 ], "texture": "#spruce_planks" }
			}
		},
		{
			"__comment": "Spruce Planks",
			"from": [ 6, 16.5, 3.5 ],
			"to": [ 12.5, 23, 10 ],
			"faces": {
				"down": { "uv": [ 0, 16, 16, 0 ], "texture": "#spruce_planks", "rotation": 90 },
				"up": { "uv": [ 0, 0, 16, 16 ], "texture": "#spruce_planks", "rotation": 90 },
				"north": { "uv": [ 0, 0, 16, 16 ], "texture": "#spruce_planks" },
				"south": { "uv": [ 0, 0, 16, 16 ], "texture": "#spruce_planks" },
				"west": { "uv": [ 0, 0, 16, 16 ], "texture": "#spruce_planks" },
				"east": { "uv": [ 0, 0, 16, 16 ], "texture": "#spruce_planks" }
			}
		},
		{
			"__comment": "Spruce Planks",
			"from": [ 6, 16.5, 10 ],
			"to": [ 12.5, 23, 16.5 ],
			"faces": {
				"down": { "uv": [ 0, 16, 16, 0 ], "texture": "#spruce_planks", "rotation": 90 },
				"up": { "uv": [ 0, 0, 16, 16 ], "texture": "#spruce_planks", "rotation": 90 },
				"north": { "uv": [ 0, 0, 16, 16 ], "texture": "#spruce_planks" },
				"south": { "uv": [ 0, 0, 16, 16 ], "texture": "#spruce_planks" },
				"west": { "uv": [ 0, 0, 16, 16 ], "texture": "#spruce_planks" },
				"east": { "uv": [ 0, 0, 16, 16 ], "texture": "#spruce_planks" }
			}
		},
		{
			"__comment": "Spruce Planks",
			"from": [ -0.5, 16.5, -3 ],
			"to": [ 6, 23, 3.5 ],
			"faces": {
				"down": { "uv": [ 0, 16, 16, 0 ], "texture": "#spruce_planks", "rotation": 90 },
				"up": { "uv": [ 0, 0, 16, 16 ], "texture": "#spruce_planks", "rotation": 90 },
				"north": { "uv": [ 0, 0, 16, 16 ], "texture": "#spruce_planks" },
				"south": { "uv": [ 0, 0, 16, 16 ], "texture": "#spruce_planks" },
				"west": { "uv": [ 0, 0, 16, 16 ], "texture": "#spruce_planks" },
				"east": { "uv": [ 0, 0, 16, 16 ], "texture": "#spruce_planks" }
			}
		},
		{
			"__comment": "Spruce Planks",
			"from": [ -0.5, 16.5, 3.5 ],
			"to": [ 6, 23, 10 ],
			"faces": {
				"down": { "uv": [ 0, 16, 16, 0 ], "texture": "#spruce_planks", "rotation": 90 },
				"up": { "uv": [ 0, 0, 16, 16 ], "texture": "#spruce_planks", "rotation": 90 },
				"north": { "uv": [ 0, 0, 16, 16 ], "texture": "#spruce_planks" },
				"south": { "uv": [ 0, 0, 16, 16 ], "texture": "#spruce_planks" },
				"west": { "uv": [ 0, 0, 16, 16 ], "texture": "#spruce_planks" },
				"east": { "uv": [ 0, 0, 16, 16 ], "texture": "#spruce_planks" }
			}
		},
		{
			"__comment": "Spruce Planks",
			"from": [ -0.5, 16.5, 10 ],
			"to": [ 6, 23, 16.5 ],
			"faces": {
				"down": { "uv": [ 0, 16, 16, 0 ], "texture": "#spruce_planks", "rotation": 90 },
				"up": { "uv": [ 0, 0, 16, 16 ], "texture": "#spruce_planks", "rotation": 90 },
				"north": { "uv": [ 0, 0, 16, 16 ], "texture": "#spruce_planks" },
				"south": { "uv": [ 0, 0, 16, 16 ], "texture": "#spruce_planks" },
				"west": { "uv": [ 0, 0, 16, 16 ], "texture": "#spruce_planks" },
				"east": { "uv": [ 0, 0, 16, 16 ], "texture": "#spruce_planks" }
			}
		},
		{
			"__comment": "Spruce Planks",
			"from": [ 12.5, 16.5, -16 ],
			"to": [ 19, 19.75, -9.5 ],
			"faces": {
				"down": { "uv": [ 0, 16, 16, 0 ], "texture": "#spruce_planks", "rotation": 90 },
				"up": { "uv": [ 0, 0, 16, 16 ], "texture": "#spruce_planks", "rotation": 90 },
				"north": { "uv": [ 0, 8, 16, 16 ], "texture": "#spruce_planks" },
				"south": { "uv": [ 0, 8, 16, 16 ], "texture": "#spruce_planks" },
				"west": { "uv": [ 0, 8, 16, 16 ], "texture": "#spruce_planks" },
				"east": { "uv": [ 0, 8, 16, 16 ], "texture": "#spruce_planks" }
			}
		},
		{
			"__comment": "Spruce Planks",
			"from": [ 12.5, 19.75, -16 ],
			"to": [ 15.75, 23, -9.5 ],
			"faces": {
				"down": { "uv": [ 0, 8, 16, 16 ], "texture": "#spruce_planks", "rotation": 90 },
				"up": { "uv": [ 0, 8, 16, 16 ], "texture": "#spruce_planks", "rotation": 90 },
				"north": { "uv": [ 8, 0, 16, 8 ], "texture": "#spruce_planks" },
				"south": { "uv": [ 0, 0, 8, 8 ], "texture": "#spruce_planks" },
				"west": { "uv": [ 0, 0, 16, 8 ], "texture": "#spruce_planks" },
				"east": { "uv": [ 0, 0, 16, 8 ], "texture": "#spruce_planks" }
			}
		},
		{
			"__comment": "Spruce Planks",
			"from": [ 12.5, 16.5, -9.5 ],
			"to": [ 19, 19.75, -3 ],
			"faces": {
				"down": { "uv": [ 0, 0, 16, 16 ], "texture": "#spruce_planks", "rotation": 90 },
				"up": { "uv": [ 0, 0, 16, 16 ], "texture": "#spruce_planks", "rotation": 90 },
				"north": { "uv": [ 0, 8, 16, 16 ], "texture": "#spruce_planks" },
				"south": { "uv": [ 0, 8, 16, 16 ], "texture": "#spruce_planks" },
				"west": { "uv": [ 0, 8, 16, 16 ], "texture": "#spruce_planks" },
				"east": { "uv": [ 0, 8, 16, 16 ], "texture": "#spruce_planks" }
			}
		},
		{
			"__comment": "Spruce Planks",
			"from": [ 12.5, 19.75, -9.5 ],
			"to": [ 15.75, 23, -3 ],
			"faces": {
				"down": { "uv": [ 0, 8, 16, 16 ], "texture": "#spruce_planks", "rotation": 90 },
				"up": { "uv": [ 0, 8, 16, 16 ], "texture": "#spruce_planks", "rotation": 90 },
				"north": { "uv": [ 8, 0, 16, 8 ], "texture": "#spruce_planks" },
				"south": { "uv": [ 0, 0, 8, 8 ], "texture": "#spruce_planks" },
				"west": { "uv": [ 0, 0, 16, 8 ], "texture": "#spruce_planks" },
				"east": { "uv": [ 0, 0, 16, 8 ], "texture": "#spruce_planks" }
			}
		},
		{
			"__comment": "Spruce Planks",
			"from": [ 12.5, 16.5, -3 ],
			"to": [ 19, 19.75, 3.5 ],
			"faces": {
				"down": { "uv": [ 0, 0, 16, 16 ], "texture": "#spruce_planks", "rotation": 90 },
				"up": { "uv": [ 0, 0, 16, 16 ], "texture": "#spruce_planks", "rotation": 90 },
				"north": { "uv": [ 0, 8, 16, 16 ], "texture": "#spruce_planks" },
				"south": { "uv": [ 0, 8, 16, 16 ], "texture": "#spruce_planks" },
				"west": { "uv": [ 0, 8, 16, 16 ], "texture": "#spruce_planks" },
				"east": { "uv": [ 0, 8, 16, 16 ], "texture": "#spruce_planks" }
			}
		},
		{
			"__comment": "Spruce Planks",
			"from": [ 12.5, 19.75, -3 ],
			"to": [ 15.75, 23, 3.5 ],
			"faces": {
				"down": { "uv": [ 0, 8, 16, 16 ], "texture": "#spruce_planks", "rotation": 90 },
				"up": { "uv": [ 0, 8, 16, 16 ], "texture": "#spruce_planks", "rotation": 90 },
				"north": { "uv": [ 8, 0, 16, 8 ], "texture": "#spruce_planks" },
				"south": { "uv": [ 0, 0, 8, 8 ], "texture": "#spruce_planks" },
				"west": { "uv": [ 0, 0, 16, 8 ], "texture": "#spruce_planks" },
				"east": { "uv": [ 0, 0, 16, 8 ], "texture": "#spruce_planks" }
			}
		},
		{
			"__comment": "Spruce Planks",
			"from": [ 12.5, 16.5, 3.5 ],
			"to": [ 19, 19.75, 10 ],
			"faces": {
				"down": { "uv": [ 0, 16, 16, 0 ], "texture": "#spruce_planks", "rotation": 90 },
				"up": { "uv": [ 0, 0, 16, 16 ], "texture": "#spruce_planks", "rotation": 90 },
				"north": { "uv": [ 0, 8, 16, 16 ], "texture": "#spruce_planks" },
				"south": { "uv": [ 0, 8, 16, 16 ], "texture": "#spruce_planks" },
				"west": { "uv": [ 0, 8, 16, 16 ], "texture": "#spruce_planks" },
				"east": { "uv": [ 0, 8, 16, 16 ], "texture": "#spruce_planks" }
			}
		},
		{
			"__comment": "Spruce Planks",
			"from": [ 12.5, 19.75, 3.5 ],
			"to": [ 15.75, 23, 10 ],
			"faces": {
				"down": { "uv": [ 0, 8, 16, 16 ], "texture": "#spruce_planks", "rotation": 90 },
				"up": { "uv": [ 0, 8, 16, 16 ], "texture": "#spruce_planks", "rotation": 90 },
				"north": { "uv": [ 8, 0, 16, 8 ], "texture": "#spruce_planks" },
				"south": { "uv": [ 0, 0, 8, 8 ], "texture": "#spruce_planks" },
				"west": { "uv": [ 0, 0, 16, 8 ], "texture": "#spruce_planks" },
				"east": { "uv": [ 0, 0, 16, 8 ], "texture": "#spruce_planks" }
			}
		},
		{
			"__comment": "Spruce Planks",
			"from": [ 12.5, 16.5, 10 ],
			"to": [ 19, 19.75, 16.5 ],
			"faces": {
				"down": { "uv": [ 0, 16, 16, 0 ], "texture": "#spruce_planks", "rotation": 90 },
				"up": { "uv": [ 0, 0, 16, 16 ], "texture": "#spruce_planks", "rotation": 90 },
				"north": { "uv": [ 0, 8, 16, 16 ], "texture": "#spruce_planks" },
				"south": { "uv": [ 0, 8, 16, 16 ], "texture": "#spruce_planks" },
				"west": { "uv": [ 0, 8, 16, 16 ], "texture": "#spruce_planks" },
				"east": { "uv": [ 0, 8, 16, 16 ], "texture": "#spruce_planks" }
			}
		},
		{
			"__comment": "Spruce Planks",
			"from": [ 12.5, 19.75, 10 ],
			"to": [ 15.75, 23, 16.5 ],
			"faces": {
				"down": { "uv": [ 0, 8, 16, 16 ], "texture": "#spruce_planks", "rotation": 90 },
				"up": { "uv": [ 0, 8, 16, 16 ], "texture": "#spruce_planks", "rotation": 90 },
				"north": { "uv": [ 8, 0, 16, 8 ], "texture": "#spruce_planks" },
				"south": { "uv": [ 0, 0, 8, 8 ], "texture": "#spruce_planks" },
				"west": { "uv": [ 0, 0, 16, 8 ], "texture": "#spruce_planks" },
				"east": { "uv": [ 0, 0, 16, 8 ], "texture": "#spruce_planks" }
			}
		},
		{
			"__comment": "Spruce Planks",
			"from": [ 19, 16.5, 10 ],
			"to": [ 25.5, 19.75, 16.5 ],
			"faces": {
				"down": { "uv": [ 0, 0, 16, 16 ], "texture": "#spruce_planks", "rotation": 90 },
				"up": { "uv": [ 0, 0, 16, 16 ], "texture": "#spruce_planks", "rotation": 90 },
				"north": { "uv": [ 0, 8, 16, 16 ], "texture": "#spruce_planks" },
				"south": { "uv": [ 0, 8, 16, 16 ], "texture": "#spruce_planks" },
				"west": { "uv": [ 0, 8, 16, 16 ], "texture": "#spruce_planks" },
				"east": { "uv": [ 0, 8, 16, 16 ], "texture": "#spruce_planks" }
			}
		},
		{
			"__comment": "Spruce Planks",
			"from": [ 22.25, 13.25, 6.75 ],
			"to": [ 25.5, 16.5, 10 ],
			"faces": {
				"down": { "uv": [ 0, 8, 16, 16 ], "texture": "#spruce_planks", "rotation": 90 },
				"up": { "uv": [ 8, 0, 16, 8 ], "texture": "#spruce_planks", "rotation": 90 },
				"north": { "uv": [ 0, 0, 8, 8 ], "texture": "#spruce_planks" },
				"south": { "uv": [ 8, 0, 16, 8 ], "texture": "#spruce_planks" },
				"west": { "uv": [ 0, 0, 8, 8 ], "texture": "#spruce_planks" },
				"east": { "uv": [ 0, 0, 8, 8 ], "texture": "#spruce_planks" }
			}
		},
		{
			"__comment": "Spruce Planks",
			"from": [ 19, 10, 3.5 ],
			"to": [ 25.5, 13.25, 10 ],
			"faces": {
				"down": { "uv": [ 0, 0, 16, 16 ], "texture": "#spruce_planks", "rotation": 90 },
				"up": { "uv": [ 0, 0, 16, 16 ], "texture": "#spruce_planks", "rotation": 90 },
				"north": { "uv": [ 0, 8, 16, 16 ], "texture": "#spruce_planks" },
				"south": { "uv": [ 0, 8, 16, 16 ], "texture": "#spruce_planks" },
				"west": { "uv": [ 0, 8, 16, 16 ], "texture": "#spruce_planks" },
				"east": { "uv": [ 0, 8, 16, 16 ], "texture": "#spruce_planks" }
			}
		},
		{
			"__comment": "Spruce Planks",
			"from": [ 19, 13.25, 3.5 ],
			"to": [ 22.25, 16.5, 10 ],
			"faces": {
				"down": { "uv": [ 0, 8, 16, 16 ], "texture": "#spruce_planks", "rotation": 90 },
				"up": { "uv": [ 0, 8, 16, 16 ], "texture": "#spruce_planks", "rotation": 90 },
				"north": { "uv": [ 8, 0, 16, 8 ], "texture": "#spruce_planks" },
				"south": { "uv": [ 0, 0, 8, 8 ], "texture": "#spruce_planks" },
				"west": { "uv": [ 0, 0, 16, 8 ], "texture": "#spruce_planks" },
				"east": { "uv": [ 0, 0, 16, 8 ], "texture": "#spruce_planks" }
			}
		},
		{
			"__comment": "Spruce Planks",
			"from": [ 19, 10, -3 ],
			"to": [ 25.5, 13.25, 3.5 ],
			"faces": {
				"down": { "uv": [ 0, 0, 16, 16 ], "texture": "#spruce_planks", "rotation": 90 },
				"up": { "uv": [ 0, 0, 16, 16 ], "texture": "#spruce_planks", "rotation": 90 },
				"north": { "uv": [ 0, 8, 16, 16 ], "texture": "#spruce_planks" },
				"south": { "uv": [ 0, 8, 16, 16 ], "texture": "#spruce_planks" },
				"west": { "uv": [ 0, 8, 16, 16 ], "texture": "#spruce_planks" },
				"east": { "uv": [ 0, 8, 16, 16 ], "texture": "#spruce_planks" }
			}
		},
		{
			"__comment": "Spruce Planks",
			"from": [ 19, 13.25, -3 ],
			"to": [ 22.25, 16.5, 3.5 ],
			"faces": {
				"down": { "uv": [ 0, 8, 16, 16 ], "texture": "#spruce_planks", "rotation": 90 },
				"up": { "uv": [ 0, 8, 16, 16 ], "texture": "#spruce_planks", "rotation": 90 },
				"north": { "uv": [ 8, 0, 16, 8 ], "texture": "#spruce_planks" },
				"south": { "uv": [ 0, 0, 8, 8 ], "texture": "#spruce_planks" },
				"west": { "uv": [ 0, 0, 16, 8 ], "texture": "#spruce_planks" },
				"east": { "uv": [ 0, 0, 16, 8 ], "texture": "#spruce_planks" }
			}
		},
		{
			"__comment": "Spruce Planks",
			"from": [ 19, 10, -9.5 ],
			"to": [ 25.5, 13.25, -3 ],
			"faces": {
				"down": { "uv": [ 0, 0, 16, 16 ], "texture": "#spruce_planks", "rotation": 90 },
				"up": { "uv": [ 0, 0, 16, 16 ], "texture": "#spruce_planks", "rotation": 90 },
				"north": { "uv": [ 0, 8, 16, 16 ], "texture": "#spruce_planks" },
				"south": { "uv": [ 0, 8, 16, 16 ], "texture": "#spruce_planks" },
				"west": { "uv": [ 0, 8, 16, 16 ], "texture": "#spruce_planks" },
				"east": { "uv": [ 0, 8, 16, 16 ], "texture": "#spruce_planks" }
			}
		},
		{
			"__comment": "Spruce Planks",
			"from": [ 19, 13.25, -9.5 ],
			"to": [ 22.25, 16.5, -3 ],
			"faces": {
				"down": { "uv": [ 0, 8, 16, 16 ], "texture": "#spruce_planks", "rotation": 90 },
				"up": { "uv": [ 0, 8, 16, 16 ], "texture": "#spruce_planks", "rotation": 90 },
				"north": { "uv": [ 8, 0, 16, 8 ], "texture": "#spruce_planks" },
				"south": { "uv": [ 0, 0, 8, 8 ], "texture": "#spruce_planks" },
				"west": { "uv": [ 0, 0, 16, 8 ], "texture": "#spruce_planks" },
				"east": { "uv": [ 0, 0, 16, 8 ], "texture": "#spruce_planks" }
			}
		},
		{
			"__comment": "Spruce Planks",
			"from": [ 19, 10, -16 ],
			"to": [ 25.5, 13.25, -9.5 ],
			"faces": {
				"down": { "uv": [ 0, 0, 16, 16 ], "texture": "#spruce_planks", "rotation": 90 },
				"up": { "uv": [ 0, 0, 16, 16 ], "texture": "#spruce_planks", "rotation": 90 },
				"north": { "uv": [ 0, 8, 16, 16 ], "texture": "#spruce_planks" },
				"south": { "uv": [ 0, 8, 16, 16 ], "texture": "#spruce_planks" },
				"west": { "uv": [ 0, 8, 16, 16 ], "texture": "#spruce_planks" },
				"east": { "uv": [ 0, 8, 16, 16 ], "texture": "#spruce_planks" }
			}
		},
		{
			"__comment": "Spruce Planks",
			"from": [ 19, 13.25, -16 ],
			"to": [ 22.25, 16.5, -9.5 ],
			"faces": {
				"down": { "uv": [ 0, 8, 16, 16 ], "texture": "#spruce_planks", "rotation": 90 },
				"up": { "uv": [ 0, 8, 16, 16 ], "texture": "#spruce_planks", "rotation": 90 },
				"north": { "uv": [ 8, 0, 16, 8 ], "texture": "#spruce_planks" },
				"south": { "uv": [ 0, 0, 8, 8 ], "texture": "#spruce_planks" },
				"west": { "uv": [ 0, 0, 16, 8 ], "texture": "#spruce_planks" },
				"east": { "uv": [ 0, 0, 16, 8 ], "texture": "#spruce_planks" }
			}
		},
		{
			"__comment": "Spruce Planks",
			"from": [ 25.5, 3.5, 10 ],
			"to": [ 32, 6.75, 16.5 ],
			"faces": {
				"down": { "uv": [ 0, 16, 16, 0 ], "texture": "#spruce_planks", "rotation": 90 },
				"up": { "uv": [ 0, 0, 16, 16 ], "texture": "#spruce_planks", "rotation": 90 },
				"north": { "uv": [ 0, 8, 16, 16 ], "texture": "#spruce_planks" },
				"south": { "uv": [ 0, 8, 16, 16 ], "texture": "#spruce_planks" },
				"west": { "uv": [ 0, 8, 16, 16 ], "texture": "#spruce_planks" },
				"east": { "uv": [ 0, 8, 16, 16 ], "texture": "#spruce_planks" }
			}
		},
		{
			"__comment": "Spruce Planks",
			"from": [ 25.5, 6.75, 10 ],
			"to": [ 28.75, 10, 16.5 ],
			"faces": {
				"down": { "uv": [ 0, 8, 16, 16 ], "texture": "#spruce_planks", "rotation": 90 },
				"up": { "uv": [ 0, 8, 16, 16 ], "texture": "#spruce_planks", "rotation": 90 },
				"north": { "uv": [ 8, 0, 16, 8 ], "texture": "#spruce_planks" },
				"south": { "uv": [ 0, 0, 8, 8 ], "texture": "#spruce_planks" },
				"west": { "uv": [ 0, 0, 16, 8 ], "texture": "#spruce_planks" },
				"east": { "uv": [ 0, 0, 16, 8 ], "texture": "#spruce_planks" }
			}
		},
		{
			"__comment": "Spruce Planks",
			"from": [ 25.5, 3.5, 3.5 ],
			"to": [ 32, 6.75, 10 ],
			"faces": {
				"down": { "uv": [ 0, 16, 16, 0 ], "texture": "#spruce_planks", "rotation": 90 },
				"up": { "uv": [ 0, 0, 16, 16 ], "texture": "#spruce_planks", "rotation": 90 },
				"north": { "uv": [ 0, 8, 16, 16 ], "texture": "#spruce_planks" },
				"south": { "uv": [ 0, 8, 16, 16 ], "texture": "#spruce_planks" },
				"west": { "uv": [ 0, 8, 16, 16 ], "texture": "#spruce_planks" },
				"east": { "uv": [ 0, 8, 16, 16 ], "texture": "#spruce_planks" }
			}
		},
		{
			"__comment": "Spruce Planks",
			"from": [ 25.5, 6.75, 3.5 ],
			"to": [ 28.75, 10, 10 ],
			"faces": {
				"down": { "uv": [ 0, 8, 16, 16 ], "texture": "#spruce_planks", "rotation": 90 },
				"up": { "uv": [ 0, 8, 16, 16 ], "texture": "#spruce_planks", "rotation": 90 },
				"north": { "uv": [ 8, 0, 16, 8 ], "texture": "#spruce_planks" },
				"south": { "uv": [ 0, 0, 8, 8 ], "texture": "#spruce_planks" },
				"west": { "uv": [ 0, 0, 16, 8 ], "texture": "#spruce_planks" },
				"east": { "uv": [ 0, 0, 16, 8 ], "texture": "#spruce_planks" }
			}
		},
		{
			"__comment": "Spruce Planks",
			"from": [ 25.5, 3.5, -3 ],
			"to": [ 32, 6.75, 3.5 ],
			"faces": {
				"down": { "uv": [ 0, 16, 16, 0 ], "texture": "#spruce_planks", "rotation": 90 },
				"up": { "uv": [ 0, 0, 16, 16 ], "texture": "#spruce_planks", "rotation": 90 },
				"north": { "uv": [ 0, 8, 16, 16 ], "texture": "#spruce_planks" },
				"south": { "uv": [ 0, 8, 16, 16 ], "texture": "#spruce_planks" },
				"west": { "uv": [ 0, 8, 16, 16 ], "texture": "#spruce_planks" },
				"east": { "uv": [ 0, 8, 16, 16 ], "texture": "#spruce_planks" }
			}
		},
		{
			"__comment": "Spruce Planks",
			"from": [ 25.5, 6.75, -3 ],
			"to": [ 28.75, 10, 3.5 ],
			"faces": {
				"down": { "uv": [ 0, 8, 16, 16 ], "texture": "#spruce_planks", "rotation": 90 },
				"up": { "uv": [ 0, 8, 16, 16 ], "texture": "#spruce_planks", "rotation": 90 },
				"north": { "uv": [ 8, 0, 16, 8 ], "texture": "#spruce_planks" },
				"south": { "uv": [ 0, 0, 8, 8 ], "texture": "#spruce_planks" },
				"west": { "uv": [ 0, 0, 16, 8 ], "texture": "#spruce_planks" },
				"east": { "uv": [ 0, 0, 16, 8 ], "texture": "#spruce_planks" }
			}
		},
		{
			"__comment": "Spruce Planks",
			"from": [ 25.5, 3.5, -9.5 ],
			"to": [ 32, 6.75, -3 ],
			"faces": {
				"down": { "uv": [ 0, 16, 16, 0 ], "texture": "#spruce_planks", "rotation": 90 },
				"up": { "uv": [ 0, 0, 16, 16 ], "texture": "#spruce_planks", "rotation": 90 },
				"north": { "uv": [ 0, 8, 16, 16 ], "texture": "#spruce_planks" },
				"south": { "uv": [ 0, 8, 16, 16 ], "texture": "#spruce_planks" },
				"west": { "uv": [ 0, 8, 16, 16 ], "texture": "#spruce_planks" },
				"east": { "uv": [ 0, 8, 16, 16 ], "texture": "#spruce_planks" }
			}
		},
		{
			"__comment": "Spruce Planks",
			"from": [ 25.5, 6.75, -9.5 ],
			"to": [ 28.75, 10, -3 ],
			"faces": {
				"down": { "uv": [ 0, 8, 16, 16 ], "texture": "#spruce_planks", "rotation": 90 },
				"up": { "uv": [ 0, 8, 16, 16 ], "texture": "#spruce_planks", "rotation": 90 },
				"north": { "uv": [ 8, 0, 16, 8 ], "texture": "#spruce_planks" },
				"south": { "uv": [ 0, 0, 8, 8 ], "texture": "#spruce_planks" },
				"west": { "uv": [ 0, 0, 16, 8 ], "texture": "#spruce_planks" },
				"east": { "uv": [ 0, 0, 16, 8 ], "texture": "#spruce_planks" }
			}
		},
		{
			"__comment": "Spruce Planks",
			"from": [ 25.5, 3.5, -16 ],
			"to": [ 32, 6.75, -9.5 ],
			"faces": {
				"down": { "uv": [ 0, 16, 16, 0 ], "texture": "#spruce_planks", "rotation": 90 },
				"up": { "uv": [ 0, 0, 16, 16 ], "texture": "#spruce_planks", "rotation": 90 },
				"north": { "uv": [ 0, 8, 16, 16 ], "texture": "#spruce_planks" },
				"south": { "uv": [ 0, 8, 16, 16 ], "texture": "#spruce_planks" },
				"west": { "uv": [ 0, 8, 16, 16 ], "texture": "#spruce_planks" },
				"east": { "uv": [ 0, 8, 16, 16 ], "texture": "#spruce_planks" }
			}
		},
		{
			"__comment": "Spruce Planks",
			"from": [ 25.5, 6.75, -16 ],
			"to": [ 28.75, 10, -9.5 ],
			"faces": {
				"down": { "uv": [ 0, 8, 16, 16 ], "texture": "#spruce_planks", "rotation": 90 },
				"up": { "uv": [ 0, 8, 16, 16 ], "texture": "#spruce_planks", "rotation": 90 },
				"north": { "uv": [ 8, 0, 16, 8 ], "texture": "#spruce_planks" },
				"south": { "uv": [ 0, 0, 8, 8 ], "texture": "#spruce_planks" },
				"west": { "uv": [ 0, 0, 16, 8 ], "texture": "#spruce_planks" },
				"east": { "uv": [ 0, 0, 16, 8 ], "texture": "#spruce_planks" }
			}
		},
		{
			"__comment": "Spruce Planks",
			"from": [ 6, 23, 10 ],
			"to": [ 12.5, 26.25, 16.5 ],
			"faces": {
				"down": { "uv": [ 0, 0, 16, 16 ], "texture": "#spruce_planks", "rotation": 90 },
				"up": { "uv": [ 0, 0, 16, 16 ], "texture": "#spruce_planks", "rotation": 90 },
				"north": { "uv": [ 0, 8, 16, 16 ], "texture": "#spruce_planks" },
				"south": { "uv": [ 0, 8, 16, 16 ], "texture": "#spruce_planks" },
				"west": { "uv": [ 0, 8, 16, 16 ], "texture": "#spruce_planks" },
				"east": { "uv": [ 0, 8, 16, 16 ], "texture": "#spruce_planks" }
			}
		},
		{
			"__comment": "Spruce Planks",
			"from": [ 6, 26.25, 10 ],
			"to": [ 9.25, 29.5, 16.5 ],
			"faces": {
				"down": { "uv": [ 0, 8, 16, 16 ], "texture": "#spruce_planks", "rotation": 90 },
				"up": { "uv": [ 0, 8, 16, 16 ], "texture": "#spruce_planks", "rotation": 90 },
				"north": { "uv": [ 8, 0, 16, 8 ], "texture": "#spruce_planks" },
				"south": { "uv": [ 0, 0, 8, 8 ], "texture": "#spruce_planks" },
				"west": { "uv": [ 0, 0, 16, 8 ], "texture": "#spruce_planks" },
				"east": { "uv": [ 0, 0, 16, 8 ], "texture": "#spruce_planks" }
			}
		},
		{
			"__comment": "Spruce Planks",
			"from": [ 6, 23, 3.5 ],
			"to": [ 12.5, 26.25, 10 ],
			"faces": {
				"down": { "uv": [ 0, 0, 16, 16 ], "texture": "#spruce_planks", "rotation": 90 },
				"up": { "uv": [ 0, 0, 16, 16 ], "texture": "#spruce_planks", "rotation": 90 },
				"north": { "uv": [ 0, 8, 16, 16 ], "texture": "#spruce_planks" },
				"south": { "uv": [ 0, 8, 16, 16 ], "texture": "#spruce_planks" },
				"west": { "uv": [ 0, 8, 16, 16 ], "texture": "#spruce_planks" },
				"east": { "uv": [ 0, 8, 16, 16 ], "texture": "#spruce_planks" }
			}
		},
		{
			"__comment": "Spruce Planks",
			"from": [ 6, 26.25, 3.5 ],
			"to": [ 9.25, 29.5, 10 ],
			"faces": {
				"down": { "uv": [ 0, 8, 16, 16 ], "texture": "#spruce_planks", "rotation": 90 },
				"up": { "uv": [ 0, 8, 16, 16 ], "texture": "#spruce_planks", "rotation": 90 },
				"north": { "uv": [ 8, 0, 16, 8 ], "texture": "#spruce_planks" },
				"south": { "uv": [ 0, 0, 8, 8 ], "texture": "#spruce_planks" },
				"west": { "uv": [ 0, 0, 16, 8 ], "texture": "#spruce_planks" },
				"east": { "uv": [ 0, 0, 16, 8 ], "texture": "#spruce_planks" }
			}
		},
		{
			"__comment": "Spruce Planks",
			"from": [ 6, 23, -3 ],
			"to": [ 12.5, 26.25, 3.5 ],
			"faces": {
				"down": { "uv": [ 0, 0, 16, 16 ], "texture": "#spruce_planks", "rotation": 90 },
				"up": { "uv": [ 0, 0, 16, 16 ], "texture": "#spruce_planks", "rotation": 90 },
				"north": { "uv": [ 0, 8, 16, 16 ], "texture": "#spruce_planks" },
				"south": { "uv": [ 0, 8, 16, 16 ], "texture": "#spruce_planks" },
				"west": { "uv": [ 0, 8, 16, 16 ], "texture": "#spruce_planks" },
				"east": { "uv": [ 0, 8, 16, 16 ], "texture": "#spruce_planks" }
			}
		},
		{
			"__comment": "Spruce Planks",
			"from": [ 6, 26.25, -3 ],
			"to": [ 9.25, 29.5, 3.5 ],
			"faces": {
				"down": { "uv": [ 0, 8, 16, 16 ], "texture": "#spruce_planks", "rotation": 90 },
				"up": { "uv": [ 0, 8, 16, 16 ], "texture": "#spruce_planks", "rotation": 90 },
				"north": { "uv": [ 8, 0, 16, 8 ], "texture": "#spruce_planks" },
				"south": { "uv": [ 0, 0, 8, 8 ], "texture": "#spruce_planks" },
				"west": { "uv": [ 0, 0, 16, 8 ], "texture": "#spruce_planks" },
				"east": { "uv": [ 0, 0, 16, 8 ], "texture": "#spruce_planks" }
			}
		},
		{
			"__comment": "Spruce Planks",
			"from": [ 6, 23, -9.5 ],
			"to": [ 12.5, 26.25, -3 ],
			"faces": {
				"down": { "uv": [ 0, 0, 16, 16 ], "texture": "#spruce_planks", "rotation": 90 },
				"up": { "uv": [ 0, 0, 16, 16 ], "texture": "#spruce_planks", "rotation": 90 },
				"north": { "uv": [ 0, 8, 16, 16 ], "texture": "#spruce_planks" },
				"south": { "uv": [ 0, 8, 16, 16 ], "texture": "#spruce_planks" },
				"west": { "uv": [ 0, 8, 16, 16 ], "texture": "#spruce_planks" },
				"east": { "uv": [ 0, 8, 16, 16 ], "texture": "#spruce_planks" }
			}
		},
		{
			"__comment": "Spruce Planks",
			"from": [ 6, 26.25, -9.5 ],
			"to": [ 9.25, 29.5, -3 ],
			"faces": {
				"down": { "uv": [ 0, 8, 16, 16 ], "texture": "#spruce_planks", "rotation": 90 },
				"up": { "uv": [ 0, 8, 16, 16 ], "texture": "#spruce_planks", "rotation": 90 },
				"north": { "uv": [ 8, 0, 16, 8 ], "texture": "#spruce_planks" },
				"south": { "uv": [ 0, 0, 8, 8 ], "texture": "#spruce_planks" },
				"west": { "uv": [ 0, 0, 16, 8 ], "texture": "#spruce_planks" },
				"east": { "uv": [ 0, 0, 16, 8 ], "texture": "#spruce_planks" }
			}
		},
		{
			"__comment": "Spruce Planks",
			"from": [ 6, 23, -16 ],
			"to": [ 12.5, 26.25, -9.5 ],
			"faces": {
				"down": { "uv": [ 0, 16, 16, 0 ], "texture": "#spruce_planks", "rotation": 90 },
				"up": { "uv": [ 0, 0, 16, 16 ], "texture": "#spruce_planks", "rotation": 90 },
				"north": { "uv": [ 0, 8, 16, 16 ], "texture": "#spruce_planks" },
				"south": { "uv": [ 0, 8, 16, 16 ], "texture": "#spruce_planks" },
				"west": { "uv": [ 0, 8, 16, 16 ], "texture": "#spruce_planks" },
				"east": { "uv": [ 0, 8, 16, 16 ], "texture": "#spruce_planks" }
			}
		},
		{
			"__comment": "Spruce Planks",
			"from": [ 6, 26.25, -16 ],
			"to": [ 9.25, 29.5, -9.5 ],
			"faces": {
				"down": { "uv": [ 0, 8, 16, 16 ], "texture": "#spruce_planks", "rotation": 90 },
				"up": { "uv": [ 0, 8, 16, 16 ], "texture": "#spruce_planks", "rotation": 90 },
				"north": { "uv": [ 8, 0, 16, 8 ], "texture": "#spruce_planks" },
				"south": { "uv": [ 0, 0, 8, 8 ], "texture": "#spruce_planks" },
				"west": { "uv": [ 0, 0, 16, 8 ], "texture": "#spruce_planks" },
				"east": { "uv": [ 0, 0, 16, 8 ], "texture": "#spruce_planks" }
			}
		},
		{
			"__comment": "Oak Planks",
			"from": [ -0.5, 16.5, -9.5 ],
			"to": [ 6, 23, -3 ],
			"faces": {
				"down": { "uv": [ 0, 0, 16, 16 ], "texture": "#oak_planks", "rotation": 270 },
				"up": { "uv": [ 0, 0, 16, 16 ], "texture": "#oak_planks", "rotation": 90 },
				"north": { "uv": [ 0, 0, 16, 16 ], "texture": "#oak_planks" },
				"south": { "uv": [ 0, 0, 16, 16 ], "texture": "#oak_planks" },
				"west": { "uv": [ 0, 0, 16, 16 ], "texture": "#oak_planks" },
				"east": { "uv": [ 0, 0, 16, 16 ], "texture": "#oak_planks" }
			}
		},
		{
			"__comment": "Oak Planks",
			"from": [ -0.5, 23, -9.5 ],
			"to": [ 6, 29.5, -3 ],
			"faces": {
				"down": { "uv": [ 0, 0, 16, 16 ], "texture": "#oak_planks", "rotation": 270 },
				"up": { "uv": [ 0, 0, 16, 16 ], "texture": "#oak_planks", "rotation": 90 },
				"north": { "uv": [ 0, 0, 16, 16 ], "texture": "#oak_planks" },
				"south": { "uv": [ 0, 0, 16, 16 ], "texture": "#oak_planks" },
				"west": { "uv": [ 0, 0, 16, 16 ], "texture": "#oak_planks" },
				"east": { "uv": [ 0, 0, 16, 16 ], "texture": "#oak_planks" }
			}
		},
		{
			"__comment": "Oak Planks",
			"from": [ 6, 16.5, -9.5 ],
			"to": [ 12.5, 23, -3 ],
			"faces": {
				"down": { "uv": [ 0, 0, 16, 16 ], "texture": "#oak_planks", "rotation": 270 },
				"up": { "uv": [ 0, 0, 16, 16 ], "texture": "#oak_planks", "rotation": 90 },
				"north": { "uv": [ 0, 0, 16, 16 ], "texture": "#oak_planks" },
				"south": { "uv": [ 0, 0, 16, 16 ], "texture": "#oak_planks" },
				"west": { "uv": [ 0, 0, 16, 16 ], "texture": "#oak_planks" },
				"east": { "uv": [ 0, 0, 16, 16 ], "texture": "#oak_planks" }
			}
		},
		{
			"__comment": "Spruce Planks",
			"from": [ 19, 6.75, -16 ],
			"to": [ 25.5, 10, -9.5 ],
			"faces": {
				"down": { "uv": [ 0, 16, 16, 0 ], "texture": "#spruce_planks", "rotation": 90 },
				"up": { "uv": [ 0, 0, 16, 16 ], "texture": "#spruce_planks", "rotation": 90 },
				"north": { "uv": [ 0, 0, 16, 8 ], "texture": "#spruce_planks" },
				"south": { "uv": [ 0, 0, 16, 8 ], "texture": "#spruce_planks" },
				"west": { "uv": [ 0, 0, 16, 8 ], "texture": "#spruce_planks" },
				"east": { "uv": [ 0, 0, 16, 8 ], "texture": "#spruce_planks" }
			}
		},
		{
			"__comment": "Spruce Planks",
			"from": [ 22.25, 3.5, -16 ],
			"to": [ 25.5, 6.75, -9.5 ],
			"faces": {
				"down": { "uv": [ 0, 16, 16, 8 ], "texture": "#spruce_planks", "rotation": 90 },
				"up": { "uv": [ 0, 0, 16, 16 ], "texture": "#spruce_planks", "rotation": 90 },
				"north": { "uv": [ 0, 8, 8, 16 ], "texture": "#spruce_planks" },
				"south": { "uv": [ 8, 8, 16, 16 ], "texture": "#spruce_planks" },
				"west": { "uv": [ 0, 8, 16, 16 ], "texture": "#spruce_planks" },
				"east": { "uv": [ 0, 8, 16, 16 ], "texture": "#spruce_planks" }
			}
		},
		{
			"__comment": "Spruce Planks",
			"from": [ 15.75, 10, -16 ],
			"to": [ 19, 13.25, -9.5 ],
			"faces": {
				"down": { "uv": [ 0, 16, 16, 8 ], "texture": "#spruce_planks", "rotation": 90 },
				"up": { "uv": [ 0, 0, 16, 16 ], "texture": "#spruce_planks", "rotation": 90 },
				"north": { "uv": [ 0, 8, 8, 16 ], "texture": "#spruce_planks" },
				"south": { "uv": [ 8, 8, 16, 16 ], "texture": "#spruce_planks" },
				"west": { "uv": [ 0, 8, 16, 16 ], "texture": "#spruce_planks" },
				"east": { "uv": [ 0, 8, 16, 16 ], "texture": "#spruce_planks" }
			}
		},
		{
			"__comment": "Spruce Planks",
			"from": [ 12.5, 13.25, -16 ],
			"to": [ 19, 16.5, -9.5 ],
			"faces": {
				"down": { "uv": [ 0, 16, 16, 0 ], "texture": "#spruce_planks", "rotation": 90 },
				"up": { "uv": [ 0, 0, 16, 16 ], "texture": "#spruce_planks", "rotation": 90 },
				"north": { "uv": [ 0, 0, 16, 8 ], "texture": "#spruce_planks" },
				"south": { "uv": [ 0, 0, 16, 8 ], "texture": "#spruce_planks" },
				"west": { "uv": [ 0, 0, 16, 8 ], "texture": "#spruce_planks" },
				"east": { "uv": [ 0, 0, 16, 8 ], "texture": "#spruce_planks" }
			}
		},
		{
			"__comment": "Spruce Planks",
			"from": [ 9.25, 16.5, -16 ],
			"to": [ 12.5, 19.75, -9.5 ],
			"faces": {
				"down": { "uv": [ 0, 16, 16, 8 ], "texture": "#spruce_planks", "rotation": 90 },
				"up": { "uv": [ 0, 0, 16, 16 ], "texture": "#spruce_planks", "rotation": 90 },
				"north": { "uv": [ 0, 8, 8, 16 ], "texture": "#spruce_planks" },
				"south": { "uv": [ 8, 8, 16, 16 ], "texture": "#spruce_planks" },
				"west": { "uv": [ 0, 8, 16, 16 ], "texture": "#spruce_planks" },
				"east": { "uv": [ 0, 8, 16, 16 ], "texture": "#spruce_planks" }
			}
		},
		{
			"__comment": "Spruce Planks",
			"from": [ 6, 19.75, -16 ],
			"to": [ 12.5, 23, -9.5 ],
			"faces": {
				"down": { "uv": [ 0, 16, 16, 0 ], "texture": "#spruce_planks", "rotation": 90 },
				"up": { "uv": [ 0, 0, 16, 16 ], "texture": "#spruce_planks", "rotation": 90 },
				"north": { "uv": [ 0, 0, 16, 8 ], "texture": "#spruce_planks" },
				"south": { "uv": [ 0, 0, 16, 8 ], "texture": "#spruce_planks" },
				"west": { "uv": [ 0, 0, 16, 8 ], "texture": "#spruce_planks" },
				"east": { "uv": [ 0, 0, 16, 8 ], "texture": "#spruce_planks" }
			}
		},
		{
			"__comment": "Spruce Planks",
			"from": [ 2.75, 23, -16 ],
			"to": [ 6, 26.25, -9.5 ],
			"faces": {
				"down": { "uv": [ 0, 16, 16, 8 ], "texture": "#spruce_planks", "rotation": 90 },
				"up": { "uv": [ 0, 0, 16, 16 ], "texture": "#spruce_planks", "rotation": 90 },
				"north": { "uv": [ 0, 8, 8, 16 ], "texture": "#spruce_planks" },
				"south": { "uv": [ 8, 8, 16, 16 ], "texture": "#spruce_planks" },
				"west": { "uv": [ 0, 8, 16, 16 ], "texture": "#spruce_planks" },
				"east": { "uv": [ 0, 8, 16, 16 ], "texture": "#spruce_planks" }
			}
		},
		{
			"__comment": "Spruce Planks",
			"from": [ -0.5, 26.25, -16 ],
			"to": [ 6, 29.5, -9.5 ],
			"faces": {
				"down": { "uv": [ 0, 16, 16, 0 ], "texture": "#spruce_planks", "rotation": 90 },
				"up": { "uv": [ 0, 0, 16, 16 ], "texture": "#spruce_planks", "rotation": 90 },
				"north": { "uv": [ 0, 0, 16, 8 ], "texture": "#spruce_planks" },
				"south": { "uv": [ 0, 0, 16, 8 ], "texture": "#spruce_planks" },
				"west": { "uv": [ 0, 0, 16, 8 ], "texture": "#spruce_planks" },
				"east": { "uv": [ 0, 0, 16, 8 ], "texture": "#spruce_planks" }
			}
		},
		{
			"__comment": "Glass Pane",
			"from": [ 22.499, 10, 10 ],
			"to": [ 22.5, 16.5, 16.5 ],
			"faces": {
				"down": { "uv": [ 7, 6, 9, 8 ], "texture": "#glass" },
				"up": { "uv": [ 7, 6, 9, 8 ], "texture": "#glass", "rotation": 180 },
				"north": { "uv": [ 7, 6, 9, 8 ], "texture": "#glass", "rotation": 90 },
				"south": { "uv": [ 7, 6, 9, 8 ], "texture": "#glass", "rotation": 90 },
				"west": { "uv": [ 0, 16, 16, 0 ], "texture": "#glass", "rotation": 90 },
				"east": { "uv": [ 0, 0, 16, 16 ], "texture": "#glass", "rotation": 90 }
			}
		}
	],
	"display": {
		"head": {
			"translation":  [ 46.3, 51.3, -46.3 ],
			"scale":  [ 3.94, 3.94, 3.94 ]
		}
	}
}