{
	"__comment": "Designed by Mcmakistein with Cubik Studio - https://cubik.studio",
	"textures": {
		"particle": "custom/cmd_block",
		"stone_brick": "custom/stone_bricks",
		"cobblestone": "custom/cobblestone",
		"glass": "custom/glass",
		"andesite": "custom/polished_andesite",
		"smooth_stone": "custom/smooth_stone",
		"smooth_stone_side": "custom/smooth_stone_slab_side",
		"oak_planks": "custom/oak_planks",
		"birch_planks": "custom/birch_planks",
		"door_top": "custom/oak_door_top",
		"door_bottom": "custom/oak_door_bottom",
		"oak_leaves": "custom/oak_leaves",
		"oak_log_top": "custom/oak_log_top",
		"oak_log_side": "custom/oak_log",
		"bricks": "custom/bricks",
		"booshelf": "custom/bookshelf",
		"spruce_planks": "custom/spruce_planks"
	},
	"elements": [ 	 
		{
			"__comment": "Cobblestone",
			"from": [ 18.125, 22.25, -5.375 ],
			"to": [ 21.375, 28.75, -2.125 ],
			"faces": {
				"down": { "uv": [ 0, 0, 16, 16 ], "texture": "#cobblestone", "rotation": 90 },
				"up": { "uv": [ 0, 0, 16, 16 ], "texture": "#cobblestone", "rotation": 90 },
				"north": { "uv": [ 4, 0, 12, 16 ], "texture": "#cobblestone" },
				"south": { "uv": [ 4, 0, 12, 16 ], "texture": "#cobblestone" },
				"west": { "uv": [ 4, 0, 12, 16 ], "texture": "#cobblestone" },
				"east": { "uv": [ 4, 0, 12, 16 ], "texture": "#cobblestone" }
			}
		},
		{
			"__comment": "Cobblestone",
			"from": [ 16.5, 28.75, -7 ],
			"to": [ 23, 32, -0.5 ],
			"faces": {
				"down": { "uv": [ 0, 0, 16, 16 ], "texture": "#cobblestone", "rotation": 90 },
				"up": { "uv": [ 0, 0, 16, 16 ], "texture": "#cobblestone", "rotation": 90 },
				"north": { "uv": [ 0, 8, 16, 16 ], "texture": "#cobblestone" },
				"south": { "uv": [ 0, 8, 16, 16 ], "texture": "#cobblestone" },
				"west": { "uv": [ 0, 8, 16, 16 ], "texture": "#cobblestone" },
				"east": { "uv": [ 0, 8, 16, 16 ], "texture": "#cobblestone" }
			}
		}
	],
	"display": {
		"head": {
			"translation":  [ -46.3, 79.9, 46.3 ],
			"scale":  [ 3.94, 3.94, 3.94 ]
		}
	}
}