{
	"__comment": "Designed by Mcmakistein with Cubik Studio - https://cubik.studio",
	"textures": {
		"particle": "custom/cmd_block",
		"stone_brick": "custom/stone_bricks",
		"cobblestone": "custom/cobblestone",
		"glass": "custom/glass",
		"andesite": "custom/polished_andesite",
		"smooth_stone": "custom/smooth_stone",
		"smooth_stone_side": "custom/smooth_stone_slab_side",
		"oak_planks": "custom/oak_planks",
		"birch_planks": "custom/birch_planks",
		"door_top": "custom/oak_door_top",
		"door_bottom": "custom/oak_door_bottom",
		"oak_leaves": "custom/oak_leaves",
		"oak_log_top": "custom/oak_log_top",
		"oak_log_side": "custom/oak_log",
		"bricks": "custom/bricks",
		"booshelf": "custom/bookshelf",
		"spruce_planks": "custom/spruce_planks"
	},
	"elements": [ 	 
		{
			"__comment": "Leaves2",
			"from": [ -3, -16, 19 ],
			"to": [ 3.5, -9.5, 25.5 ],
			"faces": {
				"down": { "uv": [ 0, 0, 16, 16 ], "texture": "#oak_leaves", "rotation": 270 },
				"up": { "uv": [ 0, 0, 16, 16 ], "texture": "#oak_leaves", "rotation": 90 },
				"north": { "uv": [ 0, 0, 16, 16 ], "texture": "#oak_leaves" },
				"south": { "uv": [ 0, 0, 16, 16 ], "texture": "#oak_leaves" },
				"west": { "uv": [ 0, 0, 16, 16 ], "texture": "#oak_leaves" },
				"east": { "uv": [ 0, 0, 16, 16 ], "texture": "#oak_leaves" }
			}
		},
		{
			"__comment": "Leaves",
			"from": [ 3.5, -16, 19 ],
			"to": [ 10, -9.5, 25.5 ],
			"faces": {
				"down": { "uv": [ 0, 0, 16, 16 ], "texture": "#oak_leaves", "rotation": 270 },
				"up": { "uv": [ 0, 0, 16, 16 ], "texture": "#oak_leaves", "rotation": 90 },
				"north": { "uv": [ 0, 0, 16, 16 ], "texture": "#oak_leaves" },
				"south": { "uv": [ 0, 0, 16, 16 ], "texture": "#oak_leaves" },
				"west": { "uv": [ 0, 0, 16, 16 ], "texture": "#oak_leaves" },
				"east": { "uv": [ 0, 0, 16, 16 ], "texture": "#oak_leaves" }
			}
		},
		{
			"__comment": "Leaves1",
			"from": [ 10, -16, 19 ],
			"to": [ 16.5, -9.5, 25.5 ],
			"faces": {
				"down": { "uv": [ 0, 0, 16, 16 ], "texture": "#oak_leaves", "rotation": 270 },
				"up": { "uv": [ 0, 0, 16, 16 ], "texture": "#oak_leaves", "rotation": 90 },
				"north": { "uv": [ 0, 0, 16, 16 ], "texture": "#oak_leaves" },
				"south": { "uv": [ 0, 0, 16, 16 ], "texture": "#oak_leaves" },
				"west": { "uv": [ 0, 0, 16, 16 ], "texture": "#oak_leaves" },
				"east": { "uv": [ 0, 0, 16, 16 ], "texture": "#oak_leaves" }
			}
		},
		{
			"__comment": "Leaves26",
			"from": [ 16.5, -16, 12.5 ],
			"to": [ 23, -9.5, 19 ],
			"faces": {
				"down": { "uv": [ 0, 0, 16, 16 ], "texture": "#oak_leaves", "rotation": 270 },
				"up": { "uv": [ 0, 0, 16, 16 ], "texture": "#oak_leaves", "rotation": 90 },
				"north": { "uv": [ 0, 0, 16, 16 ], "texture": "#oak_leaves" },
				"south": { "uv": [ 0, 0, 16, 16 ], "texture": "#oak_leaves" },
				"west": { "uv": [ 0, 0, 16, 16 ], "texture": "#oak_leaves" },
				"east": { "uv": [ 0, 0, 16, 16 ], "texture": "#oak_leaves" }
			}
		},
		{
			"__comment": "Leaves25",
			"from": [ 16.5, -16, 6 ],
			"to": [ 23, -9.5, 12.5 ],
			"faces": {
				"down": { "uv": [ 0, 0, 16, 16 ], "texture": "#oak_leaves", "rotation": 270 },
				"up": { "uv": [ 0, 0, 16, 16 ], "texture": "#oak_leaves", "rotation": 90 },
				"north": { "uv": [ 0, 0, 16, 16 ], "texture": "#oak_leaves" },
				"south": { "uv": [ 0, 0, 16, 16 ], "texture": "#oak_leaves" },
				"west": { "uv": [ 0, 0, 16, 16 ], "texture": "#oak_leaves" },
				"east": { "uv": [ 0, 0, 16, 16 ], "texture": "#oak_leaves" }
			}
		},
		{
			"__comment": "Stone Bricks",
			"from": [ -3, -16, 12.5 ],
			"to": [ 3.5, -9.5, 19 ],
			"faces": {
				"down": { "uv": [ 0, 0, 16, 16 ], "texture": "#stone_brick" },
				"up": { "uv": [ 0, 0, 16, 16 ], "texture": "#stone_brick" },
				"north": { "uv": [ 0, 0, 16, 16 ], "texture": "#stone_brick" },
				"south": { "uv": [ 0, 0, 16, 16 ], "texture": "#stone_brick" },
				"west": { "uv": [ 0, 0, 16, 16 ], "texture": "#stone_brick" },
				"east": { "uv": [ 0, 0, 16, 16 ], "texture": "#stone_brick" }
			}
		},
		{
			"__comment": "Stone Bricks",
			"from": [ -3, -16, 6 ],
			"to": [ 3.5, -9.5, 12.5 ],
			"faces": {
				"down": { "uv": [ 0, 0, 16, 16 ], "texture": "#stone_brick" },
				"up": { "uv": [ 0, 0, 16, 16 ], "texture": "#stone_brick" },
				"north": { "uv": [ 0, 0, 16, 16 ], "texture": "#stone_brick" },
				"south": { "uv": [ 0, 0, 16, 16 ], "texture": "#stone_brick" },
				"west": { "uv": [ 0, 0, 16, 16 ], "texture": "#stone_brick" },
				"east": { "uv": [ 0, 0, 16, 16 ], "texture": "#stone_brick" }
			}
		},
		{
			"__comment": "Stone Bricks",
			"from": [ 10, -16, 12.5 ],
			"to": [ 16.5, -9.5, 19 ],
			"faces": {
				"down": { "uv": [ 0, 0, 16, 16 ], "texture": "#stone_brick" },
				"up": { "uv": [ 0, 0, 16, 16 ], "texture": "#stone_brick" },
				"north": { "uv": [ 0, 0, 16, 16 ], "texture": "#stone_brick" },
				"south": { "uv": [ 0, 0, 16, 16 ], "texture": "#stone_brick" },
				"west": { "uv": [ 0, 0, 16, 16 ], "texture": "#stone_brick" },
				"east": { "uv": [ 0, 0, 16, 16 ], "texture": "#stone_brick" }
			}
		},
		{
			"__comment": "Stone Bricks",
			"from": [ 10, -16, 6 ],
			"to": [ 16.5, -9.5, 12.5 ],
			"faces": {
				"down": { "uv": [ 0, 0, 16, 16 ], "texture": "#stone_brick" },
				"up": { "uv": [ 0, 0, 16, 16 ], "texture": "#stone_brick" },
				"north": { "uv": [ 0, 0, 16, 16 ], "texture": "#stone_brick" },
				"south": { "uv": [ 0, 0, 16, 16 ], "texture": "#stone_brick" },
				"west": { "uv": [ 0, 0, 16, 16 ], "texture": "#stone_brick" },
				"east": { "uv": [ 0, 0, 16, 16 ], "texture": "#stone_brick" }
			}
		},
		{
			"__comment": "Stone Bricks",
			"from": [ 3.5, -16, 12.5 ],
			"to": [ 10, -9.5, 19 ],
			"faces": {
				"down": { "uv": [ 0, 0, 16, 16 ], "texture": "#stone_brick" },
				"up": { "uv": [ 0, 0, 16, 16 ], "texture": "#stone_brick" },
				"north": { "uv": [ 0, 0, 16, 16 ], "texture": "#stone_brick" },
				"south": { "uv": [ 0, 0, 16, 16 ], "texture": "#stone_brick" },
				"west": { "uv": [ 0, 0, 16, 16 ], "texture": "#stone_brick" },
				"east": { "uv": [ 0, 0, 16, 16 ], "texture": "#stone_brick" }
			}
		},
		{
			"__comment": "Stone Bricks",
			"from": [ 3.5, -16, 6 ],
			"to": [ 10, -9.5, 12.5 ],
			"faces": {
				"down": { "uv": [ 0, 0, 16, 16 ], "texture": "#stone_brick" },
				"up": { "uv": [ 0, 0, 16, 16 ], "texture": "#stone_brick" },
				"north": { "uv": [ 0, 0, 16, 16 ], "texture": "#stone_brick" },
				"south": { "uv": [ 0, 0, 16, 16 ], "texture": "#stone_brick" },
				"west": { "uv": [ 0, 0, 16, 16 ], "texture": "#stone_brick" },
				"east": { "uv": [ 0, 0, 16, 16 ], "texture": "#stone_brick" }
			}
		},
		{
			"__comment": "Oak Log",
			"from": [ 16.5, -16, 19 ],
			"to": [ 23, -9.5, 25.5 ],
			"faces": {
				"down": { "uv": [ 0, 0, 16, 16 ], "texture": "#oak_log_top" },
				"up": { "uv": [ 0, 0, 16, 16 ], "texture": "#oak_log_top" },
				"north": { "uv": [ 0, 0, 16, 16 ], "texture": "#oak_log_side" },
				"south": { "uv": [ 0, 0, 16, 16 ], "texture": "#oak_log_side" },
				"west": { "uv": [ 0, 0, 16, 16 ], "texture": "#oak_log_side" },
				"east": { "uv": [ 0, 0, 16, 16 ], "texture": "#oak_log_side" }
			}
		},
		{
			"__comment": "Oak Log",
			"from": [ 16.5, -9.5, 19 ],
			"to": [ 23, -3, 25.5 ],
			"faces": {
				"down": { "uv": [ 0, 0, 16, 16 ], "texture": "#oak_log_top" },
				"up": { "uv": [ 0, 0, 16, 16 ], "texture": "#oak_log_top" },
				"north": { "uv": [ 0, 0, 16, 16 ], "texture": "#oak_log_side" },
				"south": { "uv": [ 0, 0, 16, 16 ], "texture": "#oak_log_side" },
				"west": { "uv": [ 0, 0, 16, 16 ], "texture": "#oak_log_side" },
				"east": { "uv": [ 0, 0, 16, 16 ], "texture": "#oak_log_side" }
			}
		},
		{
			"__comment": "Oak Log",
			"from": [ 16.5, -3, 19 ],
			"to": [ 23, 3.5, 25.5 ],
			"faces": {
				"down": { "uv": [ 0, 0, 16, 16 ], "texture": "#oak_log_top" },
				"up": { "uv": [ 0, 0, 16, 16 ], "texture": "#oak_log_top" },
				"north": { "uv": [ 0, 0, 16, 16 ], "texture": "#oak_log_side" },
				"south": { "uv": [ 0, 0, 16, 16 ], "texture": "#oak_log_side" },
				"west": { "uv": [ 0, 0, 16, 16 ], "texture": "#oak_log_side" },
				"east": { "uv": [ 0, 0, 16, 16 ], "texture": "#oak_log_side" }
			}
		},
		{
			"__comment": "Oak Log",
			"from": [ 16.5, 3.5, 19 ],
			"to": [ 23, 10, 25.5 ],
			"faces": {
				"down": { "uv": [ 0, 0, 16, 16 ], "texture": "#oak_log_top" },
				"up": { "uv": [ 0, 0, 16, 16 ], "texture": "#oak_log_top" },
				"north": { "uv": [ 0, 0, 16, 16 ], "texture": "#oak_log_side" },
				"south": { "uv": [ 0, 0, 16, 16 ], "texture": "#oak_log_side" },
				"west": { "uv": [ 0, 0, 16, 16 ], "texture": "#oak_log_side" },
				"east": { "uv": [ 0, 0, 16, 16 ], "texture": "#oak_log_side" }
			}
		},
		{
			"__comment": "Oak Planks",
			"from": [ 10, -9.5, 12.5 ],
			"to": [ 16.5, -3, 19 ],
			"faces": {
				"down": { "uv": [ 0, 0, 16, 16 ], "texture": "#oak_planks", "rotation": 270 },
				"up": { "uv": [ 0, 0, 16, 16 ], "texture": "#oak_planks", "rotation": 90 },
				"north": { "uv": [ 0, 0, 16, 16 ], "texture": "#oak_planks" },
				"south": { "uv": [ 0, 0, 16, 16 ], "texture": "#oak_planks" },
				"west": { "uv": [ 0, 0, 16, 16 ], "texture": "#oak_planks" },
				"east": { "uv": [ 0, 0, 16, 16 ], "texture": "#oak_planks" }
			}
		},
		{
			"__comment": "Oak Planks",
			"from": [ 10, -9.5, 6 ],
			"to": [ 16.5, -3, 12.5 ],
			"faces": {
				"down": { "uv": [ 0, 0, 16, 16 ], "texture": "#oak_planks", "rotation": 270 },
				"up": { "uv": [ 0, 0, 16, 16 ], "texture": "#oak_planks", "rotation": 90 },
				"north": { "uv": [ 0, 0, 16, 16 ], "texture": "#oak_planks" },
				"south": { "uv": [ 0, 0, 16, 16 ], "texture": "#oak_planks" },
				"west": { "uv": [ 0, 0, 16, 16 ], "texture": "#oak_planks" },
				"east": { "uv": [ 0, 0, 16, 16 ], "texture": "#oak_planks" }
			}
		},
		{
			"__comment": "Oak Planks",
			"from": [ 3.5, -9.5, 6 ],
			"to": [ 10, -3, 12.5 ],
			"faces": {
				"down": { "uv": [ 0, 0, 16, 16 ], "texture": "#oak_planks", "rotation": 270 },
				"up": { "uv": [ 0, 0, 16, 16 ], "texture": "#oak_planks", "rotation": 90 },
				"north": { "uv": [ 0, 0, 16, 16 ], "texture": "#oak_planks" },
				"south": { "uv": [ 0, 0, 16, 16 ], "texture": "#oak_planks" },
				"west": { "uv": [ 0, 0, 16, 16 ], "texture": "#oak_planks" },
				"east": { "uv": [ 0, 0, 16, 16 ], "texture": "#oak_planks" }
			}
		},
		{
			"__comment": "Oak Planks",
			"from": [ 3.5, -9.5, 12.5 ],
			"to": [ 10, -3, 19 ],
			"faces": {
				"down": { "uv": [ 0, 0, 16, 16 ], "texture": "#oak_planks", "rotation": 270 },
				"up": { "uv": [ 0, 0, 16, 16 ], "texture": "#oak_planks", "rotation": 90 },
				"north": { "uv": [ 0, 0, 16, 16 ], "texture": "#oak_planks" },
				"south": { "uv": [ 0, 0, 16, 16 ], "texture": "#oak_planks" },
				"west": { "uv": [ 0, 0, 16, 16 ], "texture": "#oak_planks" },
				"east": { "uv": [ 0, 0, 16, 16 ], "texture": "#oak_planks" }
			}
		},
		{
			"__comment": "Oak Planks",
			"from": [ -3, -9.5, 6 ],
			"to": [ 3.5, -3, 12.5 ],
			"faces": {
				"down": { "uv": [ 0, 0, 16, 16 ], "texture": "#oak_planks", "rotation": 270 },
				"up": { "uv": [ 0, 0, 16, 16 ], "texture": "#oak_planks", "rotation": 90 },
				"north": { "uv": [ 0, 0, 16, 16 ], "texture": "#oak_planks" },
				"south": { "uv": [ 0, 0, 16, 16 ], "texture": "#oak_planks" },
				"west": { "uv": [ 0, 0, 16, 16 ], "texture": "#oak_planks" },
				"east": { "uv": [ 0, 0, 16, 16 ], "texture": "#oak_planks" }
			}
		},
		{
			"__comment": "Oak Planks",
			"from": [ -3, -9.5, 12.5 ],
			"to": [ 3.5, -3, 19 ],
			"faces": {
				"down": { "uv": [ 0, 0, 16, 16 ], "texture": "#oak_planks", "rotation": 270 },
				"up": { "uv": [ 0, 0, 16, 16 ], "texture": "#oak_planks", "rotation": 90 },
				"north": { "uv": [ 0, 0, 16, 16 ], "texture": "#oak_planks" },
				"south": { "uv": [ 0, 0, 16, 16 ], "texture": "#oak_planks" },
				"west": { "uv": [ 0, 0, 16, 16 ], "texture": "#oak_planks" },
				"east": { "uv": [ 0, 0, 16, 16 ], "texture": "#oak_planks" }
			}
		},
		{
			"__comment": "Oak Planks",
			"from": [ 16.5, -9.5, 12.5 ],
			"to": [ 19.75, -6.25, 19 ],
			"faces": {
				"down": { "uv": [ 0, 0, 16, 8 ], "texture": "#oak_planks", "rotation": 270 },
				"up": { "uv": [ 0, 0, 16, 8 ], "texture": "#oak_planks", "rotation": 270 },
				"north": { "uv": [ 8, 8, 16, 16 ], "texture": "#oak_planks" },
				"south": { "uv": [ 0, 8, 8, 16 ], "texture": "#oak_planks" },
				"west": { "uv": [ 0, 8, 16, 16 ], "texture": "#oak_planks" },
				"east": { "uv": [ 0, 8, 16, 16 ], "texture": "#oak_planks" }
			}
		},
		{
			"__comment": "Oak Planks",
			"from": [ 16.5, -6.25, 12.5 ],
			"to": [ 23, -3, 19 ],
			"faces": {
				"down": { "uv": [ 0, 0, 16, 16 ], "texture": "#oak_planks", "rotation": 270 },
				"up": { "uv": [ 0, 0, 16, 16 ], "texture": "#oak_planks", "rotation": 90 },
				"north": { "uv": [ 0, 0, 16, 8 ], "texture": "#oak_planks" },
				"south": { "uv": [ 0, 0, 16, 8 ], "texture": "#oak_planks" },
				"west": { "uv": [ 0, 0, 16, 8 ], "texture": "#oak_planks" },
				"east": { "uv": [ 0, 0, 16, 8 ], "texture": "#oak_planks" }
			}
		},
		{
			"__comment": "Oak Planks",
			"from": [ 16.5, -9.5, 6 ],
			"to": [ 19.75, -6.25, 12.5 ],
			"faces": {
				"down": { "uv": [ 0, 0, 16, 8 ], "texture": "#oak_planks", "rotation": 270 },
				"up": { "uv": [ 0, 0, 16, 8 ], "texture": "#oak_planks", "rotation": 270 },
				"north": { "uv": [ 8, 8, 16, 16 ], "texture": "#oak_planks" },
				"south": { "uv": [ 0, 8, 8, 16 ], "texture": "#oak_planks" },
				"west": { "uv": [ 0, 8, 16, 16 ], "texture": "#oak_planks" },
				"east": { "uv": [ 0, 8, 16, 16 ], "texture": "#oak_planks" }
			}
		},
		{
			"__comment": "Oak Planks",
			"from": [ 16.5, -6.25, 6 ],
			"to": [ 23, -3, 12.5 ],
			"faces": {
				"down": { "uv": [ 0, 0, 16, 16 ], "texture": "#oak_planks", "rotation": 270 },
				"up": { "uv": [ 0, 0, 16, 16 ], "texture": "#oak_planks", "rotation": 90 },
				"north": { "uv": [ 0, 0, 16, 8 ], "texture": "#oak_planks" },
				"south": { "uv": [ 0, 0, 16, 8 ], "texture": "#oak_planks" },
				"west": { "uv": [ 0, 0, 16, 8 ], "texture": "#oak_planks" },
				"east": { "uv": [ 0, 0, 16, 8 ], "texture": "#oak_planks" }
			}
		},
		{
			"__comment": "Oak Planks",
			"from": [ -3, -9.5, 19 ],
			"to": [ 3.5, -6.25, 22.25 ],
			"faces": {
				"down": { "uv": [ 0, 0, 16, 16 ], "texture": "#oak_planks", "rotation": 270 },
				"up": { "uv": [ 0, 0, 16, 16 ], "texture": "#oak_planks", "rotation": 90 },
				"north": { "uv": [ 0, 8, 16, 16 ], "texture": "#oak_planks" },
				"south": { "uv": [ 0, 8, 16, 16 ], "texture": "#oak_planks" },
				"west": { "uv": [ 0, 8, 8, 16 ], "texture": "#oak_planks" },
				"east": { "uv": [ 8, 8, 16, 16 ], "texture": "#oak_planks" }
			}
		},
		{
			"__comment": "Oak Planks",
			"from": [ -3, -6.25, 19 ],
			"to": [ 3.5, -3, 25.5 ],
			"faces": {
				"down": { "uv": [ 0, 0, 16, 16 ], "texture": "#oak_planks", "rotation": 270 },
				"up": { "uv": [ 0, 0, 16, 16 ], "texture": "#oak_planks", "rotation": 90 },
				"north": { "uv": [ 0, 0, 16, 8 ], "texture": "#oak_planks" },
				"south": { "uv": [ 0, 0, 16, 8 ], "texture": "#oak_planks" },
				"west": { "uv": [ 0, 0, 16, 8 ], "texture": "#oak_planks" },
				"east": { "uv": [ 0, 0, 16, 8 ], "texture": "#oak_planks" }
			}
		},
		{
			"__comment": "Oak Planks",
			"from": [ 3.5, -9.5, 19 ],
			"to": [ 10, -6.25, 22.25 ],
			"faces": {
				"down": { "uv": [ 0, 0, 16, 16 ], "texture": "#oak_planks", "rotation": 270 },
				"up": { "uv": [ 0, 0, 16, 16 ], "texture": "#oak_planks", "rotation": 90 },
				"north": { "uv": [ 0, 8, 16, 16 ], "texture": "#oak_planks" },
				"south": { "uv": [ 0, 8, 16, 16 ], "texture": "#oak_planks" },
				"west": { "uv": [ 0, 8, 8, 16 ], "texture": "#oak_planks" },
				"east": { "uv": [ 8, 8, 16, 16 ], "texture": "#oak_planks" }
			}
		},
		{
			"__comment": "Oak Planks",
			"from": [ 3.5, -6.25, 19 ],
			"to": [ 10, -3, 25.5 ],
			"faces": {
				"down": { "uv": [ 0, 0, 16, 16 ], "texture": "#oak_planks", "rotation": 270 },
				"up": { "uv": [ 0, 0, 16, 16 ], "texture": "#oak_planks", "rotation": 90 },
				"north": { "uv": [ 0, 0, 16, 8 ], "texture": "#oak_planks" },
				"south": { "uv": [ 0, 0, 16, 8 ], "texture": "#oak_planks" },
				"west": { "uv": [ 0, 0, 16, 8 ], "texture": "#oak_planks" },
				"east": { "uv": [ 0, 0, 16, 8 ], "texture": "#oak_planks" }
			}
		},
		{
			"__comment": "Oak Planks",
			"from": [ 10, -9.5, 19 ],
			"to": [ 16.5, -6.25, 22.25 ],
			"faces": {
				"down": { "uv": [ 0, 0, 16, 16 ], "texture": "#oak_planks", "rotation": 270 },
				"up": { "uv": [ 0, 0, 16, 16 ], "texture": "#oak_planks", "rotation": 90 },
				"north": { "uv": [ 0, 8, 16, 16 ], "texture": "#oak_planks" },
				"south": { "uv": [ 0, 8, 16, 16 ], "texture": "#oak_planks" },
				"west": { "uv": [ 0, 8, 8, 16 ], "texture": "#oak_planks" },
				"east": { "uv": [ 8, 8, 16, 16 ], "texture": "#oak_planks" }
			}
		},
		{
			"__comment": "Oak Planks",
			"from": [ 10, -6.25, 19 ],
			"to": [ 16.5, -3, 25.5 ],
			"faces": {
				"down": { "uv": [ 0, 0, 16, 16 ], "texture": "#oak_planks", "rotation": 270 },
				"up": { "uv": [ 0, 0, 16, 16 ], "texture": "#oak_planks", "rotation": 90 },
				"north": { "uv": [ 0, 0, 16, 8 ], "texture": "#oak_planks" },
				"south": { "uv": [ 0, 0, 16, 8 ], "texture": "#oak_planks" },
				"west": { "uv": [ 0, 0, 16, 8 ], "texture": "#oak_planks" },
				"east": { "uv": [ 0, 0, 16, 8 ], "texture": "#oak_planks" }
			}
		},
		{
			"__comment": "Bricks",
			"from": [ 16.5, 3.5, 6 ],
			"to": [ 23, 10, 12.5 ],
			"faces": {
				"down": { "uv": [ 0, 0, 16, 16 ], "texture": "#bricks", "rotation": 90 },
				"up": { "uv": [ 0, 0, 16, 16 ], "texture": "#bricks", "rotation": 90 },
				"north": { "uv": [ 0, 0, 16, 16 ], "texture": "#bricks" },
				"south": { "uv": [ 0, 0, 16, 16 ], "texture": "#bricks" },
				"west": { "uv": [ 0, 0, 16, 16 ], "texture": "#bricks" },
				"east": { "uv": [ 0, 0, 16, 16 ], "texture": "#bricks" }
			}
		},
		{
			"__comment": "Bricks",
			"from": [ 16.5, -3, 6 ],
			"to": [ 23, 3.5, 12.5 ],
			"faces": {
				"down": { "uv": [ 0, 0, 16, 16 ], "texture": "#bricks", "rotation": 90 },
				"up": { "uv": [ 0, 0, 16, 16 ], "texture": "#bricks", "rotation": 90 },
				"north": { "uv": [ 0, 0, 16, 16 ], "texture": "#bricks" },
				"south": { "uv": [ 0, 0, 16, 16 ], "texture": "#bricks" },
				"west": { "uv": [ 0, 0, 16, 16 ], "texture": "#bricks" },
				"east": { "uv": [ 0, 0, 16, 16 ], "texture": "#bricks" }
			}
		},
		{
			"__comment": "Bricks",
			"from": [ 16.5, -3, 12.5 ],
			"to": [ 23, 3.5, 19 ],
			"faces": {
				"down": { "uv": [ 0, 0, 16, 16 ], "texture": "#bricks", "rotation": 90 },
				"up": { "uv": [ 0, 0, 16, 16 ], "texture": "#bricks", "rotation": 90 },
				"north": { "uv": [ 0, 0, 16, 16 ], "texture": "#bricks" },
				"south": { "uv": [ 0, 0, 16, 16 ], "texture": "#bricks" },
				"west": { "uv": [ 0, 0, 16, 16 ], "texture": "#bricks" },
				"east": { "uv": [ 0, 0, 16, 16 ], "texture": "#bricks" }
			}
		},
		{
			"__comment": "Bricks",
			"from": [ 16.5, 3.5, 12.5 ],
			"to": [ 23, 10, 19 ],
			"faces": {
				"down": { "uv": [ 0, 0, 16, 16 ], "texture": "#bricks", "rotation": 90 },
				"up": { "uv": [ 0, 0, 16, 16 ], "texture": "#bricks", "rotation": 90 },
				"north": { "uv": [ 0, 0, 16, 16 ], "texture": "#bricks" },
				"south": { "uv": [ 0, 0, 16, 16 ], "texture": "#bricks" },
				"west": { "uv": [ 0, 0, 16, 16 ], "texture": "#bricks" },
				"east": { "uv": [ 0, 0, 16, 16 ], "texture": "#bricks" }
			}
		},
		{
			"__comment": "Bricks",
			"from": [ -3, 3.5, 19 ],
			"to": [ 3.5, 10, 25.5 ],
			"faces": {
				"down": { "uv": [ 0, 0, 16, 16 ], "texture": "#bricks", "rotation": 90 },
				"up": { "uv": [ 0, 0, 16, 16 ], "texture": "#bricks", "rotation": 90 },
				"north": { "uv": [ 0, 0, 16, 16 ], "texture": "#bricks" },
				"south": { "uv": [ 0, 0, 16, 16 ], "texture": "#bricks" },
				"west": { "uv": [ 0, 0, 16, 16 ], "texture": "#bricks" },
				"east": { "uv": [ 0, 0, 16, 16 ], "texture": "#bricks" }
			}
		},
		{
			"__comment": "Bricks",
			"from": [ -3, -3, 19 ],
			"to": [ 3.5, 3.5, 25.5 ],
			"faces": {
				"down": { "uv": [ 0, 0, 16, 16 ], "texture": "#bricks", "rotation": 90 },
				"up": { "uv": [ 0, 0, 16, 16 ], "texture": "#bricks", "rotation": 90 },
				"north": { "uv": [ 0, 0, 16, 16 ], "texture": "#bricks" },
				"south": { "uv": [ 0, 0, 16, 16 ], "texture": "#bricks" },
				"west": { "uv": [ 0, 0, 16, 16 ], "texture": "#bricks" },
				"east": { "uv": [ 0, 0, 16, 16 ], "texture": "#bricks" }
			}
		},
		{
			"__comment": "Bricks",
			"from": [ 10, 3.5, 19 ],
			"to": [ 16.5, 10, 25.5 ],
			"faces": {
				"down": { "uv": [ 0, 0, 16, 16 ], "texture": "#bricks", "rotation": 90 },
				"up": { "uv": [ 0, 0, 16, 16 ], "texture": "#bricks", "rotation": 90 },
				"north": { "uv": [ 0, 0, 16, 16 ], "texture": "#bricks" },
				"south": { "uv": [ 0, 0, 16, 16 ], "texture": "#bricks" },
				"west": { "uv": [ 0, 0, 16, 16 ], "texture": "#bricks" },
				"east": { "uv": [ 0, 0, 16, 16 ], "texture": "#bricks" }
			}
		},
		{
			"__comment": "Bricks",
			"from": [ 10, 10, 19 ],
			"to": [ 16.5, 16.5, 25.5 ],
			"faces": {
				"down": { "uv": [ 0, 0, 16, 16 ], "texture": "#bricks", "rotation": 90 },
				"up": { "uv": [ 0, 0, 16, 16 ], "texture": "#bricks", "rotation": 90 },
				"north": { "uv": [ 0, 0, 16, 16 ], "texture": "#bricks" },
				"south": { "uv": [ 0, 0, 16, 16 ], "texture": "#bricks" },
				"west": { "uv": [ 0, 0, 16, 16 ], "texture": "#bricks" },
				"east": { "uv": [ 0, 0, 16, 16 ], "texture": "#bricks" }
			}
		},
		{
			"__comment": "Bricks",
			"from": [ -3, 10, 19 ],
			"to": [ 3.5, 16.5, 25.5 ],
			"faces": {
				"down": { "uv": [ 0, 0, 16, 16 ], "texture": "#bricks", "rotation": 90 },
				"up": { "uv": [ 0, 0, 16, 16 ], "texture": "#bricks", "rotation": 90 },
				"north": { "uv": [ 0, 0, 16, 16 ], "texture": "#bricks" },
				"south": { "uv": [ 0, 0, 16, 16 ], "texture": "#bricks" },
				"west": { "uv": [ 0, 0, 16, 16 ], "texture": "#bricks" },
				"east": { "uv": [ 0, 0, 16, 16 ], "texture": "#bricks" }
			}
		},
		{
			"__comment": "Bricks",
			"from": [ 10, -3, 19 ],
			"to": [ 16.5, 3.5, 25.5 ],
			"faces": {
				"down": { "uv": [ 0, 0, 16, 16 ], "texture": "#bricks", "rotation": 90 },
				"up": { "uv": [ 0, 0, 16, 16 ], "texture": "#bricks", "rotation": 90 },
				"north": { "uv": [ 0, 0, 16, 16 ], "texture": "#bricks" },
				"south": { "uv": [ 0, 0, 16, 16 ], "texture": "#bricks" },
				"west": { "uv": [ 0, 0, 16, 16 ], "texture": "#bricks" },
				"east": { "uv": [ 0, 0, 16, 16 ], "texture": "#bricks" }
			}
		},
		{
			"__comment": "Brick Stairs",
			"from": [ 3.5, -3, 19 ],
			"to": [ 10, 0.25, 25.5 ],
			"faces": {
				"down": { "uv": [ 0, 0, 16, 16 ], "texture": "#bricks", "rotation": 90 },
				"up": { "uv": [ 0, 0, 16, 16 ], "texture": "#bricks", "rotation": 90 },
				"north": { "uv": [ 0, 8, 16, 16 ], "texture": "#bricks" },
				"south": { "uv": [ 0, 8, 16, 16 ], "texture": "#bricks" },
				"west": { "uv": [ 0, 8, 16, 16 ], "texture": "#bricks" },
				"east": { "uv": [ 0, 8, 16, 16 ], "texture": "#bricks" }
			}
		},
		{
			"__comment": "Brick Stairs",
			"from": [ 3.5, 0.25, 19 ],
			"to": [ 10, 3.5, 22.25 ],
			"faces": {
				"down": { "uv": [ 0, 0, 8, 16 ], "texture": "#bricks", "rotation": 90 },
				"up": { "uv": [ 0, 0, 8, 16 ], "texture": "#bricks", "rotation": 90 },
				"north": { "uv": [ 0, 0, 16, 8 ], "texture": "#bricks" },
				"south": { "uv": [ 0, 0, 16, 8 ], "texture": "#bricks" },
				"west": { "uv": [ 0, 0, 8, 8 ], "texture": "#bricks" },
				"east": { "uv": [ 8, 0, 16, 8 ], "texture": "#bricks" }
			}
		},
		{
			"__comment": "Brick Stairs",
			"from": [ 3.5, 13.25, 19 ],
			"to": [ 10, 16.5, 25.5 ],
			"faces": {
				"down": { "uv": [ 0, 0, 16, 16 ], "texture": "#bricks", "rotation": 90 },
				"up": { "uv": [ 0, 0, 16, 16 ], "texture": "#bricks", "rotation": 90 },
				"north": { "uv": [ 0, 0, 16, 8 ], "texture": "#bricks" },
				"south": { "uv": [ 0, 0, 16, 8 ], "texture": "#bricks" },
				"west": { "uv": [ 0, 0, 16, 8 ], "texture": "#bricks" },
				"east": { "uv": [ 0, 0, 16, 8 ], "texture": "#bricks" }
			}
		},
		{
			"__comment": "Brick Stairs",
			"from": [ 3.5, 10, 19 ],
			"to": [ 10, 13.25, 22.25 ],
			"faces": {
				"down": { "uv": [ 0, 0, 8, 16 ], "texture": "#bricks", "rotation": 90 },
				"up": { "uv": [ 0, 0, 8, 16 ], "texture": "#bricks", "rotation": 90 },
				"north": { "uv": [ 0, 0, 16, 8 ], "texture": "#bricks" },
				"south": { "uv": [ 0, 0, 16, 8 ], "texture": "#bricks" },
				"west": { "uv": [ 0, 8, 8, 16 ], "texture": "#bricks" },
				"east": { "uv": [ 8, 8, 16, 16 ], "texture": "#bricks" }
			}
		},
		{
			"__comment": "Glass Pane",
			"from": [ 3.5, 3.5, 22.25 ],
			"to": [ 10, 10, 22.251 ],
			"faces": {
				"down": { "uv": [ 7, 6, 9, 8 ], "texture": "#glass", "rotation": 90 },
				"up": { "uv": [ 7, 6, 9, 8 ], "texture": "#glass", "rotation": 90 },
				"north": { "uv": [ 0, 0, 16, 16 ], "texture": "#glass", "rotation": 90 },
				"south": { "uv": [ 0, 16, 16, 0 ], "texture": "#glass", "rotation": 90 },
				"west": { "uv": [ 7, 6, 9, 8 ], "texture": "#glass", "rotation": 90 },
				"east": { "uv": [ 7, 6, 9, 8 ], "texture": "#glass", "rotation": 90 }
			}
		},
		{
			"__comment": "Bookshelf",
			"from": [ 10, -3, 6 ],
			"to": [ 16.5, 3.5, 12.5 ],
			"faces": {
				"down": { "uv": [ 0, 0, 16, 16 ], "texture": "#oak_planks", "rotation": 90 },
				"up": { "uv": [ 0, 0, 16, 16 ], "texture": "#oak_planks", "rotation": 90 },
				"north": { "uv": [ 0, 0, 16, 16 ], "texture": "#booshelf" },
				"south": { "uv": [ 0, 0, 16, 16 ], "texture": "#booshelf" },
				"west": { "uv": [ 0, 0, 16, 16 ], "texture": "#booshelf" },
				"east": { "uv": [ 0, 0, 16, 16 ], "texture": "#booshelf" }
			}
		},
		{
			"__comment": "Bookshelf",
			"from": [ 10, -3, 12.5 ],
			"to": [ 16.5, 3.5, 19 ],
			"faces": {
				"down": { "uv": [ 0, 0, 16, 16 ], "texture": "#oak_planks", "rotation": 90 },
				"up": { "uv": [ 0, 0, 16, 16 ], "texture": "#oak_planks", "rotation": 90 },
				"north": { "uv": [ 0, 0, 16, 16 ], "texture": "#booshelf" },
				"south": { "uv": [ 0, 0, 16, 16 ], "texture": "#booshelf" },
				"west": { "uv": [ 0, 0, 16, 16 ], "texture": "#booshelf" },
				"east": { "uv": [ 0, 0, 16, 16 ], "texture": "#booshelf" }
			}
		},
		{
			"__comment": "Bookshelf",
			"from": [ 10, 3.5, 12.5 ],
			"to": [ 16.5, 10, 19 ],
			"faces": {
				"down": { "uv": [ 0, 0, 16, 16 ], "texture": "#oak_planks", "rotation": 90 },
				"up": { "uv": [ 0, 0, 16, 16 ], "texture": "#oak_planks", "rotation": 90 },
				"north": { "uv": [ 0, 0, 16, 16 ], "texture": "#booshelf" },
				"south": { "uv": [ 0, 0, 16, 16 ], "texture": "#booshelf" },
				"west": { "uv": [ 0, 0, 16, 16 ], "texture": "#booshelf" },
				"east": { "uv": [ 0, 0, 16, 16 ], "texture": "#booshelf" }
			}
		},
		{
			"__comment": "Bookshelf",
			"from": [ 10, 10, 12.5 ],
			"to": [ 16.5, 16.5, 19 ],
			"faces": {
				"down": { "uv": [ 0, 0, 16, 16 ], "texture": "#oak_planks", "rotation": 90 },
				"up": { "uv": [ 0, 0, 16, 16 ], "texture": "#oak_planks", "rotation": 90 },
				"north": { "uv": [ 0, 0, 16, 16 ], "texture": "#booshelf" },
				"south": { "uv": [ 0, 0, 16, 16 ], "texture": "#booshelf" },
				"west": { "uv": [ 0, 0, 16, 16 ], "texture": "#booshelf" },
				"east": { "uv": [ 0, 0, 16, 16 ], "texture": "#booshelf" }
			}
		},
		{
			"__comment": "Bookshelf",
			"from": [ 10, 3.5, 6 ],
			"to": [ 16.5, 10, 12.5 ],
			"faces": {
				"down": { "uv": [ 0, 0, 16, 16 ], "texture": "#oak_planks", "rotation": 90 },
				"up": { "uv": [ 0, 0, 16, 16 ], "texture": "#oak_planks", "rotation": 90 },
				"north": { "uv": [ 0, 0, 16, 16 ], "texture": "#booshelf" },
				"south": { "uv": [ 0, 0, 16, 16 ], "texture": "#booshelf" },
				"west": { "uv": [ 0, 0, 16, 16 ], "texture": "#booshelf" },
				"east": { "uv": [ 0, 0, 16, 16 ], "texture": "#booshelf" }
			}
		},
		{
			"__comment": "Bookshelf",
			"from": [ -3, -3, 12.5 ],
			"to": [ 3.5, 3.5, 19 ],
			"faces": {
				"down": { "uv": [ 0, 0, 16, 16 ], "texture": "#oak_planks", "rotation": 90 },
				"up": { "uv": [ 0, 0, 16, 16 ], "texture": "#oak_planks", "rotation": 90 },
				"north": { "uv": [ 0, 0, 16, 16 ], "texture": "#booshelf" },
				"south": { "uv": [ 0, 0, 16, 16 ], "texture": "#booshelf" },
				"west": { "uv": [ 0, 0, 16, 16 ], "texture": "#booshelf" },
				"east": { "uv": [ 0, 0, 16, 16 ], "texture": "#booshelf" }
			}
		},
		{
			"__comment": "Spruce Planks",
			"from": [ 3.5, 16.5, 6 ],
			"to": [ 10, 23, 12.5 ],
			"faces": {
				"down": { "uv": [ 0, 16, 16, 0 ], "texture": "#spruce_planks", "rotation": 90 },
				"up": { "uv": [ 0, 0, 16, 16 ], "texture": "#spruce_planks", "rotation": 90 },
				"north": { "uv": [ 0, 0, 16, 16 ], "texture": "#spruce_planks" },
				"south": { "uv": [ 0, 0, 16, 16 ], "texture": "#spruce_planks" },
				"west": { "uv": [ 0, 0, 16, 16 ], "texture": "#spruce_planks" },
				"east": { "uv": [ 0, 0, 16, 16 ], "texture": "#spruce_planks" }
			}
		},
		{
			"__comment": "Spruce Planks",
			"from": [ 3.5, 16.5, 12.5 ],
			"to": [ 10, 23, 19 ],
			"faces": {
				"down": { "uv": [ 0, 16, 16, 0 ], "texture": "#spruce_planks", "rotation": 90 },
				"up": { "uv": [ 0, 0, 16, 16 ], "texture": "#spruce_planks", "rotation": 90 },
				"north": { "uv": [ 0, 0, 16, 16 ], "texture": "#spruce_planks" },
				"south": { "uv": [ 0, 0, 16, 16 ], "texture": "#spruce_planks" },
				"west": { "uv": [ 0, 0, 16, 16 ], "texture": "#spruce_planks" },
				"east": { "uv": [ 0, 0, 16, 16 ], "texture": "#spruce_planks" }
			}
		},
		{
			"__comment": "Spruce Planks",
			"from": [ -3, 16.5, 6 ],
			"to": [ 3.5, 23, 12.5 ],
			"faces": {
				"down": { "uv": [ 0, 16, 16, 0 ], "texture": "#spruce_planks", "rotation": 90 },
				"up": { "uv": [ 0, 0, 16, 16 ], "texture": "#spruce_planks", "rotation": 90 },
				"north": { "uv": [ 0, 0, 16, 16 ], "texture": "#spruce_planks" },
				"south": { "uv": [ 0, 0, 16, 16 ], "texture": "#spruce_planks" },
				"west": { "uv": [ 0, 0, 16, 16 ], "texture": "#spruce_planks" },
				"east": { "uv": [ 0, 0, 16, 16 ], "texture": "#spruce_planks" }
			}
		},
		{
			"__comment": "Spruce Planks",
			"from": [ -3, 16.5, 12.5 ],
			"to": [ 3.5, 23, 19 ],
			"faces": {
				"down": { "uv": [ 0, 16, 16, 0 ], "texture": "#spruce_planks", "rotation": 90 },
				"up": { "uv": [ 0, 0, 16, 16 ], "texture": "#spruce_planks", "rotation": 90 },
				"north": { "uv": [ 0, 0, 16, 16 ], "texture": "#spruce_planks" },
				"south": { "uv": [ 0, 0, 16, 16 ], "texture": "#spruce_planks" },
				"west": { "uv": [ 0, 0, 16, 16 ], "texture": "#spruce_planks" },
				"east": { "uv": [ 0, 0, 16, 16 ], "texture": "#spruce_planks" }
			}
		},
		{
			"__comment": "Spruce Planks",
			"from": [ 10, 16.5, 6 ],
			"to": [ 16.5, 19.75, 12.5 ],
			"faces": {
				"down": { "uv": [ 0, 16, 16, 0 ], "texture": "#spruce_planks", "rotation": 90 },
				"up": { "uv": [ 0, 0, 16, 16 ], "texture": "#spruce_planks", "rotation": 90 },
				"north": { "uv": [ 0, 8, 16, 16 ], "texture": "#spruce_planks" },
				"south": { "uv": [ 0, 8, 16, 16 ], "texture": "#spruce_planks" },
				"west": { "uv": [ 0, 8, 16, 16 ], "texture": "#spruce_planks" },
				"east": { "uv": [ 0, 8, 16, 16 ], "texture": "#spruce_planks" }
			}
		},
		{
			"__comment": "Spruce Planks",
			"from": [ 10, 19.75, 6 ],
			"to": [ 13.25, 23, 12.5 ],
			"faces": {
				"down": { "uv": [ 0, 8, 16, 16 ], "texture": "#spruce_planks", "rotation": 90 },
				"up": { "uv": [ 0, 8, 16, 16 ], "texture": "#spruce_planks", "rotation": 90 },
				"north": { "uv": [ 8, 0, 16, 8 ], "texture": "#spruce_planks" },
				"south": { "uv": [ 0, 0, 8, 8 ], "texture": "#spruce_planks" },
				"west": { "uv": [ 0, 0, 16, 8 ], "texture": "#spruce_planks" },
				"east": { "uv": [ 0, 0, 16, 8 ], "texture": "#spruce_planks" }
			}
		},
		{
			"__comment": "Spruce Planks",
			"from": [ 10, 16.5, 12.5 ],
			"to": [ 16.5, 19.75, 19 ],
			"faces": {
				"down": { "uv": [ 0, 0, 16, 16 ], "texture": "#spruce_planks", "rotation": 90 },
				"up": { "uv": [ 0, 0, 16, 16 ], "texture": "#spruce_planks", "rotation": 90 },
				"north": { "uv": [ 0, 8, 16, 16 ], "texture": "#spruce_planks" },
				"south": { "uv": [ 0, 8, 16, 16 ], "texture": "#spruce_planks" },
				"west": { "uv": [ 0, 8, 16, 16 ], "texture": "#spruce_planks" },
				"east": { "uv": [ 0, 8, 16, 16 ], "texture": "#spruce_planks" }
			}
		},
		{
			"__comment": "Spruce Planks",
			"from": [ 10, 19.75, 12.5 ],
			"to": [ 13.25, 23, 19 ],
			"faces": {
				"down": { "uv": [ 0, 8, 16, 16 ], "texture": "#spruce_planks", "rotation": 90 },
				"up": { "uv": [ 0, 8, 16, 16 ], "texture": "#spruce_planks", "rotation": 90 },
				"north": { "uv": [ 8, 0, 16, 8 ], "texture": "#spruce_planks" },
				"south": { "uv": [ 0, 0, 8, 8 ], "texture": "#spruce_planks" },
				"west": { "uv": [ 0, 0, 16, 8 ], "texture": "#spruce_planks" },
				"east": { "uv": [ 0, 0, 16, 8 ], "texture": "#spruce_planks" }
			}
		},
		{
			"__comment": "Spruce Planks",
			"from": [ 10, 16.5, 19 ],
			"to": [ 16.5, 19.75, 25.5 ],
			"faces": {
				"down": { "uv": [ 0, 0, 16, 16 ], "texture": "#spruce_planks", "rotation": 90 },
				"up": { "uv": [ 0, 0, 16, 16 ], "texture": "#spruce_planks", "rotation": 90 },
				"north": { "uv": [ 0, 8, 16, 16 ], "texture": "#spruce_planks" },
				"south": { "uv": [ 0, 8, 16, 16 ], "texture": "#spruce_planks" },
				"west": { "uv": [ 0, 8, 16, 16 ], "texture": "#spruce_planks" },
				"east": { "uv": [ 0, 8, 16, 16 ], "texture": "#spruce_planks" }
			}
		},
		{
			"__comment": "Spruce Planks",
			"from": [ 10, 19.75, 19 ],
			"to": [ 13.25, 23, 25.5 ],
			"faces": {
				"down": { "uv": [ 0, 8, 16, 16 ], "texture": "#spruce_planks", "rotation": 90 },
				"up": { "uv": [ 0, 8, 16, 16 ], "texture": "#spruce_planks", "rotation": 90 },
				"north": { "uv": [ 8, 0, 16, 8 ], "texture": "#spruce_planks" },
				"south": { "uv": [ 0, 0, 8, 8 ], "texture": "#spruce_planks" },
				"west": { "uv": [ 0, 0, 16, 8 ], "texture": "#spruce_planks" },
				"east": { "uv": [ 0, 0, 16, 8 ], "texture": "#spruce_planks" }
			}
		},
		{
			"__comment": "Spruce Planks",
			"from": [ 10, 16.5, 25.5 ],
			"to": [ 16.5, 19.75, 32 ],
			"faces": {
				"down": { "uv": [ 0, 0, 16, 16 ], "texture": "#spruce_planks", "rotation": 90 },
				"up": { "uv": [ 0, 0, 16, 16 ], "texture": "#spruce_planks", "rotation": 90 },
				"north": { "uv": [ 0, 8, 16, 16 ], "texture": "#spruce_planks" },
				"south": { "uv": [ 0, 8, 16, 16 ], "texture": "#spruce_planks" },
				"west": { "uv": [ 0, 8, 16, 16 ], "texture": "#spruce_planks" },
				"east": { "uv": [ 0, 8, 16, 16 ], "texture": "#spruce_planks" }
			}
		},
		{
			"__comment": "Spruce Planks",
			"from": [ 10, 19.75, 25.5 ],
			"to": [ 13.25, 23, 32 ],
			"faces": {
				"down": { "uv": [ 0, 8, 16, 16 ], "texture": "#spruce_planks", "rotation": 90 },
				"up": { "uv": [ 0, 8, 16, 16 ], "texture": "#spruce_planks", "rotation": 90 },
				"north": { "uv": [ 8, 0, 16, 8 ], "texture": "#spruce_planks" },
				"south": { "uv": [ 0, 0, 8, 8 ], "texture": "#spruce_planks" },
				"west": { "uv": [ 0, 0, 16, 8 ], "texture": "#spruce_planks" },
				"east": { "uv": [ 0, 0, 16, 8 ], "texture": "#spruce_planks" }
			}
		},
		{
			"__comment": "Spruce Planks",
			"from": [ 16.5, 10, 25.5 ],
			"to": [ 23, 13.25, 32 ],
			"faces": {
				"down": { "uv": [ 0, 0, 16, 16 ], "texture": "#spruce_planks", "rotation": 90 },
				"up": { "uv": [ 0, 0, 16, 16 ], "texture": "#spruce_planks", "rotation": 90 },
				"north": { "uv": [ 0, 8, 16, 16 ], "texture": "#spruce_planks" },
				"south": { "uv": [ 0, 8, 16, 16 ], "texture": "#spruce_planks" },
				"west": { "uv": [ 0, 8, 16, 16 ], "texture": "#spruce_planks" },
				"east": { "uv": [ 0, 8, 16, 16 ], "texture": "#spruce_planks" }
			}
		},
		{
			"__comment": "Spruce Planks",
			"from": [ 16.5, 13.25, 25.5 ],
			"to": [ 19.75, 16.5, 32 ],
			"faces": {
				"down": { "uv": [ 0, 8, 16, 16 ], "texture": "#spruce_planks", "rotation": 90 },
				"up": { "uv": [ 0, 8, 16, 16 ], "texture": "#spruce_planks", "rotation": 90 },
				"north": { "uv": [ 8, 0, 16, 8 ], "texture": "#spruce_planks" },
				"south": { "uv": [ 0, 0, 8, 8 ], "texture": "#spruce_planks" },
				"west": { "uv": [ 0, 0, 16, 8 ], "texture": "#spruce_planks" },
				"east": { "uv": [ 0, 0, 16, 8 ], "texture": "#spruce_planks" }
			}
		},
		{
			"__comment": "Spruce Planks",
			"from": [ 16.5, 10, 19 ],
			"to": [ 23, 13.25, 25.5 ],
			"faces": {
				"down": { "uv": [ 0, 0, 16, 16 ], "texture": "#spruce_planks", "rotation": 90 },
				"up": { "uv": [ 0, 0, 16, 16 ], "texture": "#spruce_planks", "rotation": 90 },
				"north": { "uv": [ 0, 8, 16, 16 ], "texture": "#spruce_planks" },
				"south": { "uv": [ 0, 8, 16, 16 ], "texture": "#spruce_planks" },
				"west": { "uv": [ 0, 8, 16, 16 ], "texture": "#spruce_planks" },
				"east": { "uv": [ 0, 8, 16, 16 ], "texture": "#spruce_planks" }
			}
		},
		{
			"__comment": "Spruce Planks",
			"from": [ 16.5, 13.25, 19 ],
			"to": [ 19.75, 16.5, 25.5 ],
			"faces": {
				"down": { "uv": [ 0, 8, 16, 16 ], "texture": "#spruce_planks", "rotation": 90 },
				"up": { "uv": [ 0, 8, 16, 16 ], "texture": "#spruce_planks", "rotation": 90 },
				"north": { "uv": [ 8, 0, 16, 8 ], "texture": "#spruce_planks" },
				"south": { "uv": [ 0, 0, 8, 8 ], "texture": "#spruce_planks" },
				"west": { "uv": [ 0, 0, 16, 8 ], "texture": "#spruce_planks" },
				"east": { "uv": [ 0, 0, 16, 8 ], "texture": "#spruce_planks" }
			}
		},
		{
			"__comment": "Spruce Planks",
			"from": [ 16.5, 10, 6 ],
			"to": [ 23, 13.25, 12.5 ],
			"faces": {
				"down": { "uv": [ 0, 0, 16, 16 ], "texture": "#spruce_planks", "rotation": 90 },
				"up": { "uv": [ 0, 0, 16, 16 ], "texture": "#spruce_planks", "rotation": 90 },
				"north": { "uv": [ 0, 8, 16, 16 ], "texture": "#spruce_planks" },
				"south": { "uv": [ 0, 8, 16, 16 ], "texture": "#spruce_planks" },
				"west": { "uv": [ 0, 8, 16, 16 ], "texture": "#spruce_planks" },
				"east": { "uv": [ 0, 8, 16, 16 ], "texture": "#spruce_planks" }
			}
		},
		{
			"__comment": "Spruce Planks",
			"from": [ 16.5, 13.25, 6 ],
			"to": [ 19.75, 16.5, 12.5 ],
			"faces": {
				"down": { "uv": [ 0, 8, 16, 16 ], "texture": "#spruce_planks", "rotation": 90 },
				"up": { "uv": [ 0, 8, 16, 16 ], "texture": "#spruce_planks", "rotation": 90 },
				"north": { "uv": [ 8, 0, 16, 8 ], "texture": "#spruce_planks" },
				"south": { "uv": [ 0, 0, 8, 8 ], "texture": "#spruce_planks" },
				"west": { "uv": [ 0, 0, 16, 8 ], "texture": "#spruce_planks" },
				"east": { "uv": [ 0, 0, 16, 8 ], "texture": "#spruce_planks" }
			}
		},
		{
			"__comment": "Spruce Planks",
			"from": [ 16.5, 13.25, 12.5 ],
			"to": [ 19.75, 16.5, 19 ],
			"faces": {
				"down": { "uv": [ 0, 8, 16, 16 ], "texture": "#spruce_planks", "rotation": 90 },
				"up": { "uv": [ 0, 8, 16, 16 ], "texture": "#spruce_planks", "rotation": 90 },
				"north": { "uv": [ 8, 0, 16, 8 ], "texture": "#spruce_planks" },
				"south": { "uv": [ 0, 0, 8, 8 ], "texture": "#spruce_planks" },
				"west": { "uv": [ 0, 0, 16, 8 ], "texture": "#spruce_planks" },
				"east": { "uv": [ 0, 0, 16, 8 ], "texture": "#spruce_planks" }
			}
		},
		{
			"__comment": "Spruce Planks",
			"from": [ 16.5, 10, 12.5 ],
			"to": [ 23, 13.25, 19 ],
			"faces": {
				"down": { "uv": [ 0, 0, 16, 16 ], "texture": "#spruce_planks", "rotation": 90 },
				"up": { "uv": [ 0, 0, 16, 16 ], "texture": "#spruce_planks", "rotation": 90 },
				"north": { "uv": [ 0, 8, 16, 16 ], "texture": "#spruce_planks" },
				"south": { "uv": [ 0, 8, 16, 16 ], "texture": "#spruce_planks" },
				"west": { "uv": [ 0, 8, 16, 16 ], "texture": "#spruce_planks" },
				"east": { "uv": [ 0, 8, 16, 16 ], "texture": "#spruce_planks" }
			}
		},
		{
			"__comment": "Spruce Planks",
			"from": [ 23, 3.5, 25.5 ],
			"to": [ 29.5, 6.75, 32 ],
			"faces": {
				"down": { "uv": [ 0, 16, 16, 0 ], "texture": "#spruce_planks", "rotation": 90 },
				"up": { "uv": [ 0, 0, 16, 16 ], "texture": "#spruce_planks", "rotation": 90 },
				"north": { "uv": [ 0, 8, 16, 16 ], "texture": "#spruce_planks" },
				"south": { "uv": [ 0, 8, 16, 16 ], "texture": "#spruce_planks" },
				"west": { "uv": [ 0, 8, 16, 16 ], "texture": "#spruce_planks" },
				"east": { "uv": [ 0, 8, 16, 16 ], "texture": "#spruce_planks" }
			}
		},
		{
			"__comment": "Spruce Planks",
			"from": [ 23, 6.75, 25.5 ],
			"to": [ 26.25, 10, 32 ],
			"faces": {
				"down": { "uv": [ 0, 8, 16, 16 ], "texture": "#spruce_planks", "rotation": 90 },
				"up": { "uv": [ 0, 8, 16, 16 ], "texture": "#spruce_planks", "rotation": 90 },
				"north": { "uv": [ 8, 0, 16, 8 ], "texture": "#spruce_planks" },
				"south": { "uv": [ 0, 0, 8, 8 ], "texture": "#spruce_planks" },
				"west": { "uv": [ 0, 0, 16, 8 ], "texture": "#spruce_planks" },
				"east": { "uv": [ 0, 0, 16, 8 ], "texture": "#spruce_planks" }
			}
		},
		{
			"__comment": "Spruce Planks",
			"from": [ 23, 3.5, 19 ],
			"to": [ 29.5, 6.75, 25.5 ],
			"faces": {
				"down": { "uv": [ 0, 16, 16, 0 ], "texture": "#spruce_planks", "rotation": 90 },
				"up": { "uv": [ 0, 0, 16, 16 ], "texture": "#spruce_planks", "rotation": 90 },
				"north": { "uv": [ 0, 8, 16, 16 ], "texture": "#spruce_planks" },
				"south": { "uv": [ 0, 8, 16, 16 ], "texture": "#spruce_planks" },
				"west": { "uv": [ 0, 8, 16, 16 ], "texture": "#spruce_planks" },
				"east": { "uv": [ 0, 8, 16, 16 ], "texture": "#spruce_planks" }
			}
		},
		{
			"__comment": "Spruce Planks",
			"from": [ 23, 6.75, 19 ],
			"to": [ 26.25, 10, 25.5 ],
			"faces": {
				"down": { "uv": [ 0, 8, 16, 16 ], "texture": "#spruce_planks", "rotation": 90 },
				"up": { "uv": [ 0, 8, 16, 16 ], "texture": "#spruce_planks", "rotation": 90 },
				"north": { "uv": [ 8, 0, 16, 8 ], "texture": "#spruce_planks" },
				"south": { "uv": [ 0, 0, 8, 8 ], "texture": "#spruce_planks" },
				"west": { "uv": [ 0, 0, 16, 8 ], "texture": "#spruce_planks" },
				"east": { "uv": [ 0, 0, 16, 8 ], "texture": "#spruce_planks" }
			}
		},
		{
			"__comment": "Spruce Planks",
			"from": [ 23, 3.5, 6 ],
			"to": [ 29.5, 6.75, 12.5 ],
			"faces": {
				"down": { "uv": [ 0, 16, 16, 0 ], "texture": "#spruce_planks", "rotation": 90 },
				"up": { "uv": [ 0, 0, 16, 16 ], "texture": "#spruce_planks", "rotation": 90 },
				"north": { "uv": [ 0, 8, 16, 16 ], "texture": "#spruce_planks" },
				"south": { "uv": [ 0, 8, 16, 16 ], "texture": "#spruce_planks" },
				"west": { "uv": [ 0, 8, 16, 16 ], "texture": "#spruce_planks" },
				"east": { "uv": [ 0, 8, 16, 16 ], "texture": "#spruce_planks" }
			}
		},
		{
			"__comment": "Spruce Planks",
			"from": [ 23, 6.75, 6 ],
			"to": [ 26.25, 10, 12.5 ],
			"faces": {
				"down": { "uv": [ 0, 8, 16, 16 ], "texture": "#spruce_planks", "rotation": 90 },
				"up": { "uv": [ 0, 8, 16, 16 ], "texture": "#spruce_planks", "rotation": 90 },
				"north": { "uv": [ 8, 0, 16, 8 ], "texture": "#spruce_planks" },
				"south": { "uv": [ 0, 0, 8, 8 ], "texture": "#spruce_planks" },
				"west": { "uv": [ 0, 0, 16, 8 ], "texture": "#spruce_planks" },
				"east": { "uv": [ 0, 0, 16, 8 ], "texture": "#spruce_planks" }
			}
		},
		{
			"__comment": "Spruce Planks",
			"from": [ 23, 6.75, 12.5 ],
			"to": [ 26.25, 10, 19 ],
			"faces": {
				"down": { "uv": [ 0, 8, 16, 16 ], "texture": "#spruce_planks", "rotation": 90 },
				"up": { "uv": [ 0, 8, 16, 16 ], "texture": "#spruce_planks", "rotation": 90 },
				"north": { "uv": [ 8, 0, 16, 8 ], "texture": "#spruce_planks" },
				"south": { "uv": [ 0, 0, 8, 8 ], "texture": "#spruce_planks" },
				"west": { "uv": [ 0, 0, 16, 8 ], "texture": "#spruce_planks" },
				"east": { "uv": [ 0, 0, 16, 8 ], "texture": "#spruce_planks" }
			}
		},
		{
			"__comment": "Spruce Planks",
			"from": [ 23, 3.5, 12.5 ],
			"to": [ 29.5, 6.75, 19 ],
			"faces": {
				"down": { "uv": [ 0, 16, 16, 0 ], "texture": "#spruce_planks", "rotation": 90 },
				"up": { "uv": [ 0, 0, 16, 16 ], "texture": "#spruce_planks", "rotation": 90 },
				"north": { "uv": [ 0, 8, 16, 16 ], "texture": "#spruce_planks" },
				"south": { "uv": [ 0, 8, 16, 16 ], "texture": "#spruce_planks" },
				"west": { "uv": [ 0, 8, 16, 16 ], "texture": "#spruce_planks" },
				"east": { "uv": [ 0, 8, 16, 16 ], "texture": "#spruce_planks" }
			}
		},
		{
			"__comment": "Spruce Planks",
			"from": [ 3.5, 23, 25.5 ],
			"to": [ 10, 26.25, 32 ],
			"faces": {
				"down": { "uv": [ 0, 0, 16, 16 ], "texture": "#spruce_planks", "rotation": 90 },
				"up": { "uv": [ 0, 0, 16, 16 ], "texture": "#spruce_planks", "rotation": 90 },
				"north": { "uv": [ 0, 8, 16, 16 ], "texture": "#spruce_planks" },
				"south": { "uv": [ 0, 8, 16, 16 ], "texture": "#spruce_planks" },
				"west": { "uv": [ 0, 8, 16, 16 ], "texture": "#spruce_planks" },
				"east": { "uv": [ 0, 8, 16, 16 ], "texture": "#spruce_planks" }
			}
		},
		{
			"__comment": "Spruce Planks",
			"from": [ 3.5, 26.25, 25.5 ],
			"to": [ 6.75, 29.5, 32 ],
			"faces": {
				"down": { "uv": [ 0, 8, 16, 16 ], "texture": "#spruce_planks", "rotation": 90 },
				"up": { "uv": [ 0, 8, 16, 16 ], "texture": "#spruce_planks", "rotation": 90 },
				"north": { "uv": [ 8, 0, 16, 8 ], "texture": "#spruce_planks" },
				"south": { "uv": [ 0, 0, 8, 8 ], "texture": "#spruce_planks" },
				"west": { "uv": [ 0, 0, 16, 8 ], "texture": "#spruce_planks" },
				"east": { "uv": [ 0, 0, 16, 8 ], "texture": "#spruce_planks" }
			}
		},
		{
			"__comment": "Spruce Planks",
			"from": [ 3.5, 23, 19 ],
			"to": [ 10, 26.25, 25.5 ],
			"faces": {
				"down": { "uv": [ 0, 0, 16, 16 ], "texture": "#spruce_planks", "rotation": 90 },
				"up": { "uv": [ 0, 0, 16, 16 ], "texture": "#spruce_planks", "rotation": 90 },
				"north": { "uv": [ 0, 8, 16, 16 ], "texture": "#spruce_planks" },
				"south": { "uv": [ 0, 8, 16, 16 ], "texture": "#spruce_planks" },
				"west": { "uv": [ 0, 8, 16, 16 ], "texture": "#spruce_planks" },
				"east": { "uv": [ 0, 8, 16, 16 ], "texture": "#spruce_planks" }
			}
		},
		{
			"__comment": "Spruce Planks",
			"from": [ 3.5, 26.25, 19 ],
			"to": [ 6.75, 29.5, 25.5 ],
			"faces": {
				"down": { "uv": [ 0, 8, 16, 16 ], "texture": "#spruce_planks", "rotation": 90 },
				"up": { "uv": [ 0, 8, 16, 16 ], "texture": "#spruce_planks", "rotation": 90 },
				"north": { "uv": [ 8, 0, 16, 8 ], "texture": "#spruce_planks" },
				"south": { "uv": [ 0, 0, 8, 8 ], "texture": "#spruce_planks" },
				"west": { "uv": [ 0, 0, 16, 8 ], "texture": "#spruce_planks" },
				"east": { "uv": [ 0, 0, 16, 8 ], "texture": "#spruce_planks" }
			}
		},
		{
			"__comment": "Spruce Planks",
			"from": [ 3.5, 23, 6 ],
			"to": [ 10, 26.25, 12.5 ],
			"faces": {
				"down": { "uv": [ 0, 0, 16, 16 ], "texture": "#spruce_planks", "rotation": 90 },
				"up": { "uv": [ 0, 0, 16, 16 ], "texture": "#spruce_planks", "rotation": 90 },
				"north": { "uv": [ 0, 8, 16, 16 ], "texture": "#spruce_planks" },
				"south": { "uv": [ 0, 8, 16, 16 ], "texture": "#spruce_planks" },
				"west": { "uv": [ 0, 8, 16, 16 ], "texture": "#spruce_planks" },
				"east": { "uv": [ 0, 8, 16, 16 ], "texture": "#spruce_planks" }
			}
		},
		{
			"__comment": "Spruce Planks",
			"from": [ 3.5, 26.25, 6 ],
			"to": [ 6.75, 29.5, 12.5 ],
			"faces": {
				"down": { "uv": [ 0, 8, 16, 16 ], "texture": "#spruce_planks", "rotation": 90 },
				"up": { "uv": [ 0, 8, 16, 16 ], "texture": "#spruce_planks", "rotation": 90 },
				"north": { "uv": [ 8, 0, 16, 8 ], "texture": "#spruce_planks" },
				"south": { "uv": [ 0, 0, 8, 8 ], "texture": "#spruce_planks" },
				"west": { "uv": [ 0, 0, 16, 8 ], "texture": "#spruce_planks" },
				"east": { "uv": [ 0, 0, 16, 8 ], "texture": "#spruce_planks" }
			}
		},
		{
			"__comment": "Spruce Planks",
			"from": [ 3.5, 26.25, 12.5 ],
			"to": [ 6.75, 29.5, 19 ],
			"faces": {
				"down": { "uv": [ 0, 8, 16, 16 ], "texture": "#spruce_planks", "rotation": 90 },
				"up": { "uv": [ 0, 8, 16, 16 ], "texture": "#spruce_planks", "rotation": 90 },
				"north": { "uv": [ 8, 0, 16, 8 ], "texture": "#spruce_planks" },
				"south": { "uv": [ 0, 0, 8, 8 ], "texture": "#spruce_planks" },
				"west": { "uv": [ 0, 0, 16, 8 ], "texture": "#spruce_planks" },
				"east": { "uv": [ 0, 0, 16, 8 ], "texture": "#spruce_planks" }
			}
		},
		{
			"__comment": "Spruce Planks",
			"from": [ 3.5, 23, 12.5 ],
			"to": [ 10, 26.25, 19 ],
			"faces": {
				"down": { "uv": [ 0, 0, 16, 16 ], "texture": "#spruce_planks", "rotation": 90 },
				"up": { "uv": [ 0, 0, 16, 16 ], "texture": "#spruce_planks", "rotation": 90 },
				"north": { "uv": [ 0, 8, 16, 16 ], "texture": "#spruce_planks" },
				"south": { "uv": [ 0, 8, 16, 16 ], "texture": "#spruce_planks" },
				"west": { "uv": [ 0, 8, 16, 16 ], "texture": "#spruce_planks" },
				"east": { "uv": [ 0, 8, 16, 16 ], "texture": "#spruce_planks" }
			}
		},
		{
			"__comment": "Oak Planks",
			"from": [ -3, 16.5, 19 ],
			"to": [ 3.5, 23, 25.5 ],
			"faces": {
				"down": { "uv": [ 0, 0, 16, 16 ], "texture": "#oak_planks", "rotation": 270 },
				"up": { "uv": [ 0, 0, 16, 16 ], "texture": "#oak_planks", "rotation": 90 },
				"north": { "uv": [ 0, 0, 16, 16 ], "texture": "#oak_planks" },
				"south": { "uv": [ 0, 0, 16, 16 ], "texture": "#oak_planks" },
				"west": { "uv": [ 0, 0, 16, 16 ], "texture": "#oak_planks" },
				"east": { "uv": [ 0, 0, 16, 16 ], "texture": "#oak_planks" }
			}
		},
		{
			"__comment": "Oak Planks",
			"from": [ 3.5, 16.5, 19 ],
			"to": [ 10, 23, 25.5 ],
			"faces": {
				"down": { "uv": [ 0, 0, 16, 16 ], "texture": "#oak_planks", "rotation": 270 },
				"up": { "uv": [ 0, 0, 16, 16 ], "texture": "#oak_planks", "rotation": 90 },
				"north": { "uv": [ 0, 0, 16, 16 ], "texture": "#oak_planks" },
				"south": { "uv": [ 0, 0, 16, 16 ], "texture": "#oak_planks" },
				"west": { "uv": [ 0, 0, 16, 16 ], "texture": "#oak_planks" },
				"east": { "uv": [ 0, 0, 16, 16 ], "texture": "#oak_planks" }
			}
		},
		{
			"__comment": "Oak Planks",
			"from": [ -3, 23, 19 ],
			"to": [ 3.5, 29.5, 25.5 ],
			"faces": {
				"down": { "uv": [ 0, 0, 16, 16 ], "texture": "#oak_planks", "rotation": 270 },
				"up": { "uv": [ 0, 0, 16, 16 ], "texture": "#oak_planks", "rotation": 90 },
				"north": { "uv": [ 0, 0, 16, 16 ], "texture": "#oak_planks" },
				"south": { "uv": [ 0, 0, 16, 16 ], "texture": "#oak_planks" },
				"west": { "uv": [ 0, 0, 16, 16 ], "texture": "#oak_planks" },
				"east": { "uv": [ 0, 0, 16, 16 ], "texture": "#oak_planks" }
			}
		},
		{
			"__comment": "Spruce Planks",
			"from": [ 0.25, 23, 25.5 ],
			"to": [ 3.5, 26.25, 32 ],
			"faces": {
				"down": { "uv": [ 0, 16, 16, 8 ], "texture": "#spruce_planks", "rotation": 90 },
				"up": { "uv": [ 0, 0, 16, 16 ], "texture": "#spruce_planks", "rotation": 90 },
				"north": { "uv": [ 0, 8, 8, 16 ], "texture": "#spruce_planks" },
				"south": { "uv": [ 8, 8, 16, 16 ], "texture": "#spruce_planks" },
				"west": { "uv": [ 0, 8, 16, 16 ], "texture": "#spruce_planks" },
				"east": { "uv": [ 0, 8, 16, 16 ], "texture": "#spruce_planks" }
			}
		},
		{
			"__comment": "Spruce Planks",
			"from": [ -3, 26.25, 25.5 ],
			"to": [ 3.5, 29.5, 32 ],
			"faces": {
				"down": { "uv": [ 0, 16, 16, 0 ], "texture": "#spruce_planks", "rotation": 90 },
				"up": { "uv": [ 0, 0, 16, 16 ], "texture": "#spruce_planks", "rotation": 90 },
				"north": { "uv": [ 0, 0, 16, 8 ], "texture": "#spruce_planks" },
				"south": { "uv": [ 0, 0, 16, 8 ], "texture": "#spruce_planks" },
				"west": { "uv": [ 0, 0, 16, 8 ], "texture": "#spruce_planks" },
				"east": { "uv": [ 0, 0, 16, 8 ], "texture": "#spruce_planks" }
			}
		},
		{
			"__comment": "Spruce Planks",
			"from": [ 3.5, 19.75, 25.5 ],
			"to": [ 10, 23, 32 ],
			"faces": {
				"down": { "uv": [ 0, 16, 16, 0 ], "texture": "#spruce_planks", "rotation": 90 },
				"up": { "uv": [ 0, 0, 16, 16 ], "texture": "#spruce_planks", "rotation": 90 },
				"north": { "uv": [ 0, 0, 16, 8 ], "texture": "#spruce_planks" },
				"south": { "uv": [ 0, 0, 16, 8 ], "texture": "#spruce_planks" },
				"west": { "uv": [ 0, 0, 16, 8 ], "texture": "#spruce_planks" },
				"east": { "uv": [ 0, 0, 16, 8 ], "texture": "#spruce_planks" }
			}
		},
		{
			"__comment": "Spruce Planks",
			"from": [ 6.75, 16.5, 25.5 ],
			"to": [ 10, 19.75, 32 ],
			"faces": {
				"down": { "uv": [ 0, 16, 16, 8 ], "texture": "#spruce_planks", "rotation": 90 },
				"up": { "uv": [ 0, 0, 16, 16 ], "texture": "#spruce_planks", "rotation": 90 },
				"north": { "uv": [ 0, 8, 8, 16 ], "texture": "#spruce_planks" },
				"south": { "uv": [ 8, 8, 16, 16 ], "texture": "#spruce_planks" },
				"west": { "uv": [ 0, 8, 16, 16 ], "texture": "#spruce_planks" },
				"east": { "uv": [ 0, 8, 16, 16 ], "texture": "#spruce_planks" }
			}
		},
		{
			"__comment": "Spruce Planks",
			"from": [ 10, 13.25, 25.5 ],
			"to": [ 16.5, 16.5, 32 ],
			"faces": {
				"down": { "uv": [ 0, 16, 16, 0 ], "texture": "#spruce_planks", "rotation": 90 },
				"up": { "uv": [ 0, 0, 16, 16 ], "texture": "#spruce_planks", "rotation": 90 },
				"north": { "uv": [ 0, 0, 16, 8 ], "texture": "#spruce_planks" },
				"south": { "uv": [ 0, 0, 16, 8 ], "texture": "#spruce_planks" },
				"west": { "uv": [ 0, 0, 16, 8 ], "texture": "#spruce_planks" },
				"east": { "uv": [ 0, 0, 16, 8 ], "texture": "#spruce_planks" }
			}
		},
		{
			"__comment": "Spruce Planks",
			"from": [ 13.25, 10, 25.5 ],
			"to": [ 16.5, 13.25, 32 ],
			"faces": {
				"down": { "uv": [ 0, 16, 16, 8 ], "texture": "#spruce_planks", "rotation": 90 },
				"up": { "uv": [ 0, 0, 16, 16 ], "texture": "#spruce_planks", "rotation": 90 },
				"north": { "uv": [ 0, 8, 8, 16 ], "texture": "#spruce_planks" },
				"south": { "uv": [ 8, 8, 16, 16 ], "texture": "#spruce_planks" },
				"west": { "uv": [ 0, 8, 16, 16 ], "texture": "#spruce_planks" },
				"east": { "uv": [ 0, 8, 16, 16 ], "texture": "#spruce_planks" }
			}
		},
		{
			"__comment": "Spruce Planks",
			"from": [ 16.5, 6.75, 25.5 ],
			"to": [ 23, 10, 32 ],
			"faces": {
				"down": { "uv": [ 0, 16, 16, 0 ], "texture": "#spruce_planks", "rotation": 90 },
				"up": { "uv": [ 0, 0, 16, 16 ], "texture": "#spruce_planks", "rotation": 90 },
				"north": { "uv": [ 0, 0, 16, 8 ], "texture": "#spruce_planks" },
				"south": { "uv": [ 0, 0, 16, 8 ], "texture": "#spruce_planks" },
				"west": { "uv": [ 0, 0, 16, 8 ], "texture": "#spruce_planks" },
				"east": { "uv": [ 0, 0, 16, 8 ], "texture": "#spruce_planks" }
			}
		},
		{
			"__comment": "Spruce Planks",
			"from": [ 19.75, 3.5, 25.5 ],
			"to": [ 23, 6.75, 32 ],
			"faces": {
				"down": { "uv": [ 0, 16, 16, 8 ], "texture": "#spruce_planks", "rotation": 90 },
				"up": { "uv": [ 0, 0, 16, 16 ], "texture": "#spruce_planks", "rotation": 90 },
				"north": { "uv": [ 0, 8, 8, 16 ], "texture": "#spruce_planks" },
				"south": { "uv": [ 8, 8, 16, 16 ], "texture": "#spruce_planks" },
				"west": { "uv": [ 0, 8, 16, 16 ], "texture": "#spruce_planks" },
				"east": { "uv": [ 0, 8, 16, 16 ], "texture": "#spruce_planks" }
			}
		},
		{
			"__comment": "Spruce Planks",
			"from": [ 19.75, 13.25, 6 ],
			"to": [ 23, 16.5, 9.25 ],
			"faces": {
				"down": { "uv": [ 0, 8, 16, 16 ], "texture": "#spruce_planks", "rotation": 90 },
				"up": { "uv": [ 0, 0, 8, 8 ], "texture": "#spruce_planks", "rotation": 90 },
				"north": { "uv": [ 0, 0, 8, 8 ], "texture": "#spruce_planks" },
				"south": { "uv": [ 8, 0, 16, 8 ], "texture": "#spruce_planks" },
				"west": { "uv": [ 8, 0, 16, 8 ], "texture": "#spruce_planks" },
				"east": { "uv": [ 8, 0, 16, 8 ], "texture": "#spruce_planks" }
			}
		}
	],
	"display": {
		"head": {
			"translation":  [ 56.15, 51.3, -5 ],
			"scale":  [ 3.94, 3.94, 3.94 ]
		}
	}
}