{
	"__comment": "Designed by Mcmakistein with Cubik Studio - https://cubik.studio",
	"textures": {
		"particle": "custom/cmd_block",
		"stone_brick": "custom/stone_bricks",
		"cobblestone": "custom/cobblestone",
		"glass": "custom/glass",
		"andesite": "custom/polished_andesite",
		"smooth_stone": "custom/smooth_stone",
		"smooth_stone_side": "custom/smooth_stone_slab_side",
		"oak_planks": "custom/oak_planks",
		"birch_planks": "custom/birch_planks",
		"door_top": "custom/oak_door_top",
		"door_bottom": "custom/oak_door_bottom",
		"oak_leaves": "custom/oak_leaves",
		"oak_log_top": "custom/oak_log_top",
		"oak_log_side": "custom/oak_log",
		"bricks": "custom/bricks",
		"booshelf": "custom/bookshelf",
		"spruce_planks": "custom/spruce_planks"
	},
	"elements": [ 	 
		{
			"__comment": "Stone Bricks",
			"from": [ -3, -16, 19 ],
			"to": [ 3.5, -9.5, 25.5 ],
			"faces": {
				"down": { "uv": [ 0, 0, 16, 16 ], "texture": "#stone_brick" },
				"up": { "uv": [ 0, 0, 16, 16 ], "texture": "#stone_brick" },
				"north": { "uv": [ 0, 0, 16, 16 ], "texture": "#stone_brick" },
				"south": { "uv": [ 0, 0, 16, 16 ], "texture": "#stone_brick" },
				"west": { "uv": [ 0, 0, 16, 16 ], "texture": "#stone_brick" },
				"east": { "uv": [ 0, 0, 16, 16 ], "texture": "#stone_brick" }
			}
		},
		{
			"__comment": "Stone Bricks",
			"from": [ 3.5, -16, 19 ],
			"to": [ 10, -9.5, 25.5 ],
			"faces": {
				"down": { "uv": [ 0, 0, 16, 16 ], "texture": "#stone_brick" },
				"up": { "uv": [ 0, 0, 16, 16 ], "texture": "#stone_brick" },
				"north": { "uv": [ 0, 0, 16, 16 ], "texture": "#stone_brick" },
				"south": { "uv": [ 0, 0, 16, 16 ], "texture": "#stone_brick" },
				"west": { "uv": [ 0, 0, 16, 16 ], "texture": "#stone_brick" },
				"east": { "uv": [ 0, 0, 16, 16 ], "texture": "#stone_brick" }
			}
		},
		{
			"__comment": "Stone Bricks",
			"from": [ 10, -16, 19 ],
			"to": [ 16.5, -9.5, 25.5 ],
			"faces": {
				"down": { "uv": [ 0, 0, 16, 16 ], "texture": "#stone_brick" },
				"up": { "uv": [ 0, 0, 16, 16 ], "texture": "#stone_brick" },
				"north": { "uv": [ 0, 0, 16, 16 ], "texture": "#stone_brick" },
				"south": { "uv": [ 0, 0, 16, 16 ], "texture": "#stone_brick" },
				"west": { "uv": [ 0, 0, 16, 16 ], "texture": "#stone_brick" },
				"east": { "uv": [ 0, 0, 16, 16 ], "texture": "#stone_brick" }
			}
		},
		{
			"__comment": "Stone Bricks",
			"from": [ 10, -16, 6 ],
			"to": [ 16.5, -9.5, 12.5 ],
			"faces": {
				"down": { "uv": [ 0, 0, 16, 16 ], "texture": "#stone_brick" },
				"up": { "uv": [ 0, 0, 16, 16 ], "texture": "#stone_brick" },
				"north": { "uv": [ 0, 0, 16, 16 ], "texture": "#stone_brick" },
				"south": { "uv": [ 0, 0, 16, 16 ], "texture": "#stone_brick" },
				"west": { "uv": [ 0, 0, 16, 16 ], "texture": "#stone_brick" },
				"east": { "uv": [ 0, 0, 16, 16 ], "texture": "#stone_brick" }
			}
		},
		{
			"__comment": "Stone Bricks",
			"from": [ 10, -16, 12.5 ],
			"to": [ 16.5, -9.5, 19 ],
			"faces": {
				"down": { "uv": [ 0, 0, 16, 16 ], "texture": "#stone_brick" },
				"up": { "uv": [ 0, 0, 16, 16 ], "texture": "#stone_brick" },
				"north": { "uv": [ 0, 0, 16, 16 ], "texture": "#stone_brick" },
				"south": { "uv": [ 0, 0, 16, 16 ], "texture": "#stone_brick" },
				"west": { "uv": [ 0, 0, 16, 16 ], "texture": "#stone_brick" },
				"east": { "uv": [ 0, 0, 16, 16 ], "texture": "#stone_brick" }
			}
		},
		{
			"__comment": "Stone Bricks",
			"from": [ 3.5, -16, 12.5 ],
			"to": [ 10, -9.5, 19 ],
			"faces": {
				"down": { "uv": [ 0, 0, 16, 16 ], "texture": "#stone_brick" },
				"up": { "uv": [ 0, 0, 16, 16 ], "texture": "#stone_brick" },
				"north": { "uv": [ 0, 0, 16, 16 ], "texture": "#stone_brick" },
				"south": { "uv": [ 0, 0, 16, 16 ], "texture": "#stone_brick" },
				"west": { "uv": [ 0, 0, 16, 16 ], "texture": "#stone_brick" },
				"east": { "uv": [ 0, 0, 16, 16 ], "texture": "#stone_brick" }
			}
		},
		{
			"__comment": "Stone Bricks",
			"from": [ -3, -16, 12.5 ],
			"to": [ 3.5, -9.5, 19 ],
			"faces": {
				"down": { "uv": [ 0, 0, 16, 16 ], "texture": "#stone_brick" },
				"up": { "uv": [ 0, 0, 16, 16 ], "texture": "#stone_brick" },
				"north": { "uv": [ 0, 0, 16, 16 ], "texture": "#stone_brick" },
				"south": { "uv": [ 0, 0, 16, 16 ], "texture": "#stone_brick" },
				"west": { "uv": [ 0, 0, 16, 16 ], "texture": "#stone_brick" },
				"east": { "uv": [ 0, 0, 16, 16 ], "texture": "#stone_brick" }
			}
		},
		{
			"__comment": "Leaves7",
			"from": [ -3, -16, 25.5 ],
			"to": [ 3.5, -9.5, 32 ],
			"faces": {
				"down": { "uv": [ 0, 0, 16, 16 ], "texture": "#oak_leaves", "rotation": 270 },
				"up": { "uv": [ 0, 0, 16, 16 ], "texture": "#oak_leaves", "rotation": 90 },
				"north": { "uv": [ 0, 0, 16, 16 ], "texture": "#oak_leaves" },
				"south": { "uv": [ 0, 0, 16, 16 ], "texture": "#oak_leaves" },
				"west": { "uv": [ 0, 0, 16, 16 ], "texture": "#oak_leaves" },
				"east": { "uv": [ 0, 0, 16, 16 ], "texture": "#oak_leaves" }
			}
		},
		{
			"__comment": "Oak Log",
			"from": [ -9.5, -16, 25.5 ],
			"to": [ -3, -9.5, 32 ],
			"faces": {
				"down": { "uv": [ 0, 0, 16, 16 ], "texture": "#oak_log_top" },
				"up": { "uv": [ 0, 0, 16, 16 ], "texture": "#oak_log_top" },
				"north": { "uv": [ 0, 0, 16, 16 ], "texture": "#oak_log_side" },
				"south": { "uv": [ 0, 0, 16, 16 ], "texture": "#oak_log_side" },
				"west": { "uv": [ 0, 0, 16, 16 ], "texture": "#oak_log_side" },
				"east": { "uv": [ 0, 0, 16, 16 ], "texture": "#oak_log_side" }
			}
		},
		{
			"__comment": "Leaves5",
			"from": [ 3.5, -16, 25.5 ],
			"to": [ 10, -9.5, 32 ],
			"faces": {
				"down": { "uv": [ 0, 0, 16, 16 ], "texture": "#oak_leaves", "rotation": 270 },
				"up": { "uv": [ 0, 0, 16, 16 ], "texture": "#oak_leaves", "rotation": 90 },
				"north": { "uv": [ 0, 0, 16, 16 ], "texture": "#oak_leaves" },
				"south": { "uv": [ 0, 0, 16, 16 ], "texture": "#oak_leaves" },
				"west": { "uv": [ 0, 0, 16, 16 ], "texture": "#oak_leaves" },
				"east": { "uv": [ 0, 0, 16, 16 ], "texture": "#oak_leaves" }
			}
		},
		{
			"__comment": "Leaves6",
			"from": [ 10, -16, 25.5 ],
			"to": [ 16.5, -9.5, 32 ],
			"faces": {
				"down": { "uv": [ 0, 0, 16, 16 ], "texture": "#oak_leaves", "rotation": 270 },
				"up": { "uv": [ 0, 0, 16, 16 ], "texture": "#oak_leaves", "rotation": 90 },
				"north": { "uv": [ 0, 0, 16, 16 ], "texture": "#oak_leaves" },
				"south": { "uv": [ 0, 0, 16, 16 ], "texture": "#oak_leaves" },
				"west": { "uv": [ 0, 0, 16, 16 ], "texture": "#oak_leaves" },
				"east": { "uv": [ 0, 0, 16, 16 ], "texture": "#oak_leaves" }
			}
		},
		{
			"__comment": "Stone Bricks",
			"from": [ 3.5, -16, 6 ],
			"to": [ 10, -9.5, 12.5 ],
			"faces": {
				"down": { "uv": [ 0, 0, 16, 16 ], "texture": "#stone_brick" },
				"up": { "uv": [ 0, 0, 16, 16 ], "texture": "#stone_brick" },
				"north": { "uv": [ 0, 0, 16, 16 ], "texture": "#stone_brick" },
				"south": { "uv": [ 0, 0, 16, 16 ], "texture": "#stone_brick" },
				"west": { "uv": [ 0, 0, 16, 16 ], "texture": "#stone_brick" },
				"east": { "uv": [ 0, 0, 16, 16 ], "texture": "#stone_brick" }
			}
		},
		{
			"__comment": "Stone Bricks",
			"from": [ -3, -16, 6 ],
			"to": [ 3.5, -9.5, 12.5 ],
			"faces": {
				"down": { "uv": [ 0, 0, 16, 16 ], "texture": "#stone_brick" },
				"up": { "uv": [ 0, 0, 16, 16 ], "texture": "#stone_brick" },
				"north": { "uv": [ 0, 0, 16, 16 ], "texture": "#stone_brick" },
				"south": { "uv": [ 0, 0, 16, 16 ], "texture": "#stone_brick" },
				"west": { "uv": [ 0, 0, 16, 16 ], "texture": "#stone_brick" },
				"east": { "uv": [ 0, 0, 16, 16 ], "texture": "#stone_brick" }
			}
		},
		{
			"__comment": "Leaves8",
			"from": [ -9.5, -16, 19 ],
			"to": [ -3, -9.5, 25.5 ],
			"faces": {
				"down": { "uv": [ 0, 0, 16, 16 ], "texture": "#oak_leaves", "rotation": 270 },
				"up": { "uv": [ 0, 0, 16, 16 ], "texture": "#oak_leaves", "rotation": 90 },
				"north": { "uv": [ 0, 0, 16, 16 ], "texture": "#oak_leaves" },
				"south": { "uv": [ 0, 0, 16, 16 ], "texture": "#oak_leaves" },
				"west": { "uv": [ 0, 0, 16, 16 ], "texture": "#oak_leaves" },
				"east": { "uv": [ 0, 0, 16, 16 ], "texture": "#oak_leaves" }
			}
		},
		{
			"__comment": "Leaves9",
			"from": [ -9.5, -16, 12.5 ],
			"to": [ -3, -9.5, 19 ],
			"faces": {
				"down": { "uv": [ 0, 0, 16, 16 ], "texture": "#oak_leaves", "rotation": 270 },
				"up": { "uv": [ 0, 0, 16, 16 ], "texture": "#oak_leaves", "rotation": 90 },
				"north": { "uv": [ 0, 0, 16, 16 ], "texture": "#oak_leaves" },
				"south": { "uv": [ 0, 0, 16, 16 ], "texture": "#oak_leaves" },
				"west": { "uv": [ 0, 0, 16, 16 ], "texture": "#oak_leaves" },
				"east": { "uv": [ 0, 0, 16, 16 ], "texture": "#oak_leaves" }
			}
		},
		{
			"__comment": "Leaves10",
			"from": [ -9.5, -16, -0.5 ],
			"to": [ -3, -9.5, 6 ],
			"faces": {
				"down": { "uv": [ 0, 0, 16, 16 ], "texture": "#oak_leaves", "rotation": 270 },
				"up": { "uv": [ 0, 0, 16, 16 ], "texture": "#oak_leaves", "rotation": 90 },
				"north": { "uv": [ 0, 0, 16, 16 ], "texture": "#oak_leaves" },
				"south": { "uv": [ 0, 0, 16, 16 ], "texture": "#oak_leaves" },
				"west": { "uv": [ 0, 0, 16, 16 ], "texture": "#oak_leaves" },
				"east": { "uv": [ 0, 0, 16, 16 ], "texture": "#oak_leaves" }
			}
		},
		{
			"__comment": "Leaves11",
			"from": [ -9.5, -16, -7 ],
			"to": [ -3, -9.5, -0.5 ],
			"faces": {
				"down": { "uv": [ 0, 0, 16, 16 ], "texture": "#oak_leaves", "rotation": 270 },
				"up": { "uv": [ 0, 0, 16, 16 ], "texture": "#oak_leaves", "rotation": 90 },
				"north": { "uv": [ 0, 0, 16, 16 ], "texture": "#oak_leaves" },
				"south": { "uv": [ 0, 0, 16, 16 ], "texture": "#oak_leaves" },
				"west": { "uv": [ 0, 0, 16, 16 ], "texture": "#oak_leaves" },
				"east": { "uv": [ 0, 0, 16, 16 ], "texture": "#oak_leaves" }
			}
		},
		{
			"__comment": "Stone Bricks",
			"from": [ -3, -16, -0.5 ],
			"to": [ 3.5, -9.5, 6 ],
			"faces": {
				"down": { "uv": [ 0, 0, 16, 16 ], "texture": "#stone_brick" },
				"up": { "uv": [ 0, 0, 16, 16 ], "texture": "#stone_brick" },
				"north": { "uv": [ 0, 0, 16, 16 ], "texture": "#stone_brick" },
				"south": { "uv": [ 0, 0, 16, 16 ], "texture": "#stone_brick" },
				"west": { "uv": [ 0, 0, 16, 16 ], "texture": "#stone_brick" },
				"east": { "uv": [ 0, 0, 16, 16 ], "texture": "#stone_brick" }
			}
		},
		{
			"__comment": "Stone Bricks",
			"from": [ 3.5, -16, -0.5 ],
			"to": [ 10, -9.5, 6 ],
			"faces": {
				"down": { "uv": [ 0, 0, 16, 16 ], "texture": "#stone_brick" },
				"up": { "uv": [ 0, 0, 16, 16 ], "texture": "#stone_brick" },
				"north": { "uv": [ 0, 0, 16, 16 ], "texture": "#stone_brick" },
				"south": { "uv": [ 0, 0, 16, 16 ], "texture": "#stone_brick" },
				"west": { "uv": [ 0, 0, 16, 16 ], "texture": "#stone_brick" },
				"east": { "uv": [ 0, 0, 16, 16 ], "texture": "#stone_brick" }
			}
		},
		{
			"__comment": "Stone Bricks",
			"from": [ 10, -16, -0.5 ],
			"to": [ 16.5, -9.5, 6 ],
			"faces": {
				"down": { "uv": [ 0, 0, 16, 16 ], "texture": "#stone_brick" },
				"up": { "uv": [ 0, 0, 16, 16 ], "texture": "#stone_brick" },
				"north": { "uv": [ 0, 0, 16, 16 ], "texture": "#stone_brick" },
				"south": { "uv": [ 0, 0, 16, 16 ], "texture": "#stone_brick" },
				"west": { "uv": [ 0, 0, 16, 16 ], "texture": "#stone_brick" },
				"east": { "uv": [ 0, 0, 16, 16 ], "texture": "#stone_brick" }
			}
		},
		{
			"__comment": "Stone Bricks",
			"from": [ -3, -16, -7 ],
			"to": [ 3.5, -9.5, -0.5 ],
			"faces": {
				"down": { "uv": [ 0, 0, 16, 16 ], "texture": "#stone_brick" },
				"up": { "uv": [ 0, 0, 16, 16 ], "texture": "#stone_brick" },
				"north": { "uv": [ 0, 0, 16, 16 ], "texture": "#stone_brick" },
				"south": { "uv": [ 0, 0, 16, 16 ], "texture": "#stone_brick" },
				"west": { "uv": [ 0, 0, 16, 16 ], "texture": "#stone_brick" },
				"east": { "uv": [ 0, 0, 16, 16 ], "texture": "#stone_brick" }
			}
		},
		{
			"__comment": "Stone Bricks",
			"from": [ 3.5, -16, -7 ],
			"to": [ 10, -9.5, -0.5 ],
			"faces": {
				"down": { "uv": [ 0, 0, 16, 16 ], "texture": "#stone_brick" },
				"up": { "uv": [ 0, 0, 16, 16 ], "texture": "#stone_brick" },
				"north": { "uv": [ 0, 0, 16, 16 ], "texture": "#stone_brick" },
				"south": { "uv": [ 0, 0, 16, 16 ], "texture": "#stone_brick" },
				"west": { "uv": [ 0, 0, 16, 16 ], "texture": "#stone_brick" },
				"east": { "uv": [ 0, 0, 16, 16 ], "texture": "#stone_brick" }
			}
		},
		{
			"__comment": "Stone Bricks",
			"from": [ 10, -16, -7 ],
			"to": [ 16.5, -9.5, -0.5 ],
			"faces": {
				"down": { "uv": [ 0, 0, 16, 16 ], "texture": "#stone_brick" },
				"up": { "uv": [ 0, 0, 16, 16 ], "texture": "#stone_brick" },
				"north": { "uv": [ 0, 0, 16, 16 ], "texture": "#stone_brick" },
				"south": { "uv": [ 0, 0, 16, 16 ], "texture": "#stone_brick" },
				"west": { "uv": [ 0, 0, 16, 16 ], "texture": "#stone_brick" },
				"east": { "uv": [ 0, 0, 16, 16 ], "texture": "#stone_brick" }
			}
		},
		{
			"__comment": "Stone Bricks",
			"from": [ 16.5, -16, -0.5 ],
			"to": [ 23, -9.5, 6 ],
			"faces": {
				"down": { "uv": [ 0, 0, 16, 16 ], "texture": "#stone_brick" },
				"up": { "uv": [ 0, 0, 16, 16 ], "texture": "#stone_brick" },
				"north": { "uv": [ 0, 0, 16, 16 ], "texture": "#stone_brick" },
				"south": { "uv": [ 0, 0, 16, 16 ], "texture": "#stone_brick" },
				"west": { "uv": [ 0, 0, 16, 16 ], "texture": "#stone_brick" },
				"east": { "uv": [ 0, 0, 16, 16 ], "texture": "#stone_brick" }
			}
		},
		{
			"__comment": "Stone Bricks",
			"from": [ 16.5, -16, -7 ],
			"to": [ 23, -9.5, -0.5 ],
			"faces": {
				"down": { "uv": [ 0, 0, 16, 16 ], "texture": "#stone_brick" },
				"up": { "uv": [ 0, 0, 16, 16 ], "texture": "#stone_brick" },
				"north": { "uv": [ 0, 0, 16, 16 ], "texture": "#stone_brick" },
				"south": { "uv": [ 0, 0, 16, 16 ], "texture": "#stone_brick" },
				"west": { "uv": [ 0, 0, 16, 16 ], "texture": "#stone_brick" },
				"east": { "uv": [ 0, 0, 16, 16 ], "texture": "#stone_brick" }
			}
		},
		{
			"__comment": "Oak Log",
			"from": [ -9.5, -9.5, 25.5 ],
			"to": [ -3, -3, 32 ],
			"faces": {
				"down": { "uv": [ 0, 0, 16, 16 ], "texture": "#oak_log_top" },
				"up": { "uv": [ 0, 0, 16, 16 ], "texture": "#oak_log_top" },
				"north": { "uv": [ 0, 0, 16, 16 ], "texture": "#oak_log_side" },
				"south": { "uv": [ 0, 0, 16, 16 ], "texture": "#oak_log_side" },
				"west": { "uv": [ 0, 0, 16, 16 ], "texture": "#oak_log_side" },
				"east": { "uv": [ 0, 0, 16, 16 ], "texture": "#oak_log_side" }
			}
		},
		{
			"__comment": "Oak Log",
			"from": [ -9.5, -3, 25.5 ],
			"to": [ -3, 3.5, 32 ],
			"faces": {
				"down": { "uv": [ 0, 0, 16, 16 ], "texture": "#oak_log_top" },
				"up": { "uv": [ 0, 0, 16, 16 ], "texture": "#oak_log_top" },
				"north": { "uv": [ 0, 0, 16, 16 ], "texture": "#oak_log_side" },
				"south": { "uv": [ 0, 0, 16, 16 ], "texture": "#oak_log_side" },
				"west": { "uv": [ 0, 0, 16, 16 ], "texture": "#oak_log_side" },
				"east": { "uv": [ 0, 0, 16, 16 ], "texture": "#oak_log_side" }
			}
		},
		{
			"__comment": "Oak Log",
			"from": [ 16.5, -3, 25.5 ],
			"to": [ 23, 3.5, 32 ],
			"faces": {
				"down": { "uv": [ 0, 0, 16, 16 ], "texture": "#oak_log_top" },
				"up": { "uv": [ 0, 0, 16, 16 ], "texture": "#oak_log_top" },
				"north": { "uv": [ 0, 0, 16, 16 ], "texture": "#oak_log_side" },
				"south": { "uv": [ 0, 0, 16, 16 ], "texture": "#oak_log_side" },
				"west": { "uv": [ 0, 0, 16, 16 ], "texture": "#oak_log_side" },
				"east": { "uv": [ 0, 0, 16, 16 ], "texture": "#oak_log_side" }
			}
		},
		{
			"__comment": "Oak Log",
			"from": [ 16.5, -9.5, 25.5 ],
			"to": [ 23, -3, 32 ],
			"faces": {
				"down": { "uv": [ 0, 0, 16, 16 ], "texture": "#oak_log_top" },
				"up": { "uv": [ 0, 0, 16, 16 ], "texture": "#oak_log_top" },
				"north": { "uv": [ 0, 0, 16, 16 ], "texture": "#oak_log_side" },
				"south": { "uv": [ 0, 0, 16, 16 ], "texture": "#oak_log_side" },
				"west": { "uv": [ 0, 0, 16, 16 ], "texture": "#oak_log_side" },
				"east": { "uv": [ 0, 0, 16, 16 ], "texture": "#oak_log_side" }
			}
		},
		{
			"__comment": "Oak Log",
			"from": [ 16.5, -16, 25.5 ],
			"to": [ 23, -9.5, 32 ],
			"faces": {
				"down": { "uv": [ 0, 0, 16, 16 ], "texture": "#oak_log_top" },
				"up": { "uv": [ 0, 0, 16, 16 ], "texture": "#oak_log_top" },
				"north": { "uv": [ 0, 0, 16, 16 ], "texture": "#oak_log_side" },
				"south": { "uv": [ 0, 0, 16, 16 ], "texture": "#oak_log_side" },
				"west": { "uv": [ 0, 0, 16, 16 ], "texture": "#oak_log_side" },
				"east": { "uv": [ 0, 0, 16, 16 ], "texture": "#oak_log_side" }
			}
		},
		{
			"__comment": "Oak Log",
			"from": [ 16.5, -16, 6 ],
			"to": [ 23, -9.5, 12.5 ],
			"faces": {
				"down": { "uv": [ 0, 0, 16, 16 ], "texture": "#oak_log_top" },
				"up": { "uv": [ 0, 0, 16, 16 ], "texture": "#oak_log_top" },
				"north": { "uv": [ 0, 0, 16, 16 ], "texture": "#oak_log_side" },
				"south": { "uv": [ 0, 0, 16, 16 ], "texture": "#oak_log_side" },
				"west": { "uv": [ 0, 0, 16, 16 ], "texture": "#oak_log_side" },
				"east": { "uv": [ 0, 0, 16, 16 ], "texture": "#oak_log_side" }
			}
		},
		{
			"__comment": "Oak Log",
			"from": [ 16.5, -9.5, 6 ],
			"to": [ 23, -3, 12.5 ],
			"faces": {
				"down": { "uv": [ 0, 0, 16, 16 ], "texture": "#oak_log_top" },
				"up": { "uv": [ 0, 0, 16, 16 ], "texture": "#oak_log_top" },
				"north": { "uv": [ 0, 0, 16, 16 ], "texture": "#oak_log_side" },
				"south": { "uv": [ 0, 0, 16, 16 ], "texture": "#oak_log_side" },
				"west": { "uv": [ 0, 0, 16, 16 ], "texture": "#oak_log_side" },
				"east": { "uv": [ 0, 0, 16, 16 ], "texture": "#oak_log_side" }
			}
		},
		{
			"__comment": "Oak Log",
			"from": [ 16.5, -3, 6 ],
			"to": [ 23, 3.5, 12.5 ],
			"faces": {
				"down": { "uv": [ 0, 0, 16, 16 ], "texture": "#oak_log_top" },
				"up": { "uv": [ 0, 0, 16, 16 ], "texture": "#oak_log_top" },
				"north": { "uv": [ 0, 0, 16, 16 ], "texture": "#oak_log_side" },
				"south": { "uv": [ 0, 0, 16, 16 ], "texture": "#oak_log_side" },
				"west": { "uv": [ 0, 0, 16, 16 ], "texture": "#oak_log_side" },
				"east": { "uv": [ 0, 0, 16, 16 ], "texture": "#oak_log_side" }
			}
		},
		{
			"__comment": "Oak Log",
			"from": [ 16.5, 3.5, 6 ],
			"to": [ 23, 10, 12.5 ],
			"faces": {
				"down": { "uv": [ 0, 0, 16, 16 ], "texture": "#oak_log_top" },
				"up": { "uv": [ 0, 0, 16, 16 ], "texture": "#oak_log_top" },
				"north": { "uv": [ 0, 0, 16, 16 ], "texture": "#oak_log_side" },
				"south": { "uv": [ 0, 0, 16, 16 ], "texture": "#oak_log_side" },
				"west": { "uv": [ 0, 0, 16, 16 ], "texture": "#oak_log_side" },
				"east": { "uv": [ 0, 0, 16, 16 ], "texture": "#oak_log_side" }
			}
		},
		{
			"__comment": "Oak Log",
			"from": [ 16.5, 10, 6 ],
			"to": [ 23, 16.5, 12.5 ],
			"faces": {
				"down": { "uv": [ 0, 0, 16, 16 ], "texture": "#oak_log_top" },
				"up": { "uv": [ 0, 0, 16, 16 ], "texture": "#oak_log_top" },
				"north": { "uv": [ 0, 0, 16, 16 ], "texture": "#oak_log_side" },
				"south": { "uv": [ 0, 0, 16, 16 ], "texture": "#oak_log_side" },
				"west": { "uv": [ 0, 0, 16, 16 ], "texture": "#oak_log_side" },
				"east": { "uv": [ 0, 0, 16, 16 ], "texture": "#oak_log_side" }
			}
		},
		{
			"__comment": "Oak Log",
			"from": [ 16.5, 16.5, 6 ],
			"to": [ 23, 23, 12.5 ],
			"faces": {
				"down": { "uv": [ 0, 0, 16, 16 ], "texture": "#oak_log_top" },
				"up": { "uv": [ 0, 0, 16, 16 ], "texture": "#oak_log_top" },
				"north": { "uv": [ 0, 0, 16, 16 ], "texture": "#oak_log_side" },
				"south": { "uv": [ 0, 0, 16, 16 ], "texture": "#oak_log_side" },
				"west": { "uv": [ 0, 0, 16, 16 ], "texture": "#oak_log_side" },
				"east": { "uv": [ 0, 0, 16, 16 ], "texture": "#oak_log_side" }
			}
		},
		{
			"__comment": "Oak Log",
			"from": [ 16.5, 23, 6 ],
			"to": [ 23, 29.5, 12.5 ],
			"faces": {
				"down": { "uv": [ 0, 0, 16, 16 ], "texture": "#oak_log_top" },
				"up": { "uv": [ 0, 0, 16, 16 ], "texture": "#oak_log_top" },
				"north": { "uv": [ 0, 0, 16, 16 ], "texture": "#oak_log_side" },
				"south": { "uv": [ 0, 0, 16, 16 ], "texture": "#oak_log_side" },
				"west": { "uv": [ 0, 0, 16, 16 ], "texture": "#oak_log_side" },
				"east": { "uv": [ 0, 0, 16, 16 ], "texture": "#oak_log_side" }
			}
		},
		{
			"__comment": "Oak Log",
			"from": [ -9.5, -16, 6 ],
			"to": [ -3, -9.5, 12.5 ],
			"faces": {
				"down": { "uv": [ 0, 0, 16, 16 ], "texture": "#oak_log_top" },
				"up": { "uv": [ 0, 0, 16, 16 ], "texture": "#oak_log_top" },
				"north": { "uv": [ 0, 0, 16, 16 ], "texture": "#oak_log_side" },
				"south": { "uv": [ 0, 0, 16, 16 ], "texture": "#oak_log_side" },
				"west": { "uv": [ 0, 0, 16, 16 ], "texture": "#oak_log_side" },
				"east": { "uv": [ 0, 0, 16, 16 ], "texture": "#oak_log_side" }
			}
		},
		{
			"__comment": "Oak Log",
			"from": [ -9.5, -3, 6 ],
			"to": [ -3, 3.5, 12.5 ],
			"faces": {
				"down": { "uv": [ 0, 0, 16, 16 ], "texture": "#oak_log_top" },
				"up": { "uv": [ 0, 0, 16, 16 ], "texture": "#oak_log_top" },
				"north": { "uv": [ 0, 0, 16, 16 ], "texture": "#oak_log_side" },
				"south": { "uv": [ 0, 0, 16, 16 ], "texture": "#oak_log_side" },
				"west": { "uv": [ 0, 0, 16, 16 ], "texture": "#oak_log_side" },
				"east": { "uv": [ 0, 0, 16, 16 ], "texture": "#oak_log_side" }
			}
		},
		{
			"__comment": "Oak Log",
			"from": [ -9.5, -9.5, 6 ],
			"to": [ -3, -3, 12.5 ],
			"faces": {
				"down": { "uv": [ 0, 0, 16, 16 ], "texture": "#oak_log_top" },
				"up": { "uv": [ 0, 0, 16, 16 ], "texture": "#oak_log_top" },
				"north": { "uv": [ 0, 0, 16, 16 ], "texture": "#oak_log_side" },
				"south": { "uv": [ 0, 0, 16, 16 ], "texture": "#oak_log_side" },
				"west": { "uv": [ 0, 0, 16, 16 ], "texture": "#oak_log_side" },
				"east": { "uv": [ 0, 0, 16, 16 ], "texture": "#oak_log_side" }
			}
		},
		{
			"__comment": "Oak Log",
			"from": [ -9.5, 3.5, 6 ],
			"to": [ -3, 10, 12.5 ],
			"faces": {
				"down": { "uv": [ 0, 0, 16, 16 ], "texture": "#oak_log_top" },
				"up": { "uv": [ 0, 0, 16, 16 ], "texture": "#oak_log_top" },
				"north": { "uv": [ 0, 0, 16, 16 ], "texture": "#oak_log_side" },
				"south": { "uv": [ 0, 0, 16, 16 ], "texture": "#oak_log_side" },
				"west": { "uv": [ 0, 0, 16, 16 ], "texture": "#oak_log_side" },
				"east": { "uv": [ 0, 0, 16, 16 ], "texture": "#oak_log_side" }
			}
		},
		{
			"__comment": "Oak Planks",
			"from": [ 16.5, -9.5, -7 ],
			"to": [ 23, -3, -0.5 ],
			"faces": {
				"down": { "uv": [ 0, 0, 16, 16 ], "texture": "#oak_planks", "rotation": 270 },
				"up": { "uv": [ 0, 0, 16, 16 ], "texture": "#oak_planks", "rotation": 90 },
				"north": { "uv": [ 0, 0, 16, 16 ], "texture": "#oak_planks" },
				"south": { "uv": [ 0, 0, 16, 16 ], "texture": "#oak_planks" },
				"west": { "uv": [ 0, 0, 16, 16 ], "texture": "#oak_planks" },
				"east": { "uv": [ 0, 0, 16, 16 ], "texture": "#oak_planks" }
			}
		},
		{
			"__comment": "Oak Planks",
			"from": [ 16.5, -9.5, -0.5 ],
			"to": [ 23, -3, 6 ],
			"faces": {
				"down": { "uv": [ 0, 0, 16, 16 ], "texture": "#oak_planks", "rotation": 270 },
				"up": { "uv": [ 0, 0, 16, 16 ], "texture": "#oak_planks", "rotation": 90 },
				"north": { "uv": [ 0, 0, 16, 16 ], "texture": "#oak_planks" },
				"south": { "uv": [ 0, 0, 16, 16 ], "texture": "#oak_planks" },
				"west": { "uv": [ 0, 0, 16, 16 ], "texture": "#oak_planks" },
				"east": { "uv": [ 0, 0, 16, 16 ], "texture": "#oak_planks" }
			}
		},
		{
			"__comment": "Oak Planks",
			"from": [ 10, -9.5, -7 ],
			"to": [ 16.5, -3, -0.5 ],
			"faces": {
				"down": { "uv": [ 0, 0, 16, 16 ], "texture": "#oak_planks", "rotation": 270 },
				"up": { "uv": [ 0, 0, 16, 16 ], "texture": "#oak_planks", "rotation": 90 },
				"north": { "uv": [ 0, 0, 16, 16 ], "texture": "#oak_planks" },
				"south": { "uv": [ 0, 0, 16, 16 ], "texture": "#oak_planks" },
				"west": { "uv": [ 0, 0, 16, 16 ], "texture": "#oak_planks" },
				"east": { "uv": [ 0, 0, 16, 16 ], "texture": "#oak_planks" }
			}
		},
		{
			"__comment": "Oak Planks",
			"from": [ 10, -9.5, -0.5 ],
			"to": [ 16.5, -3, 6 ],
			"faces": {
				"down": { "uv": [ 0, 0, 16, 16 ], "texture": "#oak_planks", "rotation": 270 },
				"up": { "uv": [ 0, 0, 16, 16 ], "texture": "#oak_planks", "rotation": 90 },
				"north": { "uv": [ 0, 0, 16, 16 ], "texture": "#oak_planks" },
				"south": { "uv": [ 0, 0, 16, 16 ], "texture": "#oak_planks" },
				"west": { "uv": [ 0, 0, 16, 16 ], "texture": "#oak_planks" },
				"east": { "uv": [ 0, 0, 16, 16 ], "texture": "#oak_planks" }
			}
		},
		{
			"__comment": "Oak Planks",
			"from": [ 3.5, -9.5, -7 ],
			"to": [ 10, -3, -0.5 ],
			"faces": {
				"down": { "uv": [ 0, 0, 16, 16 ], "texture": "#oak_planks", "rotation": 270 },
				"up": { "uv": [ 0, 0, 16, 16 ], "texture": "#oak_planks", "rotation": 90 },
				"north": { "uv": [ 0, 0, 16, 16 ], "texture": "#oak_planks" },
				"south": { "uv": [ 0, 0, 16, 16 ], "texture": "#oak_planks" },
				"west": { "uv": [ 0, 0, 16, 16 ], "texture": "#oak_planks" },
				"east": { "uv": [ 0, 0, 16, 16 ], "texture": "#oak_planks" }
			}
		},
		{
			"__comment": "Oak Planks",
			"from": [ 3.5, -9.5, -0.5 ],
			"to": [ 10, -3, 6 ],
			"faces": {
				"down": { "uv": [ 0, 0, 16, 16 ], "texture": "#oak_planks", "rotation": 270 },
				"up": { "uv": [ 0, 0, 16, 16 ], "texture": "#oak_planks", "rotation": 90 },
				"north": { "uv": [ 0, 0, 16, 16 ], "texture": "#oak_planks" },
				"south": { "uv": [ 0, 0, 16, 16 ], "texture": "#oak_planks" },
				"west": { "uv": [ 0, 0, 16, 16 ], "texture": "#oak_planks" },
				"east": { "uv": [ 0, 0, 16, 16 ], "texture": "#oak_planks" }
			}
		},
		{
			"__comment": "Oak Planks",
			"from": [ -3, -9.5, -7 ],
			"to": [ 3.5, -3, -0.5 ],
			"faces": {
				"down": { "uv": [ 0, 0, 16, 16 ], "texture": "#oak_planks", "rotation": 270 },
				"up": { "uv": [ 0, 0, 16, 16 ], "texture": "#oak_planks", "rotation": 90 },
				"north": { "uv": [ 0, 0, 16, 16 ], "texture": "#oak_planks" },
				"south": { "uv": [ 0, 0, 16, 16 ], "texture": "#oak_planks" },
				"west": { "uv": [ 0, 0, 16, 16 ], "texture": "#oak_planks" },
				"east": { "uv": [ 0, 0, 16, 16 ], "texture": "#oak_planks" }
			}
		},
		{
			"__comment": "Oak Planks",
			"from": [ -3, -9.5, -0.5 ],
			"to": [ 3.5, -3, 6 ],
			"faces": {
				"down": { "uv": [ 0, 0, 16, 16 ], "texture": "#oak_planks", "rotation": 270 },
				"up": { "uv": [ 0, 0, 16, 16 ], "texture": "#oak_planks", "rotation": 90 },
				"north": { "uv": [ 0, 0, 16, 16 ], "texture": "#oak_planks" },
				"south": { "uv": [ 0, 0, 16, 16 ], "texture": "#oak_planks" },
				"west": { "uv": [ 0, 0, 16, 16 ], "texture": "#oak_planks" },
				"east": { "uv": [ 0, 0, 16, 16 ], "texture": "#oak_planks" }
			}
		},
		{
			"__comment": "Oak Planks",
			"from": [ 10, -9.5, 6 ],
			"to": [ 16.5, -3, 12.5 ],
			"faces": {
				"down": { "uv": [ 0, 0, 16, 16 ], "texture": "#oak_planks", "rotation": 270 },
				"up": { "uv": [ 0, 0, 16, 16 ], "texture": "#oak_planks", "rotation": 90 },
				"north": { "uv": [ 0, 0, 16, 16 ], "texture": "#oak_planks" },
				"south": { "uv": [ 0, 0, 16, 16 ], "texture": "#oak_planks" },
				"west": { "uv": [ 0, 0, 16, 16 ], "texture": "#oak_planks" },
				"east": { "uv": [ 0, 0, 16, 16 ], "texture": "#oak_planks" }
			}
		},
		{
			"__comment": "Oak Planks",
			"from": [ 3.5, -9.5, 6 ],
			"to": [ 10, -3, 12.5 ],
			"faces": {
				"down": { "uv": [ 0, 0, 16, 16 ], "texture": "#oak_planks", "rotation": 270 },
				"up": { "uv": [ 0, 0, 16, 16 ], "texture": "#oak_planks", "rotation": 90 },
				"north": { "uv": [ 0, 0, 16, 16 ], "texture": "#oak_planks" },
				"south": { "uv": [ 0, 0, 16, 16 ], "texture": "#oak_planks" },
				"west": { "uv": [ 0, 0, 16, 16 ], "texture": "#oak_planks" },
				"east": { "uv": [ 0, 0, 16, 16 ], "texture": "#oak_planks" }
			}
		},
		{
			"__comment": "Oak Planks",
			"from": [ -3, -9.5, 6 ],
			"to": [ 3.5, -3, 12.5 ],
			"faces": {
				"down": { "uv": [ 0, 0, 16, 16 ], "texture": "#oak_planks", "rotation": 270 },
				"up": { "uv": [ 0, 0, 16, 16 ], "texture": "#oak_planks", "rotation": 90 },
				"north": { "uv": [ 0, 0, 16, 16 ], "texture": "#oak_planks" },
				"south": { "uv": [ 0, 0, 16, 16 ], "texture": "#oak_planks" },
				"west": { "uv": [ 0, 0, 16, 16 ], "texture": "#oak_planks" },
				"east": { "uv": [ 0, 0, 16, 16 ], "texture": "#oak_planks" }
			}
		},
		{
			"__comment": "Oak Planks",
			"from": [ 3.5, -9.5, 12.5 ],
			"to": [ 10, -3, 19 ],
			"faces": {
				"down": { "uv": [ 0, 0, 16, 16 ], "texture": "#oak_planks", "rotation": 270 },
				"up": { "uv": [ 0, 0, 16, 16 ], "texture": "#oak_planks", "rotation": 90 },
				"north": { "uv": [ 0, 0, 16, 16 ], "texture": "#oak_planks" },
				"south": { "uv": [ 0, 0, 16, 16 ], "texture": "#oak_planks" },
				"west": { "uv": [ 0, 0, 16, 16 ], "texture": "#oak_planks" },
				"east": { "uv": [ 0, 0, 16, 16 ], "texture": "#oak_planks" }
			}
		},
		{
			"__comment": "Oak Planks",
			"from": [ -3, -9.5, 12.5 ],
			"to": [ 3.5, -3, 19 ],
			"faces": {
				"down": { "uv": [ 0, 0, 16, 16 ], "texture": "#oak_planks", "rotation": 270 },
				"up": { "uv": [ 0, 0, 16, 16 ], "texture": "#oak_planks", "rotation": 90 },
				"north": { "uv": [ 0, 0, 16, 16 ], "texture": "#oak_planks" },
				"south": { "uv": [ 0, 0, 16, 16 ], "texture": "#oak_planks" },
				"west": { "uv": [ 0, 0, 16, 16 ], "texture": "#oak_planks" },
				"east": { "uv": [ 0, 0, 16, 16 ], "texture": "#oak_planks" }
			}
		},
		{
			"__comment": "Oak Planks",
			"from": [ 3.5, -9.5, 19 ],
			"to": [ 10, -3, 25.5 ],
			"faces": {
				"down": { "uv": [ 0, 0, 16, 16 ], "texture": "#oak_planks", "rotation": 270 },
				"up": { "uv": [ 0, 0, 16, 16 ], "texture": "#oak_planks", "rotation": 90 },
				"north": { "uv": [ 0, 0, 16, 16 ], "texture": "#oak_planks" },
				"south": { "uv": [ 0, 0, 16, 16 ], "texture": "#oak_planks" },
				"west": { "uv": [ 0, 0, 16, 16 ], "texture": "#oak_planks" },
				"east": { "uv": [ 0, 0, 16, 16 ], "texture": "#oak_planks" }
			}
		},
		{
			"__comment": "Oak Planks",
			"from": [ -3, -9.5, 19 ],
			"to": [ 3.5, -3, 25.5 ],
			"faces": {
				"down": { "uv": [ 0, 0, 16, 16 ], "texture": "#oak_planks", "rotation": 270 },
				"up": { "uv": [ 0, 0, 16, 16 ], "texture": "#oak_planks", "rotation": 90 },
				"north": { "uv": [ 0, 0, 16, 16 ], "texture": "#oak_planks" },
				"south": { "uv": [ 0, 0, 16, 16 ], "texture": "#oak_planks" },
				"west": { "uv": [ 0, 0, 16, 16 ], "texture": "#oak_planks" },
				"east": { "uv": [ 0, 0, 16, 16 ], "texture": "#oak_planks" }
			}
		},
		{
			"__comment": "Oak Stairs",
			"from": [ 10, -9.5, 19 ],
			"to": [ 16.5, -6.25, 25.5 ],
			"faces": {
				"down": { "uv": [ 0, 0, 16, 16 ], "texture": "#oak_planks", "rotation": 270 },
				"up": { "uv": [ 0, 0, 16, 16 ], "texture": "#oak_planks", "rotation": 90 },
				"north": { "uv": [ 0, 8, 16, 16 ], "texture": "#oak_planks" },
				"south": { "uv": [ 0, 8, 16, 16 ], "texture": "#oak_planks" },
				"west": { "uv": [ 0, 8, 16, 16 ], "texture": "#oak_planks" },
				"east": { "uv": [ 0, 8, 16, 16 ], "texture": "#oak_planks" }
			}
		},
		{
			"__comment": "Oak Stairs",
			"from": [ 10, -6.25, 19 ],
			"to": [ 13.25, -3, 25.5 ],
			"faces": {
				"down": { "uv": [ 0, 0, 16, 16 ], "texture": "#oak_planks", "rotation": 270 },
				"up": { "uv": [ 0, 0, 16, 8 ], "texture": "#oak_planks", "rotation": 90 },
				"north": { "uv": [ 8, 0, 16, 8 ], "texture": "#oak_planks" },
				"south": { "uv": [ 0, 0, 8, 8 ], "texture": "#oak_planks" },
				"west": { "uv": [ 0, 8, 16, 16 ], "texture": "#oak_planks" },
				"east": { "uv": [ 0, 8, 16, 16 ], "texture": "#oak_planks" }
			}
		},
		{
			"__comment": "Oak Stairs",
			"from": [ 10, -9.5, 12.5 ],
			"to": [ 16.5, -6.25, 19 ],
			"faces": {
				"down": { "uv": [ 0, 0, 16, 16 ], "texture": "#oak_planks", "rotation": 270 },
				"up": { "uv": [ 0, 0, 16, 16 ], "texture": "#oak_planks", "rotation": 90 },
				"north": { "uv": [ 0, 8, 16, 16 ], "texture": "#oak_planks" },
				"south": { "uv": [ 0, 8, 16, 16 ], "texture": "#oak_planks" },
				"west": { "uv": [ 0, 8, 16, 16 ], "texture": "#oak_planks" },
				"east": { "uv": [ 0, 8, 16, 16 ], "texture": "#oak_planks" }
			}
		},
		{
			"__comment": "Oak Stairs",
			"from": [ 10, -6.25, 12.5 ],
			"to": [ 13.25, -3, 19 ],
			"faces": {
				"down": { "uv": [ 0, 0, 16, 16 ], "texture": "#oak_planks", "rotation": 270 },
				"up": { "uv": [ 0, 0, 16, 8 ], "texture": "#oak_planks", "rotation": 90 },
				"north": { "uv": [ 8, 0, 16, 8 ], "texture": "#oak_planks" },
				"south": { "uv": [ 0, 0, 8, 8 ], "texture": "#oak_planks" },
				"west": { "uv": [ 0, 8, 16, 16 ], "texture": "#oak_planks" },
				"east": { "uv": [ 0, 8, 16, 16 ], "texture": "#oak_planks" }
			}
		},
		{
			"__comment": "Oak Stairs",
			"from": [ 16.5, -16, 12.5 ],
			"to": [ 23, -12.75, 19 ],
			"faces": {
				"down": { "uv": [ 0, 0, 16, 16 ], "texture": "#oak_planks", "rotation": 270 },
				"up": { "uv": [ 0, 0, 16, 16 ], "texture": "#oak_planks", "rotation": 90 },
				"north": { "uv": [ 0, 8, 16, 16 ], "texture": "#oak_planks" },
				"south": { "uv": [ 0, 8, 16, 16 ], "texture": "#oak_planks" },
				"west": { "uv": [ 0, 8, 16, 16 ], "texture": "#oak_planks" },
				"east": { "uv": [ 0, 8, 16, 16 ], "texture": "#oak_planks" }
			}
		},
		{
			"__comment": "Oak Stairs",
			"from": [ 16.5, -12.75, 12.5 ],
			"to": [ 19.75, -9.5, 19 ],
			"faces": {
				"down": { "uv": [ 0, 0, 16, 16 ], "texture": "#oak_planks", "rotation": 270 },
				"up": { "uv": [ 0, 0, 16, 8 ], "texture": "#oak_planks", "rotation": 90 },
				"north": { "uv": [ 8, 0, 16, 8 ], "texture": "#oak_planks" },
				"south": { "uv": [ 0, 0, 8, 8 ], "texture": "#oak_planks" },
				"west": { "uv": [ 0, 8, 16, 16 ], "texture": "#oak_planks" },
				"east": { "uv": [ 0, 8, 16, 16 ], "texture": "#oak_planks" }
			}
		},
		{
			"__comment": "Oak Stairs",
			"from": [ 16.5, -16, 19 ],
			"to": [ 23, -12.75, 25.5 ],
			"faces": {
				"down": { "uv": [ 0, 0, 16, 16 ], "texture": "#oak_planks", "rotation": 270 },
				"up": { "uv": [ 0, 0, 16, 16 ], "texture": "#oak_planks", "rotation": 90 },
				"north": { "uv": [ 0, 8, 16, 16 ], "texture": "#oak_planks" },
				"south": { "uv": [ 0, 8, 16, 16 ], "texture": "#oak_planks" },
				"west": { "uv": [ 0, 8, 16, 16 ], "texture": "#oak_planks" },
				"east": { "uv": [ 0, 8, 16, 16 ], "texture": "#oak_planks" }
			}
		},
		{
			"__comment": "Oak Stairs",
			"from": [ 16.5, -12.75, 19 ],
			"to": [ 19.75, -9.5, 25.5 ],
			"faces": {
				"down": { "uv": [ 0, 0, 16, 16 ], "texture": "#oak_planks", "rotation": 270 },
				"up": { "uv": [ 0, 0, 16, 8 ], "texture": "#oak_planks", "rotation": 90 },
				"north": { "uv": [ 8, 0, 16, 8 ], "texture": "#oak_planks" },
				"south": { "uv": [ 0, 0, 8, 8 ], "texture": "#oak_planks" },
				"west": { "uv": [ 0, 8, 16, 16 ], "texture": "#oak_planks" },
				"east": { "uv": [ 0, 8, 16, 16 ], "texture": "#oak_planks" }
			}
		},
		{
			"__comment": "Oak Planks",
			"from": [ 10, -6.25, 25.5 ],
			"to": [ 16.5, -3, 32 ],
			"faces": {
				"down": { "uv": [ 0, 0, 16, 16 ], "texture": "#oak_planks", "rotation": 270 },
				"up": { "uv": [ 0, 0, 16, 16 ], "texture": "#oak_planks", "rotation": 90 },
				"north": { "uv": [ 0, 0, 16, 8 ], "texture": "#oak_planks" },
				"south": { "uv": [ 0, 0, 16, 8 ], "texture": "#oak_planks" },
				"west": { "uv": [ 0, 0, 16, 8 ], "texture": "#oak_planks" },
				"east": { "uv": [ 0, 0, 16, 8 ], "texture": "#oak_planks" }
			}
		},
		{
			"__comment": "Oak Planks",
			"from": [ 10, -9.5, 25.5 ],
			"to": [ 16.5, -6.25, 28.75 ],
			"faces": {
				"down": { "uv": [ 0, 0, 16, 16 ], "texture": "#oak_planks", "rotation": 270 },
				"up": { "uv": [ 0, 0, 16, 16 ], "texture": "#oak_planks", "rotation": 90 },
				"north": { "uv": [ 0, 8, 16, 16 ], "texture": "#oak_planks" },
				"south": { "uv": [ 0, 8, 16, 16 ], "texture": "#oak_planks" },
				"west": { "uv": [ 0, 8, 8, 16 ], "texture": "#oak_planks" },
				"east": { "uv": [ 8, 8, 16, 16 ], "texture": "#oak_planks" }
			}
		},
		{
			"__comment": "Oak Planks",
			"from": [ 3.5, -9.5, 25.5 ],
			"to": [ 10, -6.25, 28.75 ],
			"faces": {
				"down": { "uv": [ 0, 0, 16, 16 ], "texture": "#oak_planks", "rotation": 270 },
				"up": { "uv": [ 0, 0, 16, 16 ], "texture": "#oak_planks", "rotation": 90 },
				"north": { "uv": [ 0, 8, 16, 16 ], "texture": "#oak_planks" },
				"south": { "uv": [ 0, 8, 16, 16 ], "texture": "#oak_planks" },
				"west": { "uv": [ 0, 8, 8, 16 ], "texture": "#oak_planks" },
				"east": { "uv": [ 8, 8, 16, 16 ], "texture": "#oak_planks" }
			}
		},
		{
			"__comment": "Oak Planks",
			"from": [ 3.5, -6.25, 25.5 ],
			"to": [ 10, -3, 32 ],
			"faces": {
				"down": { "uv": [ 0, 0, 16, 16 ], "texture": "#oak_planks", "rotation": 270 },
				"up": { "uv": [ 0, 0, 16, 16 ], "texture": "#oak_planks", "rotation": 90 },
				"north": { "uv": [ 0, 0, 16, 8 ], "texture": "#oak_planks" },
				"south": { "uv": [ 0, 0, 16, 8 ], "texture": "#oak_planks" },
				"west": { "uv": [ 0, 0, 16, 8 ], "texture": "#oak_planks" },
				"east": { "uv": [ 0, 0, 16, 8 ], "texture": "#oak_planks" }
			}
		},
		{
			"__comment": "Oak Planks",
			"from": [ -3, -9.5, 25.5 ],
			"to": [ 3.5, -6.25, 28.75 ],
			"faces": {
				"down": { "uv": [ 0, 0, 16, 16 ], "texture": "#oak_planks", "rotation": 270 },
				"up": { "uv": [ 0, 0, 16, 16 ], "texture": "#oak_planks", "rotation": 90 },
				"north": { "uv": [ 0, 8, 16, 16 ], "texture": "#oak_planks" },
				"south": { "uv": [ 0, 8, 16, 16 ], "texture": "#oak_planks" },
				"west": { "uv": [ 0, 8, 8, 16 ], "texture": "#oak_planks" },
				"east": { "uv": [ 8, 8, 16, 16 ], "texture": "#oak_planks" }
			}
		},
		{
			"__comment": "Oak Planks",
			"from": [ -3, -6.25, 25.5 ],
			"to": [ 3.5, -3, 32 ],
			"faces": {
				"down": { "uv": [ 0, 0, 16, 16 ], "texture": "#oak_planks", "rotation": 270 },
				"up": { "uv": [ 0, 0, 16, 16 ], "texture": "#oak_planks", "rotation": 90 },
				"north": { "uv": [ 0, 0, 16, 8 ], "texture": "#oak_planks" },
				"south": { "uv": [ 0, 0, 16, 8 ], "texture": "#oak_planks" },
				"west": { "uv": [ 0, 0, 16, 8 ], "texture": "#oak_planks" },
				"east": { "uv": [ 0, 0, 16, 8 ], "texture": "#oak_planks" }
			}
		},
		{
			"__comment": "Oak Planks",
			"from": [ -9.5, -6.25, 19 ],
			"to": [ -3, -3, 25.5 ],
			"faces": {
				"down": { "uv": [ 0, 0, 16, 16 ], "texture": "#oak_planks", "rotation": 270 },
				"up": { "uv": [ 0, 0, 16, 16 ], "texture": "#oak_planks", "rotation": 90 },
				"north": { "uv": [ 0, 0, 16, 8 ], "texture": "#oak_planks" },
				"south": { "uv": [ 0, 0, 16, 8 ], "texture": "#oak_planks" },
				"west": { "uv": [ 0, 0, 16, 8 ], "texture": "#oak_planks" },
				"east": { "uv": [ 0, 0, 16, 8 ], "texture": "#oak_planks" }
			}
		},
		{
			"__comment": "Oak Planks",
			"from": [ -6.25, -9.5, 19 ],
			"to": [ -3, -6.25, 25.5 ],
			"faces": {
				"down": { "uv": [ 0, 8, 16, 16 ], "texture": "#oak_planks", "rotation": 270 },
				"up": { "uv": [ 0, 8, 16, 16 ], "texture": "#oak_planks", "rotation": 270 },
				"north": { "uv": [ 0, 8, 8, 16 ], "texture": "#oak_planks" },
				"south": { "uv": [ 8, 8, 16, 16 ], "texture": "#oak_planks" },
				"west": { "uv": [ 0, 8, 16, 16 ], "texture": "#oak_planks" },
				"east": { "uv": [ 0, 8, 16, 16 ], "texture": "#oak_planks" }
			}
		},
		{
			"__comment": "Oak Planks",
			"from": [ -6.25, -9.5, 12.5 ],
			"to": [ -3, -6.25, 19 ],
			"faces": {
				"down": { "uv": [ 0, 8, 16, 16 ], "texture": "#oak_planks", "rotation": 270 },
				"up": { "uv": [ 0, 8, 16, 16 ], "texture": "#oak_planks", "rotation": 270 },
				"north": { "uv": [ 0, 8, 8, 16 ], "texture": "#oak_planks" },
				"south": { "uv": [ 8, 8, 16, 16 ], "texture": "#oak_planks" },
				"west": { "uv": [ 0, 8, 16, 16 ], "texture": "#oak_planks" },
				"east": { "uv": [ 0, 8, 16, 16 ], "texture": "#oak_planks" }
			}
		},
		{
			"__comment": "Oak Planks",
			"from": [ -9.5, -6.25, 12.5 ],
			"to": [ -3, -3, 19 ],
			"faces": {
				"down": { "uv": [ 0, 0, 16, 16 ], "texture": "#oak_planks", "rotation": 270 },
				"up": { "uv": [ 0, 0, 16, 16 ], "texture": "#oak_planks", "rotation": 90 },
				"north": { "uv": [ 0, 0, 16, 8 ], "texture": "#oak_planks" },
				"south": { "uv": [ 0, 0, 16, 8 ], "texture": "#oak_planks" },
				"west": { "uv": [ 0, 0, 16, 8 ], "texture": "#oak_planks" },
				"east": { "uv": [ 0, 0, 16, 8 ], "texture": "#oak_planks" }
			}
		},
		{
			"__comment": "Oak Planks",
			"from": [ -6.25, -9.5, -7 ],
			"to": [ -3, -6.25, -0.5 ],
			"faces": {
				"down": { "uv": [ 0, 8, 16, 16 ], "texture": "#oak_planks", "rotation": 270 },
				"up": { "uv": [ 0, 8, 16, 16 ], "texture": "#oak_planks", "rotation": 270 },
				"north": { "uv": [ 0, 8, 8, 16 ], "texture": "#oak_planks" },
				"south": { "uv": [ 8, 8, 16, 16 ], "texture": "#oak_planks" },
				"west": { "uv": [ 0, 8, 16, 16 ], "texture": "#oak_planks" },
				"east": { "uv": [ 0, 8, 16, 16 ], "texture": "#oak_planks" }
			}
		},
		{
			"__comment": "Oak Planks",
			"from": [ -9.5, -6.25, -7 ],
			"to": [ -3, -3, -0.5 ],
			"faces": {
				"down": { "uv": [ 0, 0, 16, 16 ], "texture": "#oak_planks", "rotation": 270 },
				"up": { "uv": [ 0, 0, 16, 16 ], "texture": "#oak_planks", "rotation": 90 },
				"north": { "uv": [ 0, 0, 16, 8 ], "texture": "#oak_planks" },
				"south": { "uv": [ 0, 0, 16, 8 ], "texture": "#oak_planks" },
				"west": { "uv": [ 0, 0, 16, 8 ], "texture": "#oak_planks" },
				"east": { "uv": [ 0, 0, 16, 8 ], "texture": "#oak_planks" }
			}
		},
		{
			"__comment": "Oak Planks",
			"from": [ -6.25, -9.5, -0.5 ],
			"to": [ -3, -6.25, 6 ],
			"faces": {
				"down": { "uv": [ 0, 8, 16, 16 ], "texture": "#oak_planks", "rotation": 270 },
				"up": { "uv": [ 0, 8, 16, 16 ], "texture": "#oak_planks", "rotation": 270 },
				"north": { "uv": [ 0, 8, 8, 16 ], "texture": "#oak_planks" },
				"south": { "uv": [ 8, 8, 16, 16 ], "texture": "#oak_planks" },
				"west": { "uv": [ 0, 8, 16, 16 ], "texture": "#oak_planks" },
				"east": { "uv": [ 0, 8, 16, 16 ], "texture": "#oak_planks" }
			}
		},
		{
			"__comment": "Oak Planks",
			"from": [ -9.5, -6.25, -0.5 ],
			"to": [ -3, -3, 6 ],
			"faces": {
				"down": { "uv": [ 0, 0, 16, 16 ], "texture": "#oak_planks", "rotation": 270 },
				"up": { "uv": [ 0, 0, 16, 16 ], "texture": "#oak_planks", "rotation": 90 },
				"north": { "uv": [ 0, 0, 16, 8 ], "texture": "#oak_planks" },
				"south": { "uv": [ 0, 0, 16, 8 ], "texture": "#oak_planks" },
				"west": { "uv": [ 0, 0, 16, 8 ], "texture": "#oak_planks" },
				"east": { "uv": [ 0, 0, 16, 8 ], "texture": "#oak_planks" }
			}
		},
		{
			"__comment": "Bricks",
			"from": [ -9.5, -3, -0.5 ],
			"to": [ -3, 3.5, 6 ],
			"faces": {
				"down": { "uv": [ 0, 0, 16, 16 ], "texture": "#bricks", "rotation": 90 },
				"up": { "uv": [ 0, 0, 16, 16 ], "texture": "#bricks", "rotation": 90 },
				"north": { "uv": [ 0, 0, 16, 16 ], "texture": "#bricks" },
				"south": { "uv": [ 0, 0, 16, 16 ], "texture": "#bricks" },
				"west": { "uv": [ 0, 0, 16, 16 ], "texture": "#bricks" },
				"east": { "uv": [ 0, 0, 16, 16 ], "texture": "#bricks" }
			}
		},
		{
			"__comment": "Bricks",
			"from": [ -9.5, 3.5, -0.5 ],
			"to": [ -3, 10, 6 ],
			"faces": {
				"down": { "uv": [ 0, 0, 16, 16 ], "texture": "#bricks", "rotation": 90 },
				"up": { "uv": [ 0, 0, 16, 16 ], "texture": "#bricks", "rotation": 90 },
				"north": { "uv": [ 0, 0, 16, 16 ], "texture": "#bricks" },
				"south": { "uv": [ 0, 0, 16, 16 ], "texture": "#bricks" },
				"west": { "uv": [ 0, 0, 16, 16 ], "texture": "#bricks" },
				"east": { "uv": [ 0, 0, 16, 16 ], "texture": "#bricks" }
			}
		},
		{
			"__comment": "Bricks",
			"from": [ -9.5, 3.5, -7 ],
			"to": [ -3, 10, -0.5 ],
			"faces": {
				"down": { "uv": [ 0, 0, 16, 16 ], "texture": "#bricks", "rotation": 90 },
				"up": { "uv": [ 0, 0, 16, 16 ], "texture": "#bricks", "rotation": 90 },
				"north": { "uv": [ 0, 0, 16, 16 ], "texture": "#bricks" },
				"south": { "uv": [ 0, 0, 16, 16 ], "texture": "#bricks" },
				"west": { "uv": [ 0, 0, 16, 16 ], "texture": "#bricks" },
				"east": { "uv": [ 0, 0, 16, 16 ], "texture": "#bricks" }
			}
		},
		{
			"__comment": "Bricks",
			"from": [ -9.5, -3, -7 ],
			"to": [ -3, 3.5, -0.5 ],
			"faces": {
				"down": { "uv": [ 0, 0, 16, 16 ], "texture": "#bricks", "rotation": 90 },
				"up": { "uv": [ 0, 0, 16, 16 ], "texture": "#bricks", "rotation": 90 },
				"north": { "uv": [ 0, 0, 16, 16 ], "texture": "#bricks" },
				"south": { "uv": [ 0, 0, 16, 16 ], "texture": "#bricks" },
				"west": { "uv": [ 0, 0, 16, 16 ], "texture": "#bricks" },
				"east": { "uv": [ 0, 0, 16, 16 ], "texture": "#bricks" }
			}
		},
		{
			"__comment": "Bricks",
			"from": [ -3, -3, 6 ],
			"to": [ 3.5, 3.5, 12.5 ],
			"faces": {
				"down": { "uv": [ 0, 0, 16, 16 ], "texture": "#bricks", "rotation": 90 },
				"up": { "uv": [ 0, 0, 16, 16 ], "texture": "#bricks", "rotation": 90 },
				"north": { "uv": [ 0, 0, 16, 16 ], "texture": "#bricks" },
				"south": { "uv": [ 0, 0, 16, 16 ], "texture": "#bricks" },
				"west": { "uv": [ 0, 0, 16, 16 ], "texture": "#bricks" },
				"east": { "uv": [ 0, 0, 16, 16 ], "texture": "#bricks" }
			}
		},
		{
			"__comment": "Bricks",
			"from": [ 10, 3.5, 6 ],
			"to": [ 16.5, 10, 12.5 ],
			"faces": {
				"down": { "uv": [ 0, 0, 16, 16 ], "texture": "#bricks", "rotation": 90 },
				"up": { "uv": [ 0, 0, 16, 16 ], "texture": "#bricks", "rotation": 90 },
				"north": { "uv": [ 0, 0, 16, 16 ], "texture": "#bricks" },
				"south": { "uv": [ 0, 0, 16, 16 ], "texture": "#bricks" },
				"west": { "uv": [ 0, 0, 16, 16 ], "texture": "#bricks" },
				"east": { "uv": [ 0, 0, 16, 16 ], "texture": "#bricks" }
			}
		},
		{
			"__comment": "Bricks",
			"from": [ -3, 3.5, 6 ],
			"to": [ 3.5, 10, 12.5 ],
			"faces": {
				"down": { "uv": [ 0, 0, 16, 16 ], "texture": "#bricks", "rotation": 90 },
				"up": { "uv": [ 0, 0, 16, 16 ], "texture": "#bricks", "rotation": 90 },
				"north": { "uv": [ 0, 0, 16, 16 ], "texture": "#bricks" },
				"south": { "uv": [ 0, 0, 16, 16 ], "texture": "#bricks" },
				"west": { "uv": [ 0, 0, 16, 16 ], "texture": "#bricks" },
				"east": { "uv": [ 0, 0, 16, 16 ], "texture": "#bricks" }
			}
		},
		{
			"__comment": "Bricks",
			"from": [ 10, 10, 6 ],
			"to": [ 16.5, 16.5, 12.5 ],
			"faces": {
				"down": { "uv": [ 0, 0, 16, 16 ], "texture": "#bricks", "rotation": 90 },
				"up": { "uv": [ 0, 0, 16, 16 ], "texture": "#bricks", "rotation": 90 },
				"north": { "uv": [ 0, 0, 16, 16 ], "texture": "#bricks" },
				"south": { "uv": [ 0, 0, 16, 16 ], "texture": "#bricks" },
				"west": { "uv": [ 0, 0, 16, 16 ], "texture": "#bricks" },
				"east": { "uv": [ 0, 0, 16, 16 ], "texture": "#bricks" }
			}
		},
		{
			"__comment": "Bricks",
			"from": [ -3, 10, 6 ],
			"to": [ 3.5, 16.5, 12.5 ],
			"faces": {
				"down": { "uv": [ 0, 0, 16, 16 ], "texture": "#bricks", "rotation": 90 },
				"up": { "uv": [ 0, 0, 16, 16 ], "texture": "#bricks", "rotation": 90 },
				"north": { "uv": [ 0, 0, 16, 16 ], "texture": "#bricks" },
				"south": { "uv": [ 0, 0, 16, 16 ], "texture": "#bricks" },
				"west": { "uv": [ 0, 0, 16, 16 ], "texture": "#bricks" },
				"east": { "uv": [ 0, 0, 16, 16 ], "texture": "#bricks" }
			}
		},
		{
			"__comment": "Bricks",
			"from": [ 3.5, 10, 6 ],
			"to": [ 10, 16.5, 12.5 ],
			"faces": {
				"down": { "uv": [ 0, 0, 16, 16 ], "texture": "#bricks", "rotation": 90 },
				"up": { "uv": [ 0, 0, 16, 16 ], "texture": "#bricks", "rotation": 90 },
				"north": { "uv": [ 0, 0, 16, 16 ], "texture": "#bricks" },
				"south": { "uv": [ 0, 0, 16, 16 ], "texture": "#bricks" },
				"west": { "uv": [ 0, 0, 16, 16 ], "texture": "#bricks" },
				"east": { "uv": [ 0, 0, 16, 16 ], "texture": "#bricks" }
			}
		},
		{
			"__comment": "Bricks",
			"from": [ 10, -3, 6 ],
			"to": [ 16.5, 3.5, 12.5 ],
			"faces": {
				"down": { "uv": [ 0, 0, 16, 16 ], "texture": "#bricks", "rotation": 90 },
				"up": { "uv": [ 0, 0, 16, 16 ], "texture": "#bricks", "rotation": 90 },
				"north": { "uv": [ 0, 0, 16, 16 ], "texture": "#bricks" },
				"south": { "uv": [ 0, 0, 16, 16 ], "texture": "#bricks" },
				"west": { "uv": [ 0, 0, 16, 16 ], "texture": "#bricks" },
				"east": { "uv": [ 0, 0, 16, 16 ], "texture": "#bricks" }
			}
		},
		{
			"__comment": "Door",
			"from": [ 3.5, -3, 12.5 ],
			"to": [ 10, 3.5, 12.501 ],
			"faces": {
				"down": { "uv": [ 7, 6, 9, 8 ], "texture": "#glass", "rotation": 90 },
				"up": { "uv": [ 7, 6, 9, 8 ], "texture": "#glass", "rotation": 90 },
				"north": { "uv": [ 5.5, 5, 10.5, 10 ], "texture": "#glass", "rotation": 90 },
				"south": { "uv": [ 16, 16, 0, 0 ], "texture": "#door_bottom", "rotation": 180 },
				"west": { "uv": [ 7, 6, 9, 8 ], "texture": "#glass", "rotation": 90 },
				"east": { "uv": [ 7, 6, 9, 8 ], "texture": "#glass", "rotation": 90 }
			}
		},
		{
			"__comment": "Door",
			"from": [ 3.5, 3.5, 12.5 ],
			"to": [ 10, 10, 12.501 ],
			"faces": {
				"down": { "uv": [ 7, 6, 9, 8 ], "texture": "#glass", "rotation": 90 },
				"up": { "uv": [ 7, 6, 9, 8 ], "texture": "#glass", "rotation": 90 },
				"north": { "uv": [ 5.5, 5, 10.5, 10 ], "texture": "#glass", "rotation": 90 },
				"south": { "uv": [ 16, 16, 0, 0 ], "texture": "#door_top", "rotation": 180 },
				"west": { "uv": [ 7, 6, 9, 8 ], "texture": "#glass", "rotation": 90 },
				"east": { "uv": [ 7, 6, 9, 8 ], "texture": "#glass", "rotation": 90 }
			}
		},
		{
			"__comment": "Spruce Planks",
			"from": [ 16.5, 16.5, -7 ],
			"to": [ 23, 23, -0.5 ],
			"faces": {
				"down": { "uv": [ 0, 16, 16, 0 ], "texture": "#spruce_planks", "rotation": 90 },
				"up": { "uv": [ 0, 0, 16, 16 ], "texture": "#spruce_planks", "rotation": 90 },
				"north": { "uv": [ 0, 0, 16, 16 ], "texture": "#spruce_planks" },
				"south": { "uv": [ 0, 0, 16, 16 ], "texture": "#spruce_planks" },
				"west": { "uv": [ 0, 0, 16, 16 ], "texture": "#spruce_planks" },
				"east": { "uv": [ 0, 0, 16, 16 ], "texture": "#spruce_planks" }
			}
		},
		{
			"__comment": "Spruce Planks",
			"from": [ 16.5, 16.5, -0.5 ],
			"to": [ 23, 23, 6 ],
			"faces": {
				"down": { "uv": [ 0, 16, 16, 0 ], "texture": "#spruce_planks", "rotation": 90 },
				"up": { "uv": [ 0, 0, 16, 16 ], "texture": "#spruce_planks", "rotation": 90 },
				"north": { "uv": [ 0, 0, 16, 16 ], "texture": "#spruce_planks" },
				"south": { "uv": [ 0, 0, 16, 16 ], "texture": "#spruce_planks" },
				"west": { "uv": [ 0, 0, 16, 16 ], "texture": "#spruce_planks" },
				"east": { "uv": [ 0, 0, 16, 16 ], "texture": "#spruce_planks" }
			}
		},
		{
			"__comment": "Spruce Planks",
			"from": [ 10, 16.5, -7 ],
			"to": [ 16.5, 23, -0.5 ],
			"faces": {
				"down": { "uv": [ 0, 16, 16, 0 ], "texture": "#spruce_planks", "rotation": 90 },
				"up": { "uv": [ 0, 0, 16, 16 ], "texture": "#spruce_planks", "rotation": 90 },
				"north": { "uv": [ 0, 0, 16, 16 ], "texture": "#spruce_planks" },
				"south": { "uv": [ 0, 0, 16, 16 ], "texture": "#spruce_planks" },
				"west": { "uv": [ 0, 0, 16, 16 ], "texture": "#spruce_planks" },
				"east": { "uv": [ 0, 0, 16, 16 ], "texture": "#spruce_planks" }
			}
		},
		{
			"__comment": "Spruce Planks",
			"from": [ 10, 16.5, -0.5 ],
			"to": [ 16.5, 23, 6 ],
			"faces": {
				"down": { "uv": [ 0, 16, 16, 0 ], "texture": "#spruce_planks", "rotation": 90 },
				"up": { "uv": [ 0, 0, 16, 16 ], "texture": "#spruce_planks", "rotation": 90 },
				"north": { "uv": [ 0, 0, 16, 16 ], "texture": "#spruce_planks" },
				"south": { "uv": [ 0, 0, 16, 16 ], "texture": "#spruce_planks" },
				"west": { "uv": [ 0, 0, 16, 16 ], "texture": "#spruce_planks" },
				"east": { "uv": [ 0, 0, 16, 16 ], "texture": "#spruce_planks" }
			}
		},
		{
			"__comment": "Spruce Planks",
			"from": [ 3.5, 16.5, -7 ],
			"to": [ 10, 23, -0.5 ],
			"faces": {
				"down": { "uv": [ 0, 16, 16, 0 ], "texture": "#spruce_planks", "rotation": 90 },
				"up": { "uv": [ 0, 0, 16, 16 ], "texture": "#spruce_planks", "rotation": 90 },
				"north": { "uv": [ 0, 0, 16, 16 ], "texture": "#spruce_planks" },
				"south": { "uv": [ 0, 0, 16, 16 ], "texture": "#spruce_planks" },
				"west": { "uv": [ 0, 0, 16, 16 ], "texture": "#spruce_planks" },
				"east": { "uv": [ 0, 0, 16, 16 ], "texture": "#spruce_planks" }
			}
		},
		{
			"__comment": "Spruce Planks",
			"from": [ 3.5, 16.5, -0.5 ],
			"to": [ 10, 23, 6 ],
			"faces": {
				"down": { "uv": [ 0, 16, 16, 0 ], "texture": "#spruce_planks", "rotation": 90 },
				"up": { "uv": [ 0, 0, 16, 16 ], "texture": "#spruce_planks", "rotation": 90 },
				"north": { "uv": [ 0, 0, 16, 16 ], "texture": "#spruce_planks" },
				"south": { "uv": [ 0, 0, 16, 16 ], "texture": "#spruce_planks" },
				"west": { "uv": [ 0, 0, 16, 16 ], "texture": "#spruce_planks" },
				"east": { "uv": [ 0, 0, 16, 16 ], "texture": "#spruce_planks" }
			}
		},
		{
			"__comment": "Spruce Planks",
			"from": [ -16, 3.5, 6 ],
			"to": [ -9.5, 6.75, 12.5 ],
			"faces": {
				"down": { "uv": [ 0, 16, 16, 0 ], "texture": "#spruce_planks", "rotation": 90 },
				"up": { "uv": [ 0, 0, 16, 16 ], "texture": "#spruce_planks", "rotation": 90 },
				"north": { "uv": [ 0, 8, 16, 16 ], "texture": "#spruce_planks" },
				"south": { "uv": [ 0, 8, 16, 16 ], "texture": "#spruce_planks" },
				"west": { "uv": [ 0, 8, 16, 16 ], "texture": "#spruce_planks" },
				"east": { "uv": [ 0, 8, 16, 16 ], "texture": "#spruce_planks" }
			}
		},
		{
			"__comment": "Spruce Planks",
			"from": [ -12.75, 6.75, 6 ],
			"to": [ -9.5, 10, 12.5 ],
			"faces": {
				"down": { "uv": [ 0, 0, 16, 8 ], "texture": "#spruce_planks", "rotation": 90 },
				"up": { "uv": [ 0, 0, 16, 8 ], "texture": "#spruce_planks", "rotation": 90 },
				"north": { "uv": [ 0, 0, 8, 8 ], "texture": "#spruce_planks" },
				"south": { "uv": [ 8, 0, 16, 8 ], "texture": "#spruce_planks" },
				"west": { "uv": [ 0, 0, 16, 8 ], "texture": "#spruce_planks" },
				"east": { "uv": [ 0, 0, 16, 8 ], "texture": "#spruce_planks" }
			}
		},
		{
			"__comment": "Spruce Planks",
			"from": [ -16, 3.5, -0.5 ],
			"to": [ -9.5, 6.75, 6 ],
			"faces": {
				"down": { "uv": [ 0, 16, 16, 0 ], "texture": "#spruce_planks", "rotation": 90 },
				"up": { "uv": [ 0, 0, 16, 16 ], "texture": "#spruce_planks", "rotation": 90 },
				"north": { "uv": [ 0, 8, 16, 16 ], "texture": "#spruce_planks" },
				"south": { "uv": [ 0, 8, 16, 16 ], "texture": "#spruce_planks" },
				"west": { "uv": [ 0, 8, 16, 16 ], "texture": "#spruce_planks" },
				"east": { "uv": [ 0, 8, 16, 16 ], "texture": "#spruce_planks" }
			}
		},
		{
			"__comment": "Spruce Planks",
			"from": [ -12.75, 6.75, -0.5 ],
			"to": [ -9.5, 10, 6 ],
			"faces": {
				"down": { "uv": [ 0, 0, 16, 8 ], "texture": "#spruce_planks", "rotation": 90 },
				"up": { "uv": [ 0, 0, 16, 8 ], "texture": "#spruce_planks", "rotation": 90 },
				"north": { "uv": [ 0, 0, 8, 8 ], "texture": "#spruce_planks" },
				"south": { "uv": [ 8, 0, 16, 8 ], "texture": "#spruce_planks" },
				"west": { "uv": [ 0, 0, 16, 8 ], "texture": "#spruce_planks" },
				"east": { "uv": [ 0, 0, 16, 8 ], "texture": "#spruce_planks" }
			}
		},
		{
			"__comment": "Spruce Planks",
			"from": [ -16, 3.5, -7 ],
			"to": [ -9.5, 6.75, -0.5 ],
			"faces": {
				"down": { "uv": [ 0, 16, 16, 0 ], "texture": "#spruce_planks", "rotation": 90 },
				"up": { "uv": [ 0, 0, 16, 16 ], "texture": "#spruce_planks", "rotation": 90 },
				"north": { "uv": [ 0, 8, 16, 16 ], "texture": "#spruce_planks" },
				"south": { "uv": [ 0, 8, 16, 16 ], "texture": "#spruce_planks" },
				"west": { "uv": [ 0, 8, 16, 16 ], "texture": "#spruce_planks" },
				"east": { "uv": [ 0, 8, 16, 16 ], "texture": "#spruce_planks" }
			}
		},
		{
			"__comment": "Spruce Planks",
			"from": [ -12.75, 6.75, -7 ],
			"to": [ -9.5, 10, -0.5 ],
			"faces": {
				"down": { "uv": [ 0, 0, 16, 8 ], "texture": "#spruce_planks", "rotation": 90 },
				"up": { "uv": [ 0, 0, 16, 8 ], "texture": "#spruce_planks", "rotation": 90 },
				"north": { "uv": [ 0, 0, 8, 8 ], "texture": "#spruce_planks" },
				"south": { "uv": [ 8, 0, 16, 8 ], "texture": "#spruce_planks" },
				"west": { "uv": [ 0, 0, 16, 8 ], "texture": "#spruce_planks" },
				"east": { "uv": [ 0, 0, 16, 8 ], "texture": "#spruce_planks" }
			}
		},
		{
			"__comment": "Spruce Planks",
			"from": [ -16, 3.5, 12.5 ],
			"to": [ -9.5, 6.75, 19 ],
			"faces": {
				"down": { "uv": [ 0, 16, 16, 0 ], "texture": "#spruce_planks", "rotation": 90 },
				"up": { "uv": [ 0, 0, 16, 16 ], "texture": "#spruce_planks", "rotation": 90 },
				"north": { "uv": [ 0, 8, 16, 16 ], "texture": "#spruce_planks" },
				"south": { "uv": [ 0, 8, 16, 16 ], "texture": "#spruce_planks" },
				"west": { "uv": [ 0, 8, 16, 16 ], "texture": "#spruce_planks" },
				"east": { "uv": [ 0, 8, 16, 16 ], "texture": "#spruce_planks" }
			}
		},
		{
			"__comment": "Spruce Planks",
			"from": [ -12.75, 6.75, 12.5 ],
			"to": [ -9.5, 10, 19 ],
			"faces": {
				"down": { "uv": [ 0, 0, 16, 8 ], "texture": "#spruce_planks", "rotation": 90 },
				"up": { "uv": [ 0, 0, 16, 8 ], "texture": "#spruce_planks", "rotation": 90 },
				"north": { "uv": [ 0, 0, 8, 8 ], "texture": "#spruce_planks" },
				"south": { "uv": [ 8, 0, 16, 8 ], "texture": "#spruce_planks" },
				"west": { "uv": [ 0, 0, 16, 8 ], "texture": "#spruce_planks" },
				"east": { "uv": [ 0, 0, 16, 8 ], "texture": "#spruce_planks" }
			}
		},
		{
			"__comment": "Spruce Planks",
			"from": [ -9.5, 10, 12.5 ],
			"to": [ -3, 13.25, 19 ],
			"faces": {
				"down": { "uv": [ 0, 0, 16, 16 ], "texture": "#spruce_planks", "rotation": 90 },
				"up": { "uv": [ 0, 0, 16, 16 ], "texture": "#spruce_planks", "rotation": 90 },
				"north": { "uv": [ 0, 8, 16, 16 ], "texture": "#spruce_planks" },
				"south": { "uv": [ 0, 8, 16, 16 ], "texture": "#spruce_planks" },
				"west": { "uv": [ 0, 8, 16, 16 ], "texture": "#spruce_planks" },
				"east": { "uv": [ 0, 8, 16, 16 ], "texture": "#spruce_planks" }
			}
		},
		{
			"__comment": "Spruce Planks",
			"from": [ -6.25, 13.25, 12.5 ],
			"to": [ -3, 16.5, 19 ],
			"faces": {
				"down": { "uv": [ 0, 0, 16, 8 ], "texture": "#spruce_planks", "rotation": 90 },
				"up": { "uv": [ 0, 0, 16, 8 ], "texture": "#spruce_planks", "rotation": 90 },
				"north": { "uv": [ 0, 0, 8, 8 ], "texture": "#spruce_planks" },
				"south": { "uv": [ 8, 0, 16, 8 ], "texture": "#spruce_planks" },
				"west": { "uv": [ 0, 0, 16, 8 ], "texture": "#spruce_planks" },
				"east": { "uv": [ 0, 0, 16, 8 ], "texture": "#spruce_planks" }
			}
		},
		{
			"__comment": "Spruce Planks",
			"from": [ -9.5, 10, 6 ],
			"to": [ -3, 13.25, 12.5 ],
			"faces": {
				"down": { "uv": [ 0, 0, 16, 16 ], "texture": "#spruce_planks", "rotation": 90 },
				"up": { "uv": [ 0, 0, 16, 16 ], "texture": "#spruce_planks", "rotation": 90 },
				"north": { "uv": [ 0, 8, 16, 16 ], "texture": "#spruce_planks" },
				"south": { "uv": [ 0, 8, 16, 16 ], "texture": "#spruce_planks" },
				"west": { "uv": [ 0, 8, 16, 16 ], "texture": "#spruce_planks" },
				"east": { "uv": [ 0, 8, 16, 16 ], "texture": "#spruce_planks" }
			}
		},
		{
			"__comment": "Spruce Planks",
			"from": [ -6.25, 13.25, 6 ],
			"to": [ -3, 16.5, 12.5 ],
			"faces": {
				"down": { "uv": [ 0, 0, 16, 8 ], "texture": "#spruce_planks", "rotation": 90 },
				"up": { "uv": [ 0, 0, 16, 8 ], "texture": "#spruce_planks", "rotation": 90 },
				"north": { "uv": [ 0, 0, 8, 8 ], "texture": "#spruce_planks" },
				"south": { "uv": [ 8, 0, 16, 8 ], "texture": "#spruce_planks" },
				"west": { "uv": [ 0, 0, 16, 8 ], "texture": "#spruce_planks" },
				"east": { "uv": [ 0, 0, 16, 8 ], "texture": "#spruce_planks" }
			}
		},
		{
			"__comment": "Spruce Planks",
			"from": [ -9.5, 10, -0.5 ],
			"to": [ -3, 13.25, 6 ],
			"faces": {
				"down": { "uv": [ 0, 0, 16, 16 ], "texture": "#spruce_planks", "rotation": 90 },
				"up": { "uv": [ 0, 0, 16, 16 ], "texture": "#spruce_planks", "rotation": 90 },
				"north": { "uv": [ 0, 8, 16, 16 ], "texture": "#spruce_planks" },
				"south": { "uv": [ 0, 8, 16, 16 ], "texture": "#spruce_planks" },
				"west": { "uv": [ 0, 8, 16, 16 ], "texture": "#spruce_planks" },
				"east": { "uv": [ 0, 8, 16, 16 ], "texture": "#spruce_planks" }
			}
		},
		{
			"__comment": "Spruce Planks",
			"from": [ -6.25, 13.25, -0.5 ],
			"to": [ -3, 16.5, 6 ],
			"faces": {
				"down": { "uv": [ 0, 0, 16, 8 ], "texture": "#spruce_planks", "rotation": 90 },
				"up": { "uv": [ 0, 0, 16, 8 ], "texture": "#spruce_planks", "rotation": 90 },
				"north": { "uv": [ 0, 0, 8, 8 ], "texture": "#spruce_planks" },
				"south": { "uv": [ 8, 0, 16, 8 ], "texture": "#spruce_planks" },
				"west": { "uv": [ 0, 0, 16, 8 ], "texture": "#spruce_planks" },
				"east": { "uv": [ 0, 0, 16, 8 ], "texture": "#spruce_planks" }
			}
		},
		{
			"__comment": "Spruce Planks",
			"from": [ -9.5, 10, -7 ],
			"to": [ -3, 13.25, -0.5 ],
			"faces": {
				"down": { "uv": [ 0, 0, 16, 16 ], "texture": "#spruce_planks", "rotation": 90 },
				"up": { "uv": [ 0, 0, 16, 16 ], "texture": "#spruce_planks", "rotation": 90 },
				"north": { "uv": [ 0, 8, 16, 16 ], "texture": "#spruce_planks" },
				"south": { "uv": [ 0, 8, 16, 16 ], "texture": "#spruce_planks" },
				"west": { "uv": [ 0, 8, 16, 16 ], "texture": "#spruce_planks" },
				"east": { "uv": [ 0, 8, 16, 16 ], "texture": "#spruce_planks" }
			}
		},
		{
			"__comment": "Spruce Planks",
			"from": [ -6.25, 13.25, -7 ],
			"to": [ -3, 16.5, -0.5 ],
			"faces": {
				"down": { "uv": [ 0, 0, 16, 8 ], "texture": "#spruce_planks", "rotation": 90 },
				"up": { "uv": [ 0, 0, 16, 8 ], "texture": "#spruce_planks", "rotation": 90 },
				"north": { "uv": [ 0, 0, 8, 8 ], "texture": "#spruce_planks" },
				"south": { "uv": [ 8, 0, 16, 8 ], "texture": "#spruce_planks" },
				"west": { "uv": [ 0, 0, 16, 8 ], "texture": "#spruce_planks" },
				"east": { "uv": [ 0, 0, 16, 8 ], "texture": "#spruce_planks" }
			}
		},
		{
			"__comment": "Spruce Planks",
			"from": [ -3, 16.5, 12.5 ],
			"to": [ 3.5, 19.75, 19 ],
			"faces": {
				"down": { "uv": [ 0, 0, 16, 16 ], "texture": "#spruce_planks", "rotation": 90 },
				"up": { "uv": [ 0, 0, 16, 16 ], "texture": "#spruce_planks", "rotation": 90 },
				"north": { "uv": [ 0, 8, 16, 16 ], "texture": "#spruce_planks" },
				"south": { "uv": [ 0, 8, 16, 16 ], "texture": "#spruce_planks" },
				"west": { "uv": [ 0, 8, 16, 16 ], "texture": "#spruce_planks" },
				"east": { "uv": [ 0, 8, 16, 16 ], "texture": "#spruce_planks" }
			}
		},
		{
			"__comment": "Spruce Planks",
			"from": [ 0.25, 19.75, 12.5 ],
			"to": [ 3.5, 23, 19 ],
			"faces": {
				"down": { "uv": [ 0, 0, 16, 8 ], "texture": "#spruce_planks", "rotation": 90 },
				"up": { "uv": [ 0, 0, 16, 8 ], "texture": "#spruce_planks", "rotation": 90 },
				"north": { "uv": [ 0, 0, 8, 8 ], "texture": "#spruce_planks" },
				"south": { "uv": [ 8, 0, 16, 8 ], "texture": "#spruce_planks" },
				"west": { "uv": [ 0, 0, 16, 8 ], "texture": "#spruce_planks" },
				"east": { "uv": [ 0, 0, 16, 8 ], "texture": "#spruce_planks" }
			}
		},
		{
			"__comment": "Spruce Planks",
			"from": [ -3, 16.5, 6 ],
			"to": [ 3.5, 19.75, 12.5 ],
			"faces": {
				"down": { "uv": [ 0, 0, 16, 16 ], "texture": "#spruce_planks", "rotation": 90 },
				"up": { "uv": [ 0, 0, 16, 16 ], "texture": "#spruce_planks", "rotation": 90 },
				"north": { "uv": [ 0, 8, 16, 16 ], "texture": "#spruce_planks" },
				"south": { "uv": [ 0, 8, 16, 16 ], "texture": "#spruce_planks" },
				"west": { "uv": [ 0, 8, 16, 16 ], "texture": "#spruce_planks" },
				"east": { "uv": [ 0, 8, 16, 16 ], "texture": "#spruce_planks" }
			}
		},
		{
			"__comment": "Spruce Planks",
			"from": [ 0.25, 19.75, 6 ],
			"to": [ 3.5, 23, 12.5 ],
			"faces": {
				"down": { "uv": [ 0, 0, 16, 8 ], "texture": "#spruce_planks", "rotation": 90 },
				"up": { "uv": [ 0, 0, 16, 8 ], "texture": "#spruce_planks", "rotation": 90 },
				"north": { "uv": [ 0, 0, 8, 8 ], "texture": "#spruce_planks" },
				"south": { "uv": [ 8, 0, 16, 8 ], "texture": "#spruce_planks" },
				"west": { "uv": [ 0, 0, 16, 8 ], "texture": "#spruce_planks" },
				"east": { "uv": [ 0, 0, 16, 8 ], "texture": "#spruce_planks" }
			}
		},
		{
			"__comment": "Spruce Planks",
			"from": [ -3, 16.5, -0.5 ],
			"to": [ 3.5, 19.75, 6 ],
			"faces": {
				"down": { "uv": [ 0, 0, 16, 16 ], "texture": "#spruce_planks", "rotation": 90 },
				"up": { "uv": [ 0, 0, 16, 16 ], "texture": "#spruce_planks", "rotation": 90 },
				"north": { "uv": [ 0, 8, 16, 16 ], "texture": "#spruce_planks" },
				"south": { "uv": [ 0, 8, 16, 16 ], "texture": "#spruce_planks" },
				"west": { "uv": [ 0, 8, 16, 16 ], "texture": "#spruce_planks" },
				"east": { "uv": [ 0, 8, 16, 16 ], "texture": "#spruce_planks" }
			}
		},
		{
			"__comment": "Spruce Planks",
			"from": [ 0.25, 19.75, -0.5 ],
			"to": [ 3.5, 23, 6 ],
			"faces": {
				"down": { "uv": [ 0, 0, 16, 8 ], "texture": "#spruce_planks", "rotation": 90 },
				"up": { "uv": [ 0, 0, 16, 8 ], "texture": "#spruce_planks", "rotation": 90 },
				"north": { "uv": [ 0, 0, 8, 8 ], "texture": "#spruce_planks" },
				"south": { "uv": [ 8, 0, 16, 8 ], "texture": "#spruce_planks" },
				"west": { "uv": [ 0, 0, 16, 8 ], "texture": "#spruce_planks" },
				"east": { "uv": [ 0, 0, 16, 8 ], "texture": "#spruce_planks" }
			}
		},
		{
			"__comment": "Spruce Planks",
			"from": [ -3, 16.5, -7 ],
			"to": [ 3.5, 19.75, -0.5 ],
			"faces": {
				"down": { "uv": [ 0, 0, 16, 16 ], "texture": "#spruce_planks", "rotation": 90 },
				"up": { "uv": [ 0, 0, 16, 16 ], "texture": "#spruce_planks", "rotation": 90 },
				"north": { "uv": [ 0, 8, 16, 16 ], "texture": "#spruce_planks" },
				"south": { "uv": [ 0, 8, 16, 16 ], "texture": "#spruce_planks" },
				"west": { "uv": [ 0, 8, 16, 16 ], "texture": "#spruce_planks" },
				"east": { "uv": [ 0, 8, 16, 16 ], "texture": "#spruce_planks" }
			}
		},
		{
			"__comment": "Spruce Planks",
			"from": [ 0.25, 19.75, -7 ],
			"to": [ 3.5, 23, -0.5 ],
			"faces": {
				"down": { "uv": [ 0, 0, 16, 8 ], "texture": "#spruce_planks", "rotation": 90 },
				"up": { "uv": [ 0, 0, 16, 8 ], "texture": "#spruce_planks", "rotation": 90 },
				"north": { "uv": [ 0, 0, 8, 8 ], "texture": "#spruce_planks" },
				"south": { "uv": [ 8, 0, 16, 8 ], "texture": "#spruce_planks" },
				"west": { "uv": [ 0, 0, 16, 8 ], "texture": "#spruce_planks" },
				"east": { "uv": [ 0, 0, 16, 8 ], "texture": "#spruce_planks" }
			}
		},
		{
			"__comment": "Spruce Planks",
			"from": [ 3.5, 23, 12.5 ],
			"to": [ 10, 26.25, 19 ],
			"faces": {
				"down": { "uv": [ 0, 0, 16, 16 ], "texture": "#spruce_planks", "rotation": 90 },
				"up": { "uv": [ 0, 0, 16, 16 ], "texture": "#spruce_planks", "rotation": 90 },
				"north": { "uv": [ 0, 8, 16, 16 ], "texture": "#spruce_planks" },
				"south": { "uv": [ 0, 8, 16, 16 ], "texture": "#spruce_planks" },
				"west": { "uv": [ 0, 8, 16, 16 ], "texture": "#spruce_planks" },
				"east": { "uv": [ 0, 8, 16, 16 ], "texture": "#spruce_planks" }
			}
		},
		{
			"__comment": "Spruce Planks",
			"from": [ 6.75, 26.25, 12.5 ],
			"to": [ 10, 29.5, 19 ],
			"faces": {
				"down": { "uv": [ 0, 0, 16, 8 ], "texture": "#spruce_planks", "rotation": 90 },
				"up": { "uv": [ 0, 0, 16, 8 ], "texture": "#spruce_planks", "rotation": 90 },
				"north": { "uv": [ 0, 0, 8, 8 ], "texture": "#spruce_planks" },
				"south": { "uv": [ 8, 0, 16, 8 ], "texture": "#spruce_planks" },
				"west": { "uv": [ 0, 0, 16, 8 ], "texture": "#spruce_planks" },
				"east": { "uv": [ 0, 0, 16, 8 ], "texture": "#spruce_planks" }
			}
		},
		{
			"__comment": "Spruce Planks",
			"from": [ 3.5, 23, 6 ],
			"to": [ 10, 26.25, 12.5 ],
			"faces": {
				"down": { "uv": [ 0, 0, 16, 16 ], "texture": "#spruce_planks", "rotation": 90 },
				"up": { "uv": [ 0, 0, 16, 16 ], "texture": "#spruce_planks", "rotation": 90 },
				"north": { "uv": [ 0, 8, 16, 16 ], "texture": "#spruce_planks" },
				"south": { "uv": [ 0, 8, 16, 16 ], "texture": "#spruce_planks" },
				"west": { "uv": [ 0, 8, 16, 16 ], "texture": "#spruce_planks" },
				"east": { "uv": [ 0, 8, 16, 16 ], "texture": "#spruce_planks" }
			}
		},
		{
			"__comment": "Spruce Planks",
			"from": [ 6.75, 26.25, 6 ],
			"to": [ 10, 29.5, 12.5 ],
			"faces": {
				"down": { "uv": [ 0, 0, 16, 8 ], "texture": "#spruce_planks", "rotation": 90 },
				"up": { "uv": [ 0, 0, 16, 8 ], "texture": "#spruce_planks", "rotation": 90 },
				"north": { "uv": [ 0, 0, 8, 8 ], "texture": "#spruce_planks" },
				"south": { "uv": [ 8, 0, 16, 8 ], "texture": "#spruce_planks" },
				"west": { "uv": [ 0, 0, 16, 8 ], "texture": "#spruce_planks" },
				"east": { "uv": [ 0, 0, 16, 8 ], "texture": "#spruce_planks" }
			}
		},
		{
			"__comment": "Spruce Planks",
			"from": [ 3.5, 23, -0.5 ],
			"to": [ 10, 26.25, 6 ],
			"faces": {
				"down": { "uv": [ 0, 0, 16, 16 ], "texture": "#spruce_planks", "rotation": 90 },
				"up": { "uv": [ 0, 0, 16, 16 ], "texture": "#spruce_planks", "rotation": 90 },
				"north": { "uv": [ 0, 8, 16, 16 ], "texture": "#spruce_planks" },
				"south": { "uv": [ 0, 8, 16, 16 ], "texture": "#spruce_planks" },
				"west": { "uv": [ 0, 8, 16, 16 ], "texture": "#spruce_planks" },
				"east": { "uv": [ 0, 8, 16, 16 ], "texture": "#spruce_planks" }
			}
		},
		{
			"__comment": "Spruce Planks",
			"from": [ 6.75, 26.25, -0.5 ],
			"to": [ 10, 29.5, 6 ],
			"faces": {
				"down": { "uv": [ 0, 0, 16, 8 ], "texture": "#spruce_planks", "rotation": 90 },
				"up": { "uv": [ 0, 0, 16, 8 ], "texture": "#spruce_planks", "rotation": 90 },
				"north": { "uv": [ 0, 0, 8, 8 ], "texture": "#spruce_planks" },
				"south": { "uv": [ 8, 0, 16, 8 ], "texture": "#spruce_planks" },
				"west": { "uv": [ 0, 0, 16, 8 ], "texture": "#spruce_planks" },
				"east": { "uv": [ 0, 0, 16, 8 ], "texture": "#spruce_planks" }
			}
		},
		{
			"__comment": "Spruce Planks",
			"from": [ 3.5, 23, -7 ],
			"to": [ 10, 26.25, -0.5 ],
			"faces": {
				"down": { "uv": [ 0, 0, 16, 16 ], "texture": "#spruce_planks", "rotation": 90 },
				"up": { "uv": [ 0, 0, 16, 16 ], "texture": "#spruce_planks", "rotation": 90 },
				"north": { "uv": [ 0, 8, 16, 16 ], "texture": "#spruce_planks" },
				"south": { "uv": [ 0, 8, 16, 16 ], "texture": "#spruce_planks" },
				"west": { "uv": [ 0, 8, 16, 16 ], "texture": "#spruce_planks" },
				"east": { "uv": [ 0, 8, 16, 16 ], "texture": "#spruce_planks" }
			}
		},
		{
			"__comment": "Spruce Planks",
			"from": [ 6.75, 26.25, -7 ],
			"to": [ 10, 29.5, -0.5 ],
			"faces": {
				"down": { "uv": [ 0, 0, 16, 8 ], "texture": "#spruce_planks", "rotation": 90 },
				"up": { "uv": [ 0, 0, 16, 8 ], "texture": "#spruce_planks", "rotation": 90 },
				"north": { "uv": [ 0, 0, 8, 8 ], "texture": "#spruce_planks" },
				"south": { "uv": [ 8, 0, 16, 8 ], "texture": "#spruce_planks" },
				"west": { "uv": [ 0, 0, 16, 8 ], "texture": "#spruce_planks" },
				"east": { "uv": [ 0, 0, 16, 8 ], "texture": "#spruce_planks" }
			}
		},
		{
			"__comment": "Oak Planks",
			"from": [ 10, 16.5, 6 ],
			"to": [ 16.5, 23, 12.5 ],
			"faces": {
				"down": { "uv": [ 0, 0, 16, 16 ], "texture": "#oak_planks", "rotation": 270 },
				"up": { "uv": [ 0, 0, 16, 16 ], "texture": "#oak_planks", "rotation": 90 },
				"north": { "uv": [ 0, 0, 16, 16 ], "texture": "#oak_planks" },
				"south": { "uv": [ 0, 0, 16, 16 ], "texture": "#oak_planks" },
				"west": { "uv": [ 0, 0, 16, 16 ], "texture": "#oak_planks" },
				"east": { "uv": [ 0, 0, 16, 16 ], "texture": "#oak_planks" }
			}
		},
		{
			"__comment": "Oak Planks",
			"from": [ 3.5, 16.5, 6 ],
			"to": [ 10, 23, 12.5 ],
			"faces": {
				"down": { "uv": [ 0, 0, 16, 16 ], "texture": "#oak_planks", "rotation": 270 },
				"up": { "uv": [ 0, 0, 16, 16 ], "texture": "#oak_planks", "rotation": 90 },
				"north": { "uv": [ 0, 0, 16, 16 ], "texture": "#oak_planks" },
				"south": { "uv": [ 0, 0, 16, 16 ], "texture": "#oak_planks" },
				"west": { "uv": [ 0, 0, 16, 16 ], "texture": "#oak_planks" },
				"east": { "uv": [ 0, 0, 16, 16 ], "texture": "#oak_planks" }
			}
		},
		{
			"__comment": "Oak Planks",
			"from": [ 10, 23, 6 ],
			"to": [ 16.5, 29.5, 12.5 ],
			"faces": {
				"down": { "uv": [ 0, 0, 16, 16 ], "texture": "#oak_planks", "rotation": 270 },
				"up": { "uv": [ 0, 0, 16, 16 ], "texture": "#oak_planks", "rotation": 90 },
				"north": { "uv": [ 0, 0, 16, 16 ], "texture": "#oak_planks" },
				"south": { "uv": [ 0, 0, 16, 16 ], "texture": "#oak_planks" },
				"west": { "uv": [ 0, 0, 16, 16 ], "texture": "#oak_planks" },
				"east": { "uv": [ 0, 0, 16, 16 ], "texture": "#oak_planks" }
			}
		},
		{
			"__comment": "Spruce Planks",
			"from": [ 10, 26.25, 12.5 ],
			"to": [ 16.5, 29.5, 19 ],
			"faces": {
				"down": { "uv": [ 0, 16, 16, 0 ], "texture": "#spruce_planks", "rotation": 90 },
				"up": { "uv": [ 0, 0, 16, 16 ], "texture": "#spruce_planks", "rotation": 90 },
				"north": { "uv": [ 0, 0, 16, 8 ], "texture": "#spruce_planks" },
				"south": { "uv": [ 0, 0, 16, 8 ], "texture": "#spruce_planks" },
				"west": { "uv": [ 0, 0, 16, 8 ], "texture": "#spruce_planks" },
				"east": { "uv": [ 0, 0, 16, 8 ], "texture": "#spruce_planks" }
			}
		},
		{
			"__comment": "Spruce Planks",
			"from": [ 10, 23, 12.5 ],
			"to": [ 13.25, 26.25, 19 ],
			"faces": {
				"down": { "uv": [ 0, 8, 16, 0 ], "texture": "#spruce_planks", "rotation": 90 },
				"up": { "uv": [ 0, 0, 16, 16 ], "texture": "#spruce_planks", "rotation": 90 },
				"north": { "uv": [ 8, 8, 16, 16 ], "texture": "#spruce_planks" },
				"south": { "uv": [ 0, 8, 8, 16 ], "texture": "#spruce_planks" },
				"west": { "uv": [ 0, 8, 16, 16 ], "texture": "#spruce_planks" },
				"east": { "uv": [ 0, 8, 16, 16 ], "texture": "#spruce_planks" }
			}
		},
		{
			"__comment": "Spruce Planks",
			"from": [ 3.5, 19.75, 12.5 ],
			"to": [ 10, 23, 19 ],
			"faces": {
				"down": { "uv": [ 0, 16, 16, 0 ], "texture": "#spruce_planks", "rotation": 90 },
				"up": { "uv": [ 0, 0, 16, 16 ], "texture": "#spruce_planks", "rotation": 90 },
				"north": { "uv": [ 0, 0, 16, 8 ], "texture": "#spruce_planks" },
				"south": { "uv": [ 0, 0, 16, 8 ], "texture": "#spruce_planks" },
				"west": { "uv": [ 0, 0, 16, 8 ], "texture": "#spruce_planks" },
				"east": { "uv": [ 0, 0, 16, 8 ], "texture": "#spruce_planks" }
			}
		},
		{
			"__comment": "Spruce Planks",
			"from": [ 3.5, 16.5, 12.5 ],
			"to": [ 6.75, 19.75, 19 ],
			"faces": {
				"down": { "uv": [ 0, 8, 16, 0 ], "texture": "#spruce_planks", "rotation": 90 },
				"up": { "uv": [ 0, 0, 16, 16 ], "texture": "#spruce_planks", "rotation": 90 },
				"north": { "uv": [ 8, 8, 16, 16 ], "texture": "#spruce_planks" },
				"south": { "uv": [ 0, 8, 8, 16 ], "texture": "#spruce_planks" },
				"west": { "uv": [ 0, 8, 16, 16 ], "texture": "#spruce_planks" },
				"east": { "uv": [ 0, 8, 16, 16 ], "texture": "#spruce_planks" }
			}
		},
		{
			"__comment": "Oak Planks",
			"from": [ 19, 3.5, 28 ],
			"to": [ 20.5, 10, 29.5 ],
			"faces": {
				"down": { "uv": [ 6, 6, 10, 10 ], "texture": "#oak_planks", "rotation": 90 },
				"up": { "uv": [ 6, 6, 10, 10 ], "texture": "#oak_planks", "rotation": 90 },
				"north": { "uv": [ 6, 0, 10, 16 ], "texture": "#oak_planks" },
				"south": { "uv": [ 6, 0, 10, 16 ], "texture": "#oak_planks" },
				"west": { "uv": [ 6, 0, 10, 16 ], "texture": "#oak_planks" },
				"east": { "uv": [ 6, 0, 10, 16 ], "texture": "#oak_planks" }
			}
		},
		{
			"__comment": "Oak Planks",
			"from": [ 19, 10, 28 ],
			"to": [ 20.5, 16.5, 29.5 ],
			"faces": {
				"down": { "uv": [ 6, 6, 10, 10 ], "texture": "#oak_planks", "rotation": 90 },
				"up": { "uv": [ 6, 6, 10, 10 ], "texture": "#oak_planks", "rotation": 90 },
				"north": { "uv": [ 6, 0, 10, 16 ], "texture": "#oak_planks" },
				"south": { "uv": [ 6, 0, 10, 16 ], "texture": "#oak_planks" },
				"west": { "uv": [ 6, 0, 10, 16 ], "texture": "#oak_planks" },
				"east": { "uv": [ 6, 0, 10, 16 ], "texture": "#oak_planks" }
			}
		},
		{
			"__comment": "Oak Planks",
			"from": [ 12.5, -3, 28 ],
			"to": [ 14, 3.5, 29.5 ],
			"faces": {
				"down": { "uv": [ 6, 6, 10, 10 ], "texture": "#oak_planks", "rotation": 90 },
				"up": { "uv": [ 6, 6, 10, 10 ], "texture": "#oak_planks", "rotation": 90 },
				"north": { "uv": [ 6, 0, 10, 16 ], "texture": "#oak_planks" },
				"south": { "uv": [ 6, 0, 10, 16 ], "texture": "#oak_planks" },
				"west": { "uv": [ 6, 0, 10, 16 ], "texture": "#oak_planks" },
				"east": { "uv": [ 6, 0, 10, 16 ], "texture": "#oak_planks" }
			}
		},
		{
			"__comment": "Oak Planks",
			"from": [ 6, -3, 28 ],
			"to": [ 7.5, 3.5, 29.5 ],
			"faces": {
				"down": { "uv": [ 6, 6, 10, 10 ], "texture": "#oak_planks", "rotation": 90 },
				"up": { "uv": [ 6, 6, 10, 10 ], "texture": "#oak_planks", "rotation": 90 },
				"north": { "uv": [ 6, 0, 10, 16 ], "texture": "#oak_planks" },
				"south": { "uv": [ 6, 0, 10, 16 ], "texture": "#oak_planks" },
				"west": { "uv": [ 6, 0, 10, 16 ], "texture": "#oak_planks" },
				"east": { "uv": [ 6, 0, 10, 16 ], "texture": "#oak_planks" }
			}
		},
		{
			"__comment": "Oak Planks",
			"from": [ -0.5, -3, 28 ],
			"to": [ 1, 3.5, 29.5 ],
			"faces": {
				"down": { "uv": [ 6, 6, 10, 10 ], "texture": "#oak_planks", "rotation": 90 },
				"up": { "uv": [ 6, 6, 10, 10 ], "texture": "#oak_planks", "rotation": 90 },
				"north": { "uv": [ 6, 0, 10, 16 ], "texture": "#oak_planks" },
				"south": { "uv": [ 6, 0, 10, 16 ], "texture": "#oak_planks" },
				"west": { "uv": [ 6, 0, 10, 16 ], "texture": "#oak_planks" },
				"east": { "uv": [ 6, 0, 10, 16 ], "texture": "#oak_planks" }
			}
		},
		{
			"__comment": "Oak Planks",
			"from": [ -7, -3, 21.5 ],
			"to": [ -5.5, 3.5, 23 ],
			"faces": {
				"down": { "uv": [ 6, 6, 10, 10 ], "texture": "#oak_planks", "rotation": 90 },
				"up": { "uv": [ 6, 6, 10, 10 ], "texture": "#oak_planks", "rotation": 90 },
				"north": { "uv": [ 6, 0, 10, 16 ], "texture": "#oak_planks" },
				"south": { "uv": [ 6, 0, 10, 16 ], "texture": "#oak_planks" },
				"west": { "uv": [ 6, 0, 10, 16 ], "texture": "#oak_planks" },
				"east": { "uv": [ 6, 0, 10, 16 ], "texture": "#oak_planks" }
			}
		},
		{
			"__comment": "Oak Planks",
			"from": [ -7, -3, 15 ],
			"to": [ -5.5, 3.5, 16.5 ],
			"faces": {
				"down": { "uv": [ 6, 6, 10, 10 ], "texture": "#oak_planks", "rotation": 90 },
				"up": { "uv": [ 6, 6, 10, 10 ], "texture": "#oak_planks", "rotation": 90 },
				"north": { "uv": [ 6, 0, 10, 16 ], "texture": "#oak_planks" },
				"south": { "uv": [ 6, 0, 10, 16 ], "texture": "#oak_planks" },
				"west": { "uv": [ 6, 0, 10, 16 ], "texture": "#oak_planks" },
				"east": { "uv": [ 6, 0, 10, 16 ], "texture": "#oak_planks" }
			}
		},
		{
			"__comment": "Spruce Planks",
			"from": [ 16.5, 16.5, 25.5 ],
			"to": [ 23, 19.75, 32 ],
			"faces": {
				"down": { "uv": [ 16, 16, 0, 0 ], "texture": "#spruce_planks", "rotation": 90 },
				"up": { "uv": [ 0, 0, 16, 16 ], "texture": "#spruce_planks", "rotation": 90 },
				"north": { "uv": [ 0, 8, 16, 16 ], "texture": "#spruce_planks" },
				"south": { "uv": [ 0, 8, 16, 16 ], "texture": "#spruce_planks" },
				"west": { "uv": [ 0, 8, 16, 16 ], "texture": "#spruce_planks" },
				"east": { "uv": [ 0, 8, 16, 16 ], "texture": "#spruce_planks" }
			}
		},
		{
			"__comment": "Spruce Planks",
			"from": [ 16.5, 16.5, 19 ],
			"to": [ 23, 19.75, 25.5 ],
			"faces": {
				"down": { "uv": [ 16, 16, 0, 0 ], "texture": "#spruce_planks", "rotation": 90 },
				"up": { "uv": [ 0, 0, 16, 16 ], "texture": "#spruce_planks", "rotation": 90 },
				"north": { "uv": [ 0, 8, 16, 16 ], "texture": "#spruce_planks" },
				"south": { "uv": [ 0, 8, 16, 16 ], "texture": "#spruce_planks" },
				"west": { "uv": [ 0, 8, 16, 16 ], "texture": "#spruce_planks" },
				"east": { "uv": [ 0, 8, 16, 16 ], "texture": "#spruce_planks" }
			}
		},
		{
			"__comment": "Spruce Planks",
			"from": [ 10, 16.5, 19 ],
			"to": [ 16.5, 19.75, 25.5 ],
			"faces": {
				"down": { "uv": [ 16, 16, 0, 0 ], "texture": "#spruce_planks", "rotation": 90 },
				"up": { "uv": [ 0, 0, 16, 16 ], "texture": "#spruce_planks", "rotation": 90 },
				"north": { "uv": [ 0, 8, 16, 16 ], "texture": "#spruce_planks" },
				"south": { "uv": [ 0, 8, 16, 16 ], "texture": "#spruce_planks" },
				"west": { "uv": [ 0, 8, 16, 16 ], "texture": "#spruce_planks" },
				"east": { "uv": [ 0, 8, 16, 16 ], "texture": "#spruce_planks" }
			}
		},
		{
			"__comment": "Spruce Planks",
			"from": [ 10, 16.5, 25.5 ],
			"to": [ 16.5, 19.75, 32 ],
			"faces": {
				"down": { "uv": [ 16, 16, 0, 0 ], "texture": "#spruce_planks", "rotation": 90 },
				"up": { "uv": [ 0, 0, 16, 16 ], "texture": "#spruce_planks", "rotation": 90 },
				"north": { "uv": [ 0, 8, 16, 16 ], "texture": "#spruce_planks" },
				"south": { "uv": [ 0, 8, 16, 16 ], "texture": "#spruce_planks" },
				"west": { "uv": [ 0, 8, 16, 16 ], "texture": "#spruce_planks" },
				"east": { "uv": [ 0, 8, 16, 16 ], "texture": "#spruce_planks" }
			}
		},
		{
			"__comment": "Spruce Planks",
			"from": [ 3.5, 13.25, 25.5 ],
			"to": [ 10, 16.5, 32 ],
			"faces": {
				"down": { "uv": [ 0, 16, 16, 0 ], "texture": "#spruce_planks", "rotation": 90 },
				"up": { "uv": [ 0, 0, 16, 16 ], "texture": "#spruce_planks", "rotation": 90 },
				"north": { "uv": [ 0, 0, 16, 8 ], "texture": "#spruce_planks" },
				"south": { "uv": [ 0, 0, 16, 8 ], "texture": "#spruce_planks" },
				"west": { "uv": [ 0, 0, 16, 8 ], "texture": "#spruce_planks" },
				"east": { "uv": [ 0, 0, 16, 8 ], "texture": "#spruce_planks" }
			}
		},
		{
			"__comment": "Spruce Planks",
			"from": [ 3.5, 13.25, 19 ],
			"to": [ 10, 16.5, 25.5 ],
			"faces": {
				"down": { "uv": [ 0, 16, 16, 0 ], "texture": "#spruce_planks", "rotation": 90 },
				"up": { "uv": [ 0, 0, 16, 16 ], "texture": "#spruce_planks", "rotation": 90 },
				"north": { "uv": [ 0, 0, 16, 8 ], "texture": "#spruce_planks" },
				"south": { "uv": [ 0, 0, 16, 8 ], "texture": "#spruce_planks" },
				"west": { "uv": [ 0, 0, 16, 8 ], "texture": "#spruce_planks" },
				"east": { "uv": [ 0, 0, 16, 8 ], "texture": "#spruce_planks" }
			}
		},
		{
			"__comment": "Spruce Planks",
			"from": [ -3, 10, 25.5 ],
			"to": [ 3.5, 13.25, 32 ],
			"faces": {
				"down": { "uv": [ 16, 16, 0, 0 ], "texture": "#spruce_planks", "rotation": 90 },
				"up": { "uv": [ 0, 0, 16, 16 ], "texture": "#spruce_planks", "rotation": 90 },
				"north": { "uv": [ 0, 8, 16, 16 ], "texture": "#spruce_planks" },
				"south": { "uv": [ 0, 8, 16, 16 ], "texture": "#spruce_planks" },
				"west": { "uv": [ 0, 8, 16, 16 ], "texture": "#spruce_planks" },
				"east": { "uv": [ 0, 8, 16, 16 ], "texture": "#spruce_planks" }
			}
		},
		{
			"__comment": "Spruce Planks",
			"from": [ -3, 10, 19 ],
			"to": [ 3.5, 13.25, 25.5 ],
			"faces": {
				"down": { "uv": [ 16, 16, 0, 0 ], "texture": "#spruce_planks", "rotation": 90 },
				"up": { "uv": [ 0, 0, 16, 16 ], "texture": "#spruce_planks", "rotation": 90 },
				"north": { "uv": [ 0, 8, 16, 16 ], "texture": "#spruce_planks" },
				"south": { "uv": [ 0, 8, 16, 16 ], "texture": "#spruce_planks" },
				"west": { "uv": [ 0, 8, 16, 16 ], "texture": "#spruce_planks" },
				"east": { "uv": [ 0, 8, 16, 16 ], "texture": "#spruce_planks" }
			}
		},
		{
			"__comment": "Spruce Planks",
			"from": [ -9.5, 3.5, 19 ],
			"to": [ -3, 6.75, 25.5 ],
			"faces": {
				"down": { "uv": [ 0, 16, 16, 0 ], "texture": "#spruce_planks", "rotation": 90 },
				"up": { "uv": [ 0, 0, 16, 16 ], "texture": "#spruce_planks", "rotation": 90 },
				"north": { "uv": [ 0, 8, 16, 16 ], "texture": "#spruce_planks" },
				"south": { "uv": [ 0, 8, 16, 16 ], "texture": "#spruce_planks" },
				"west": { "uv": [ 0, 8, 16, 16 ], "texture": "#spruce_planks" },
				"east": { "uv": [ 0, 8, 16, 16 ], "texture": "#spruce_planks" }
			}
		},
		{
			"__comment": "Spruce Planks",
			"from": [ -6.25, 6.75, 19 ],
			"to": [ -3, 10, 25.5 ],
			"faces": {
				"down": { "uv": [ 0, 0, 16, 8 ], "texture": "#spruce_planks", "rotation": 90 },
				"up": { "uv": [ 0, 0, 16, 8 ], "texture": "#spruce_planks", "rotation": 90 },
				"north": { "uv": [ 0, 0, 8, 8 ], "texture": "#spruce_planks" },
				"south": { "uv": [ 8, 0, 16, 8 ], "texture": "#spruce_planks" },
				"west": { "uv": [ 0, 0, 16, 8 ], "texture": "#spruce_planks" },
				"east": { "uv": [ 0, 0, 16, 8 ], "texture": "#spruce_planks" }
			}
		},
		{
			"__comment": "Spruce Planks",
			"from": [ -9.5, 3.5, 25.5 ],
			"to": [ -3, 6.75, 32 ],
			"faces": {
				"down": { "uv": [ 0, 16, 16, 0 ], "texture": "#spruce_planks", "rotation": 90 },
				"up": { "uv": [ 0, 0, 16, 16 ], "texture": "#spruce_planks", "rotation": 90 },
				"north": { "uv": [ 0, 8, 16, 16 ], "texture": "#spruce_planks" },
				"south": { "uv": [ 0, 8, 16, 16 ], "texture": "#spruce_planks" },
				"west": { "uv": [ 0, 8, 16, 16 ], "texture": "#spruce_planks" },
				"east": { "uv": [ 0, 8, 16, 16 ], "texture": "#spruce_planks" }
			}
		},
		{
			"__comment": "Spruce Planks",
			"from": [ -6.25, 6.75, 25.5 ],
			"to": [ -3, 10, 32 ],
			"faces": {
				"down": { "uv": [ 0, 0, 16, 8 ], "texture": "#spruce_planks", "rotation": 90 },
				"up": { "uv": [ 0, 0, 16, 8 ], "texture": "#spruce_planks", "rotation": 90 },
				"north": { "uv": [ 0, 0, 8, 8 ], "texture": "#spruce_planks" },
				"south": { "uv": [ 8, 0, 16, 8 ], "texture": "#spruce_planks" },
				"west": { "uv": [ 0, 0, 16, 8 ], "texture": "#spruce_planks" },
				"east": { "uv": [ 0, 0, 16, 8 ], "texture": "#spruce_planks" }
			}
		},
		{
			"__comment": "Spruce Planks",
			"from": [ -9.5, 6.75, 12.5 ],
			"to": [ -3, 10, 19 ],
			"faces": {
				"down": { "uv": [ 0, 16, 16, 0 ], "texture": "#spruce_planks", "rotation": 90 },
				"up": { "uv": [ 0, 0, 16, 16 ], "texture": "#spruce_planks", "rotation": 90 },
				"north": { "uv": [ 0, 0, 16, 8 ], "texture": "#spruce_planks" },
				"south": { "uv": [ 0, 0, 16, 8 ], "texture": "#spruce_planks" },
				"west": { "uv": [ 0, 0, 16, 8 ], "texture": "#spruce_planks" },
				"east": { "uv": [ 0, 0, 16, 8 ], "texture": "#spruce_planks" }
			}
		},
		{
			"__comment": "Spruce Planks",
			"from": [ -9.5, 3.5, 12.5 ],
			"to": [ -6.25, 6.75, 19 ],
			"faces": {
				"down": { "uv": [ 0, 8, 16, 0 ], "texture": "#spruce_planks", "rotation": 90 },
				"up": { "uv": [ 0, 0, 16, 16 ], "texture": "#spruce_planks", "rotation": 90 },
				"north": { "uv": [ 8, 8, 16, 16 ], "texture": "#spruce_planks" },
				"south": { "uv": [ 0, 8, 8, 16 ], "texture": "#spruce_planks" },
				"west": { "uv": [ 0, 8, 16, 16 ], "texture": "#spruce_planks" },
				"east": { "uv": [ 0, 8, 16, 16 ], "texture": "#spruce_planks" }
			}
		},
		{
			"__comment": "Spruce Planks",
			"from": [ -3, 13.25, 12.5 ],
			"to": [ 3.5, 16.5, 19 ],
			"faces": {
				"down": { "uv": [ 0, 16, 16, 0 ], "texture": "#spruce_planks", "rotation": 90 },
				"up": { "uv": [ 0, 0, 16, 16 ], "texture": "#spruce_planks", "rotation": 90 },
				"north": { "uv": [ 0, 0, 16, 8 ], "texture": "#spruce_planks" },
				"south": { "uv": [ 0, 0, 16, 8 ], "texture": "#spruce_planks" },
				"west": { "uv": [ 0, 0, 16, 8 ], "texture": "#spruce_planks" },
				"east": { "uv": [ 0, 0, 16, 8 ], "texture": "#spruce_planks" }
			}
		},
		{
			"__comment": "Spruce Planks",
			"from": [ -3, 10, 12.5 ],
			"to": [ 0.25, 13.25, 19 ],
			"faces": {
				"down": { "uv": [ 0, 8, 16, 0 ], "texture": "#spruce_planks", "rotation": 90 },
				"up": { "uv": [ 0, 0, 16, 16 ], "texture": "#spruce_planks", "rotation": 90 },
				"north": { "uv": [ 8, 8, 16, 16 ], "texture": "#spruce_planks" },
				"south": { "uv": [ 0, 8, 8, 16 ], "texture": "#spruce_planks" },
				"west": { "uv": [ 0, 8, 16, 16 ], "texture": "#spruce_planks" },
				"east": { "uv": [ 0, 8, 16, 16 ], "texture": "#spruce_planks" }
			}
		},
		{
			"__comment": "Spruce Planks",
			"from": [ 16.5, 16.5, 12.5 ],
			"to": [ 23, 19.75, 19 ],
			"faces": {
				"down": { "uv": [ 16, 16, 0, 0 ], "texture": "#spruce_planks", "rotation": 90 },
				"up": { "uv": [ 0, 0, 16, 16 ], "texture": "#spruce_planks", "rotation": 90 },
				"north": { "uv": [ 0, 8, 16, 16 ], "texture": "#spruce_planks" },
				"south": { "uv": [ 0, 8, 16, 16 ], "texture": "#spruce_planks" },
				"west": { "uv": [ 0, 8, 16, 16 ], "texture": "#spruce_planks" },
				"east": { "uv": [ 0, 8, 16, 16 ], "texture": "#spruce_planks" }
			}
		},
		{
			"__comment": "Spruce Planks",
			"from": [ 10, 16.5, 12.5 ],
			"to": [ 16.5, 19.75, 19 ],
			"faces": {
				"down": { "uv": [ 16, 16, 0, 0 ], "texture": "#spruce_planks", "rotation": 90 },
				"up": { "uv": [ 0, 0, 16, 16 ], "texture": "#spruce_planks", "rotation": 90 },
				"north": { "uv": [ 0, 8, 16, 16 ], "texture": "#spruce_planks" },
				"south": { "uv": [ 0, 8, 16, 16 ], "texture": "#spruce_planks" },
				"west": { "uv": [ 0, 8, 16, 16 ], "texture": "#spruce_planks" },
				"east": { "uv": [ 0, 8, 16, 16 ], "texture": "#spruce_planks" }
			}
		},
		{
			"__comment": "Spruce Planks",
			"from": [ 3.5, 13.25, 12.5 ],
			"to": [ 10, 16.5, 19 ],
			"faces": {
				"down": { "uv": [ 0, 16, 16, 0 ], "texture": "#spruce_planks", "rotation": 90 },
				"up": { "uv": [ 0, 0, 16, 16 ], "texture": "#spruce_planks", "rotation": 90 },
				"north": { "uv": [ 0, 0, 16, 8 ], "texture": "#spruce_planks" },
				"south": { "uv": [ 0, 0, 16, 8 ], "texture": "#spruce_planks" },
				"west": { "uv": [ 0, 0, 16, 8 ], "texture": "#spruce_planks" },
				"east": { "uv": [ 0, 0, 16, 8 ], "texture": "#spruce_planks" }
			}
		},
		{
			"__comment": "Spruce Planks",
			"from": [ -9.5, 13.25, -7 ],
			"to": [ -6.25, 16.5, -3.75 ],
			"faces": {
				"down": { "uv": [ 0, 0, 16, 8 ], "texture": "#spruce_planks", "rotation": 90 },
				"up": { "uv": [ 0, 8, 8, 16 ], "texture": "#spruce_planks", "rotation": 90 },
				"north": { "uv": [ 8, 0, 16, 8 ], "texture": "#spruce_planks" },
				"south": { "uv": [ 0, 0, 8, 8 ], "texture": "#spruce_planks" },
				"west": { "uv": [ 0, 0, 8, 8 ], "texture": "#spruce_planks" },
				"east": { "uv": [ 8, 0, 16, 8 ], "texture": "#spruce_planks" }
			}
		},
		{
			"__comment": "Oak Planks",
			"from": [ -3, -0.5, 28.375 ],
			"to": [ 3.5, 0.75, 29.125 ],
			"faces": {
				"down": { "uv": [ 0, 0, 2, 16 ], "texture": "#oak_planks", "rotation": 90 },
				"up": { "uv": [ 0, 0, 2, 16 ], "texture": "#oak_planks", "rotation": 90 },
				"north": { "uv": [ 0, 7, 16, 10 ], "texture": "#oak_planks" },
				"south": { "uv": [ 0, 7, 16, 10 ], "texture": "#oak_planks" },
				"west": { "uv": [ 6, 0, 10, 16 ], "texture": "#oak_planks" },
				"east": { "uv": [ 6, 0, 10, 16 ], "texture": "#oak_planks" }
			}
		},
		{
			"__comment": "Oak Planks",
			"from": [ -3, 1.875, 28.5 ],
			"to": [ 3.5, 3.125, 29.25 ],
			"faces": {
				"down": { "uv": [ 0, 0, 2, 16 ], "texture": "#oak_planks", "rotation": 90 },
				"up": { "uv": [ 0, 0, 2, 16 ], "texture": "#oak_planks", "rotation": 90 },
				"north": { "uv": [ 0, 7, 16, 10 ], "texture": "#oak_planks" },
				"south": { "uv": [ 0, 7, 16, 10 ], "texture": "#oak_planks" },
				"west": { "uv": [ 6, 0, 10, 16 ], "texture": "#oak_planks" },
				"east": { "uv": [ 6, 0, 10, 16 ], "texture": "#oak_planks" }
			}
		},
		{
			"__comment": "Oak Planks",
			"from": [ 3.5, 1.875, 28.5 ],
			"to": [ 10, 3.125, 29.25 ],
			"faces": {
				"down": { "uv": [ 0, 0, 2, 16 ], "texture": "#oak_planks", "rotation": 90 },
				"up": { "uv": [ 0, 0, 2, 16 ], "texture": "#oak_planks", "rotation": 90 },
				"north": { "uv": [ 0, 7, 16, 10 ], "texture": "#oak_planks" },
				"south": { "uv": [ 0, 7, 16, 10 ], "texture": "#oak_planks" },
				"west": { "uv": [ 6, 0, 10, 16 ], "texture": "#oak_planks" },
				"east": { "uv": [ 6, 0, 10, 16 ], "texture": "#oak_planks" }
			}
		},
		{
			"__comment": "Oak Planks",
			"from": [ 3.5, -0.5, 28.375 ],
			"to": [ 10, 0.75, 29.125 ],
			"faces": {
				"down": { "uv": [ 0, 0, 2, 16 ], "texture": "#oak_planks", "rotation": 90 },
				"up": { "uv": [ 0, 0, 2, 16 ], "texture": "#oak_planks", "rotation": 90 },
				"north": { "uv": [ 0, 7, 16, 10 ], "texture": "#oak_planks" },
				"south": { "uv": [ 0, 7, 16, 10 ], "texture": "#oak_planks" },
				"west": { "uv": [ 6, 0, 10, 16 ], "texture": "#oak_planks" },
				"east": { "uv": [ 6, 0, 10, 16 ], "texture": "#oak_planks" }
			}
		},
		{
			"__comment": "Oak Planks",
			"from": [ 10, 1.875, 28.5 ],
			"to": [ 16.5, 3.125, 29.25 ],
			"faces": {
				"down": { "uv": [ 0, 0, 2, 16 ], "texture": "#oak_planks", "rotation": 90 },
				"up": { "uv": [ 0, 0, 2, 16 ], "texture": "#oak_planks", "rotation": 90 },
				"north": { "uv": [ 0, 7, 16, 10 ], "texture": "#oak_planks" },
				"south": { "uv": [ 0, 7, 16, 10 ], "texture": "#oak_planks" },
				"west": { "uv": [ 6, 0, 10, 16 ], "texture": "#oak_planks" },
				"east": { "uv": [ 6, 0, 10, 16 ], "texture": "#oak_planks" }
			}
		},
		{
			"__comment": "Oak Planks",
			"from": [ 10, -0.5, 28.375 ],
			"to": [ 16.5, 0.75, 29.125 ],
			"faces": {
				"down": { "uv": [ 0, 0, 2, 16 ], "texture": "#oak_planks", "rotation": 90 },
				"up": { "uv": [ 0, 0, 2, 16 ], "texture": "#oak_planks", "rotation": 90 },
				"north": { "uv": [ 0, 7, 16, 10 ], "texture": "#oak_planks" },
				"south": { "uv": [ 0, 7, 16, 10 ], "texture": "#oak_planks" },
				"west": { "uv": [ 6, 0, 10, 16 ], "texture": "#oak_planks" },
				"east": { "uv": [ 6, 0, 10, 16 ], "texture": "#oak_planks" }
			}
		},
		{
			"__comment": "Oak Planks",
			"from": [ -6.75, 2.125, 19 ],
			"to": [ -5.75, 3.125, 25.5 ],
			"faces": {
				"down": { "uv": [ 0, 8, 16, 10 ], "texture": "#oak_planks", "rotation": 270 },
				"up": { "uv": [ 0, 8, 16, 10 ], "texture": "#oak_planks", "rotation": 270 },
				"north": { "uv": [ 0, 7, 16, 10 ], "texture": "#oak_planks" },
				"south": { "uv": [ 0, 7, 16, 10 ], "texture": "#oak_planks" },
				"west": { "uv": [ 0, 1, 16, 4 ], "texture": "#oak_planks" },
				"east": { "uv": [ 0, 1, 16, 4 ], "texture": "#oak_planks" }
			}
		},
		{
			"__comment": "Oak Planks",
			"from": [ -6.75, -0.5, 19 ],
			"to": [ -5.75, 0.5, 25.5 ],
			"faces": {
				"down": { "uv": [ 0, 8, 16, 10 ], "texture": "#oak_planks", "rotation": 90 },
				"up": { "uv": [ 0, 8, 16, 10 ], "texture": "#oak_planks", "rotation": 90 },
				"north": { "uv": [ 0, 7, 16, 10 ], "texture": "#oak_planks" },
				"south": { "uv": [ 0, 7, 16, 10 ], "texture": "#oak_planks" },
				"west": { "uv": [ 0, 1, 16, 4 ], "texture": "#oak_planks" },
				"east": { "uv": [ 0, 1, 16, 4 ], "texture": "#oak_planks" }
			}
		},
		{
			"__comment": "Oak Planks",
			"from": [ -6.75, -0.5, 12.5 ],
			"to": [ -5.75, 0.5, 19 ],
			"faces": {
				"down": { "uv": [ 0, 8, 16, 10 ], "texture": "#oak_planks", "rotation": 90 },
				"up": { "uv": [ 0, 8, 16, 10 ], "texture": "#oak_planks", "rotation": 90 },
				"north": { "uv": [ 0, 7, 16, 10 ], "texture": "#oak_planks" },
				"south": { "uv": [ 0, 7, 16, 10 ], "texture": "#oak_planks" },
				"west": { "uv": [ 0, 1, 16, 4 ], "texture": "#oak_planks" },
				"east": { "uv": [ 0, 1, 16, 4 ], "texture": "#oak_planks" }
			}
		},
		{
			"__comment": "Oak Planks",
			"from": [ -6.75, 2.125, 12.5 ],
			"to": [ -5.75, 3.125, 19 ],
			"faces": {
				"down": { "uv": [ 0, 8, 16, 10 ], "texture": "#oak_planks", "rotation": 270 },
				"up": { "uv": [ 0, 8, 16, 10 ], "texture": "#oak_planks", "rotation": 270 },
				"north": { "uv": [ 0, 7, 16, 10 ], "texture": "#oak_planks" },
				"south": { "uv": [ 0, 7, 16, 10 ], "texture": "#oak_planks" },
				"west": { "uv": [ 0, 1, 16, 4 ], "texture": "#oak_planks" },
				"east": { "uv": [ 0, 1, 16, 4 ], "texture": "#oak_planks" }
			}
		}
	],
	"display": {
		"head": {
			"translation":  [ -46.3, 51.3, 46.3 ],
			"scale":  [ 3.94, 3.94, 3.94 ]
		}
	}
}