{
	"__comment": "Designed by Mcmakistein with Cubik Studio - https://cubik.studio",
	"textures": {
		"particle": "custom/cmd_block",
		"stone_brick": "custom/stone_bricks",
		"cobblestone": "custom/cobblestone",
		"glass": "custom/glass",
		"andesite": "custom/polished_andesite",
		"smooth_stone": "custom/smooth_stone",
		"smooth_stone_side": "custom/smooth_stone_slab_side",
		"oak_planks": "custom/oak_planks",
		"birch_planks": "custom/birch_planks",
		"door_top": "custom/oak_door_top",
		"door_bottom": "custom/oak_door_bottom"
	},
	"elements": [ 	 
		{
			"__comment": "Stone Bricks",
			"from": [ -5, -16, -8.25 ],
			"to": [ 1.5, -9.5, -1.75 ],
			"faces": {
				"down": { "uv": [ 0, 0, 16, 16 ], "texture": "#stone_brick", "rotation": 270 },
				"up": { "uv": [ 0, 0, 16, 16 ], "texture": "#stone_brick", "rotation": 90 },
				"north": { "uv": [ 0, 0, 16, 16 ], "texture": "#stone_brick" },
				"south": { "uv": [ 0, 0, 16, 16 ], "texture": "#stone_brick" },
				"west": { "uv": [ 0, 0, 16, 16 ], "texture": "#stone_brick" },
				"east": { "uv": [ 0, 0, 16, 16 ], "texture": "#stone_brick" }
			}
		},
		{
			"__comment": "Stone Bricks",
			"from": [ 1.5, -16, -8.25 ],
			"to": [ 8, -9.5, -1.75 ],
			"faces": {
				"down": { "uv": [ 0, 0, 16, 16 ], "texture": "#stone_brick", "rotation": 270 },
				"up": { "uv": [ 0, 0, 16, 16 ], "texture": "#stone_brick", "rotation": 90 },
				"north": { "uv": [ 0, 0, 16, 16 ], "texture": "#stone_brick" },
				"south": { "uv": [ 0, 0, 16, 16 ], "texture": "#stone_brick" },
				"west": { "uv": [ 0, 0, 16, 16 ], "texture": "#stone_brick" },
				"east": { "uv": [ 0, 0, 16, 16 ], "texture": "#stone_brick" }
			}
		},
		{
			"__comment": "Stone Bricks",
			"from": [ 8, -16, -8.25 ],
			"to": [ 14.5, -9.5, -1.75 ],
			"faces": {
				"down": { "uv": [ 0, 0, 16, 16 ], "texture": "#stone_brick", "rotation": 270 },
				"up": { "uv": [ 0, 0, 16, 16 ], "texture": "#stone_brick", "rotation": 90 },
				"north": { "uv": [ 0, 0, 16, 16 ], "texture": "#stone_brick" },
				"south": { "uv": [ 0, 0, 16, 16 ], "texture": "#stone_brick" },
				"west": { "uv": [ 0, 0, 16, 16 ], "texture": "#stone_brick" },
				"east": { "uv": [ 0, 0, 16, 16 ], "texture": "#stone_brick" }
			}
		},
		{
			"__comment": "Stone Bricks",
			"from": [ 14.5, -16, -8.25 ],
			"to": [ 21, -9.5, -1.75 ],
			"faces": {
				"down": { "uv": [ 0, 0, 16, 16 ], "texture": "#stone_brick", "rotation": 270 },
				"up": { "uv": [ 0, 0, 16, 16 ], "texture": "#stone_brick", "rotation": 90 },
				"north": { "uv": [ 0, 0, 16, 16 ], "texture": "#stone_brick" },
				"south": { "uv": [ 0, 0, 16, 16 ], "texture": "#stone_brick" },
				"west": { "uv": [ 0, 0, 16, 16 ], "texture": "#stone_brick" },
				"east": { "uv": [ 0, 0, 16, 16 ], "texture": "#stone_brick" }
			}
		},
		{
			"__comment": "Stone Bricks",
			"from": [ -5, -16, -1.75 ],
			"to": [ 1.5, -9.5, 4.75 ],
			"faces": {
				"down": { "uv": [ 0, 0, 16, 16 ], "texture": "#stone_brick", "rotation": 270 },
				"up": { "uv": [ 0, 0, 16, 16 ], "texture": "#stone_brick", "rotation": 90 },
				"north": { "uv": [ 0, 0, 16, 16 ], "texture": "#stone_brick" },
				"south": { "uv": [ 0, 0, 16, 16 ], "texture": "#stone_brick" },
				"west": { "uv": [ 0, 0, 16, 16 ], "texture": "#stone_brick" },
				"east": { "uv": [ 0, 0, 16, 16 ], "texture": "#stone_brick" }
			}
		},
		{
			"__comment": "Stone Bricks",
			"from": [ 1.5, -16, -1.75 ],
			"to": [ 8, -9.5, 4.75 ],
			"faces": {
				"down": { "uv": [ 0, 0, 16, 16 ], "texture": "#stone_brick", "rotation": 270 },
				"up": { "uv": [ 0, 0, 16, 16 ], "texture": "#stone_brick", "rotation": 90 },
				"north": { "uv": [ 0, 0, 16, 16 ], "texture": "#stone_brick" },
				"south": { "uv": [ 0, 0, 16, 16 ], "texture": "#stone_brick" },
				"west": { "uv": [ 0, 0, 16, 16 ], "texture": "#stone_brick" },
				"east": { "uv": [ 0, 0, 16, 16 ], "texture": "#stone_brick" }
			}
		},
		{
			"__comment": "Stone Bricks",
			"from": [ 8, -16, -1.75 ],
			"to": [ 14.5, -9.5, 4.75 ],
			"faces": {
				"down": { "uv": [ 0, 0, 16, 16 ], "texture": "#stone_brick", "rotation": 270 },
				"up": { "uv": [ 0, 0, 16, 16 ], "texture": "#stone_brick", "rotation": 90 },
				"north": { "uv": [ 0, 0, 16, 16 ], "texture": "#stone_brick" },
				"south": { "uv": [ 0, 0, 16, 16 ], "texture": "#stone_brick" },
				"west": { "uv": [ 0, 0, 16, 16 ], "texture": "#stone_brick" },
				"east": { "uv": [ 0, 0, 16, 16 ], "texture": "#stone_brick" }
			}
		},
		{
			"__comment": "Stone Bricks",
			"from": [ 14.5, -16, -1.75 ],
			"to": [ 21, -9.5, 4.75 ],
			"faces": {
				"down": { "uv": [ 0, 0, 16, 16 ], "texture": "#stone_brick", "rotation": 270 },
				"up": { "uv": [ 0, 0, 16, 16 ], "texture": "#stone_brick", "rotation": 90 },
				"north": { "uv": [ 0, 0, 16, 16 ], "texture": "#stone_brick" },
				"south": { "uv": [ 0, 0, 16, 16 ], "texture": "#stone_brick" },
				"west": { "uv": [ 0, 0, 16, 16 ], "texture": "#stone_brick" },
				"east": { "uv": [ 0, 0, 16, 16 ], "texture": "#stone_brick" }
			}
		},
		{
			"__comment": "Stone Bricks",
			"from": [ -5, -16, 4.75 ],
			"to": [ 1.5, -9.5, 11.25 ],
			"faces": {
				"down": { "uv": [ 0, 0, 16, 16 ], "texture": "#stone_brick", "rotation": 270 },
				"up": { "uv": [ 0, 0, 16, 16 ], "texture": "#stone_brick", "rotation": 90 },
				"north": { "uv": [ 0, 0, 16, 16 ], "texture": "#stone_brick" },
				"south": { "uv": [ 0, 0, 16, 16 ], "texture": "#stone_brick" },
				"west": { "uv": [ 0, 0, 16, 16 ], "texture": "#stone_brick" },
				"east": { "uv": [ 0, 0, 16, 16 ], "texture": "#stone_brick" }
			}
		},
		{
			"__comment": "Stone Bricks",
			"from": [ 1.5, -16, 4.75 ],
			"to": [ 8, -9.5, 11.25 ],
			"faces": {
				"down": { "uv": [ 0, 0, 16, 16 ], "texture": "#stone_brick", "rotation": 270 },
				"up": { "uv": [ 0, 0, 16, 16 ], "texture": "#stone_brick", "rotation": 90 },
				"north": { "uv": [ 0, 0, 16, 16 ], "texture": "#stone_brick" },
				"south": { "uv": [ 0, 0, 16, 16 ], "texture": "#stone_brick" },
				"west": { "uv": [ 0, 0, 16, 16 ], "texture": "#stone_brick" },
				"east": { "uv": [ 0, 0, 16, 16 ], "texture": "#stone_brick" }
			}
		},
		{
			"__comment": "Stone Bricks",
			"from": [ 8, -16, 4.75 ],
			"to": [ 14.5, -9.5, 11.25 ],
			"faces": {
				"down": { "uv": [ 0, 0, 16, 16 ], "texture": "#stone_brick", "rotation": 270 },
				"up": { "uv": [ 0, 0, 16, 16 ], "texture": "#stone_brick", "rotation": 90 },
				"north": { "uv": [ 0, 0, 16, 16 ], "texture": "#stone_brick" },
				"south": { "uv": [ 0, 0, 16, 16 ], "texture": "#stone_brick" },
				"west": { "uv": [ 0, 0, 16, 16 ], "texture": "#stone_brick" },
				"east": { "uv": [ 0, 0, 16, 16 ], "texture": "#stone_brick" }
			}
		},
		{
			"__comment": "Stone Bricks",
			"from": [ 14.5, -16, 4.75 ],
			"to": [ 21, -9.5, 11.25 ],
			"faces": {
				"down": { "uv": [ 0, 0, 16, 16 ], "texture": "#stone_brick", "rotation": 270 },
				"up": { "uv": [ 0, 0, 16, 16 ], "texture": "#stone_brick", "rotation": 90 },
				"north": { "uv": [ 0, 0, 16, 16 ], "texture": "#stone_brick" },
				"south": { "uv": [ 0, 0, 16, 16 ], "texture": "#stone_brick" },
				"west": { "uv": [ 0, 0, 16, 16 ], "texture": "#stone_brick" },
				"east": { "uv": [ 0, 0, 16, 16 ], "texture": "#stone_brick" }
			}
		},
		{
			"__comment": "Stone Bricks",
			"from": [ -5, -16, 11.25 ],
			"to": [ 1.5, -9.5, 17.75 ],
			"faces": {
				"down": { "uv": [ 0, 0, 16, 16 ], "texture": "#stone_brick", "rotation": 270 },
				"up": { "uv": [ 0, 0, 16, 16 ], "texture": "#stone_brick", "rotation": 90 },
				"north": { "uv": [ 0, 0, 16, 16 ], "texture": "#stone_brick" },
				"south": { "uv": [ 0, 0, 16, 16 ], "texture": "#stone_brick" },
				"west": { "uv": [ 0, 0, 16, 16 ], "texture": "#stone_brick" },
				"east": { "uv": [ 0, 0, 16, 16 ], "texture": "#stone_brick" }
			}
		},
		{
			"__comment": "Stone Bricks",
			"from": [ 1.5, -16, 11.25 ],
			"to": [ 8, -9.5, 17.75 ],
			"faces": {
				"down": { "uv": [ 0, 0, 16, 16 ], "texture": "#stone_brick", "rotation": 270 },
				"up": { "uv": [ 0, 0, 16, 16 ], "texture": "#stone_brick", "rotation": 90 },
				"north": { "uv": [ 0, 0, 16, 16 ], "texture": "#stone_brick" },
				"south": { "uv": [ 0, 0, 16, 16 ], "texture": "#stone_brick" },
				"west": { "uv": [ 0, 0, 16, 16 ], "texture": "#stone_brick" },
				"east": { "uv": [ 0, 0, 16, 16 ], "texture": "#stone_brick" }
			}
		},
		{
			"__comment": "Stone Bricks",
			"from": [ 8, -16, 11.25 ],
			"to": [ 14.5, -9.5, 17.75 ],
			"faces": {
				"down": { "uv": [ 0, 0, 16, 16 ], "texture": "#stone_brick", "rotation": 270 },
				"up": { "uv": [ 0, 0, 16, 16 ], "texture": "#stone_brick", "rotation": 90 },
				"north": { "uv": [ 0, 0, 16, 16 ], "texture": "#stone_brick" },
				"south": { "uv": [ 0, 0, 16, 16 ], "texture": "#stone_brick" },
				"west": { "uv": [ 0, 0, 16, 16 ], "texture": "#stone_brick" },
				"east": { "uv": [ 0, 0, 16, 16 ], "texture": "#stone_brick" }
			}
		},
		{
			"__comment": "Stone Bricks",
			"from": [ 14.5, -16, 11.25 ],
			"to": [ 21, -9.5, 17.75 ],
			"faces": {
				"down": { "uv": [ 0, 0, 16, 16 ], "texture": "#stone_brick", "rotation": 270 },
				"up": { "uv": [ 0, 0, 16, 16 ], "texture": "#stone_brick", "rotation": 90 },
				"north": { "uv": [ 0, 0, 16, 16 ], "texture": "#stone_brick" },
				"south": { "uv": [ 0, 0, 16, 16 ], "texture": "#stone_brick" },
				"west": { "uv": [ 0, 0, 16, 16 ], "texture": "#stone_brick" },
				"east": { "uv": [ 0, 0, 16, 16 ], "texture": "#stone_brick" }
			}
		},
		{
			"__comment": "Stone Bricks",
			"from": [ -5, -16, 17.75 ],
			"to": [ 1.5, -9.5, 24.25 ],
			"faces": {
				"down": { "uv": [ 0, 0, 16, 16 ], "texture": "#stone_brick", "rotation": 270 },
				"up": { "uv": [ 0, 0, 16, 16 ], "texture": "#stone_brick", "rotation": 90 },
				"north": { "uv": [ 0, 0, 16, 16 ], "texture": "#stone_brick" },
				"south": { "uv": [ 0, 0, 16, 16 ], "texture": "#stone_brick" },
				"west": { "uv": [ 0, 0, 16, 16 ], "texture": "#stone_brick" },
				"east": { "uv": [ 0, 0, 16, 16 ], "texture": "#stone_brick" }
			}
		},
		{
			"__comment": "Stone Bricks",
			"from": [ 1.5, -16, 17.75 ],
			"to": [ 8, -9.5, 24.25 ],
			"faces": {
				"down": { "uv": [ 0, 0, 16, 16 ], "texture": "#stone_brick", "rotation": 270 },
				"up": { "uv": [ 0, 0, 16, 16 ], "texture": "#stone_brick", "rotation": 90 },
				"north": { "uv": [ 0, 0, 16, 16 ], "texture": "#stone_brick" },
				"south": { "uv": [ 0, 0, 16, 16 ], "texture": "#stone_brick" },
				"west": { "uv": [ 0, 0, 16, 16 ], "texture": "#stone_brick" },
				"east": { "uv": [ 0, 0, 16, 16 ], "texture": "#stone_brick" }
			}
		},
		{
			"__comment": "Stone Bricks",
			"from": [ 8, -16, 17.75 ],
			"to": [ 14.5, -9.5, 24.25 ],
			"faces": {
				"down": { "uv": [ 0, 0, 16, 16 ], "texture": "#stone_brick", "rotation": 270 },
				"up": { "uv": [ 0, 0, 16, 16 ], "texture": "#stone_brick", "rotation": 90 },
				"north": { "uv": [ 0, 0, 16, 16 ], "texture": "#stone_brick" },
				"south": { "uv": [ 0, 0, 16, 16 ], "texture": "#stone_brick" },
				"west": { "uv": [ 0, 0, 16, 16 ], "texture": "#stone_brick" },
				"east": { "uv": [ 0, 0, 16, 16 ], "texture": "#stone_brick" }
			}
		},
		{
			"__comment": "Stone Bricks",
			"from": [ 14.5, -16, 17.75 ],
			"to": [ 21, -9.5, 24.25 ],
			"faces": {
				"down": { "uv": [ 0, 0, 16, 16 ], "texture": "#stone_brick", "rotation": 270 },
				"up": { "uv": [ 0, 0, 16, 16 ], "texture": "#stone_brick", "rotation": 90 },
				"north": { "uv": [ 0, 0, 16, 16 ], "texture": "#stone_brick" },
				"south": { "uv": [ 0, 0, 16, 16 ], "texture": "#stone_brick" },
				"west": { "uv": [ 0, 0, 16, 16 ], "texture": "#stone_brick" },
				"east": { "uv": [ 0, 0, 16, 16 ], "texture": "#stone_brick" }
			}
		},
		{
			"__comment": "Oak Planks",
			"from": [ -5, -9.5, -8.25 ],
			"to": [ 1.5, -3, -1.75 ],
			"faces": {
				"down": { "uv": [ 0, 0, 16, 16 ], "texture": "#oak_planks", "rotation": 270 },
				"up": { "uv": [ 0, 0, 16, 16 ], "texture": "#oak_planks", "rotation": 90 },
				"north": { "uv": [ 0, 0, 16, 16 ], "texture": "#oak_planks" },
				"south": { "uv": [ 0, 0, 16, 16 ], "texture": "#oak_planks" },
				"west": { "uv": [ 0, 0, 16, 16 ], "texture": "#oak_planks" },
				"east": { "uv": [ 0, 0, 16, 16 ], "texture": "#oak_planks" }
			}
		},
		{
			"__comment": "Oak Planks",
			"from": [ -5, -9.5, -1.75 ],
			"to": [ 1.5, -3, 4.75 ],
			"faces": {
				"down": { "uv": [ 0, 0, 16, 16 ], "texture": "#oak_planks", "rotation": 270 },
				"up": { "uv": [ 0, 0, 16, 16 ], "texture": "#oak_planks", "rotation": 90 },
				"north": { "uv": [ 0, 0, 16, 16 ], "texture": "#oak_planks" },
				"south": { "uv": [ 0, 0, 16, 16 ], "texture": "#oak_planks" },
				"west": { "uv": [ 0, 0, 16, 16 ], "texture": "#oak_planks" },
				"east": { "uv": [ 0, 0, 16, 16 ], "texture": "#oak_planks" }
			}
		},
		{
			"__comment": "Oak Planks",
			"from": [ -5, -9.5, 4.75 ],
			"to": [ 1.5, -3, 11.25 ],
			"faces": {
				"down": { "uv": [ 0, 0, 16, 16 ], "texture": "#oak_planks", "rotation": 270 },
				"up": { "uv": [ 0, 0, 16, 16 ], "texture": "#oak_planks", "rotation": 90 },
				"north": { "uv": [ 0, 0, 16, 16 ], "texture": "#oak_planks" },
				"south": { "uv": [ 0, 0, 16, 16 ], "texture": "#oak_planks" },
				"west": { "uv": [ 0, 0, 16, 16 ], "texture": "#oak_planks" },
				"east": { "uv": [ 0, 0, 16, 16 ], "texture": "#oak_planks" }
			}
		},
		{
			"__comment": "Oak Planks",
			"from": [ -5, -9.5, 11.25 ],
			"to": [ 1.5, -3, 17.75 ],
			"faces": {
				"down": { "uv": [ 0, 0, 16, 16 ], "texture": "#oak_planks", "rotation": 270 },
				"up": { "uv": [ 0, 0, 16, 16 ], "texture": "#oak_planks", "rotation": 90 },
				"north": { "uv": [ 0, 0, 16, 16 ], "texture": "#oak_planks" },
				"south": { "uv": [ 0, 0, 16, 16 ], "texture": "#oak_planks" },
				"west": { "uv": [ 0, 0, 16, 16 ], "texture": "#oak_planks" },
				"east": { "uv": [ 0, 0, 16, 16 ], "texture": "#oak_planks" }
			}
		},
		{
			"__comment": "Oak Planks",
			"from": [ -5, -9.5, 17.75 ],
			"to": [ 1.5, -3, 24.25 ],
			"faces": {
				"down": { "uv": [ 0, 0, 16, 16 ], "texture": "#oak_planks", "rotation": 270 },
				"up": { "uv": [ 0, 0, 16, 16 ], "texture": "#oak_planks", "rotation": 90 },
				"north": { "uv": [ 0, 0, 16, 16 ], "texture": "#oak_planks" },
				"south": { "uv": [ 0, 0, 16, 16 ], "texture": "#oak_planks" },
				"west": { "uv": [ 0, 0, 16, 16 ], "texture": "#oak_planks" },
				"east": { "uv": [ 0, 0, 16, 16 ], "texture": "#oak_planks" }
			}
		},
		{
			"__comment": "Oak Planks",
			"from": [ 14.5, -9.5, 17.75 ],
			"to": [ 21, -3, 24.25 ],
			"faces": {
				"down": { "uv": [ 0, 0, 16, 16 ], "texture": "#oak_planks", "rotation": 270 },
				"up": { "uv": [ 0, 0, 16, 16 ], "texture": "#oak_planks", "rotation": 90 },
				"north": { "uv": [ 0, 0, 16, 16 ], "texture": "#oak_planks" },
				"south": { "uv": [ 0, 0, 16, 16 ], "texture": "#oak_planks" },
				"west": { "uv": [ 0, 0, 16, 16 ], "texture": "#oak_planks" },
				"east": { "uv": [ 0, 0, 16, 16 ], "texture": "#oak_planks" }
			}
		},
		{
			"__comment": "Oak Planks",
			"from": [ 14.5, -9.5, 11.25 ],
			"to": [ 21, -3, 17.75 ],
			"faces": {
				"down": { "uv": [ 0, 0, 16, 16 ], "texture": "#oak_planks", "rotation": 270 },
				"up": { "uv": [ 0, 0, 16, 16 ], "texture": "#oak_planks", "rotation": 90 },
				"north": { "uv": [ 0, 0, 16, 16 ], "texture": "#oak_planks" },
				"south": { "uv": [ 0, 0, 16, 16 ], "texture": "#oak_planks" },
				"west": { "uv": [ 0, 0, 16, 16 ], "texture": "#oak_planks" },
				"east": { "uv": [ 0, 0, 16, 16 ], "texture": "#oak_planks" }
			}
		},
		{
			"__comment": "Oak Planks",
			"from": [ 14.5, -9.5, 4.75 ],
			"to": [ 21, -3, 11.25 ],
			"faces": {
				"down": { "uv": [ 0, 0, 16, 16 ], "texture": "#oak_planks", "rotation": 270 },
				"up": { "uv": [ 0, 0, 16, 16 ], "texture": "#oak_planks", "rotation": 90 },
				"north": { "uv": [ 0, 0, 16, 16 ], "texture": "#oak_planks" },
				"south": { "uv": [ 0, 0, 16, 16 ], "texture": "#oak_planks" },
				"west": { "uv": [ 0, 0, 16, 16 ], "texture": "#oak_planks" },
				"east": { "uv": [ 0, 0, 16, 16 ], "texture": "#oak_planks" }
			}
		},
		{
			"__comment": "Oak Planks",
			"from": [ 14.5, -9.5, -1.75 ],
			"to": [ 21, -3, 4.75 ],
			"faces": {
				"down": { "uv": [ 0, 0, 16, 16 ], "texture": "#oak_planks", "rotation": 270 },
				"up": { "uv": [ 0, 0, 16, 16 ], "texture": "#oak_planks", "rotation": 90 },
				"north": { "uv": [ 0, 0, 16, 16 ], "texture": "#oak_planks" },
				"south": { "uv": [ 0, 0, 16, 16 ], "texture": "#oak_planks" },
				"west": { "uv": [ 0, 0, 16, 16 ], "texture": "#oak_planks" },
				"east": { "uv": [ 0, 0, 16, 16 ], "texture": "#oak_planks" }
			}
		},
		{
			"__comment": "Oak Planks",
			"from": [ 14.5, -9.5, -8.25 ],
			"to": [ 21, -3, -1.75 ],
			"faces": {
				"down": { "uv": [ 0, 0, 16, 16 ], "texture": "#oak_planks", "rotation": 270 },
				"up": { "uv": [ 0, 0, 16, 16 ], "texture": "#oak_planks", "rotation": 90 },
				"north": { "uv": [ 0, 0, 16, 16 ], "texture": "#oak_planks" },
				"south": { "uv": [ 0, 0, 16, 16 ], "texture": "#oak_planks" },
				"west": { "uv": [ 0, 0, 16, 16 ], "texture": "#oak_planks" },
				"east": { "uv": [ 0, 0, 16, 16 ], "texture": "#oak_planks" }
			}
		},
		{
			"__comment": "Door Top",
			"from": [ 1.5, -3, 17.75 ],
			"to": [ 8, 3.5, 24.25 ],
			"faces": {
				"south": { "uv": [ 0, 0, 16, 16 ], "texture": "#door_top" }
			}
		},
		{
			"__comment": "Door Bottom",
			"from": [ 1.5, -9.5, 17.75 ],
			"to": [ 8, -3, 24.25 ],
			"faces": {
				"south": { "uv": [ 0, 0, 16, 16 ], "texture": "#door_bottom" }
			}
		},
		{
			"__comment": "Glass Pane",
			"from": [ 1.5, -3, -5.125 ],
			"to": [ 8, 3.5, -4.999 ],
			"faces": {
				"north": { "uv": [ 16, 0, 0, 16 ], "texture": "#glass" },
				"south": { "uv": [ 0, 0, 16, 16 ], "texture": "#glass" }
			}
		},
		{
			"__comment": "Glass Pane",
			"from": [ 8, -3, -5.125 ],
			"to": [ 14.5, 3.5, -4.999 ],
			"faces": {
				"north": { "uv": [ 16, 0, 0, 16 ], "texture": "#glass" },
				"south": { "uv": [ 0, 0, 16, 16 ], "texture": "#glass" }
			}
		},
		{
			"__comment": "Oak Planks",
			"from": [ 14.5, -3, 17.75 ],
			"to": [ 21, 3.5, 24.25 ],
			"faces": {
				"down": { "uv": [ 0, 0, 16, 16 ], "texture": "#oak_planks", "rotation": 270 },
				"up": { "uv": [ 0, 0, 16, 16 ], "texture": "#oak_planks", "rotation": 90 },
				"north": { "uv": [ 0, 0, 16, 16 ], "texture": "#oak_planks" },
				"south": { "uv": [ 0, 0, 16, 16 ], "texture": "#oak_planks" },
				"west": { "uv": [ 0, 0, 16, 16 ], "texture": "#oak_planks" },
				"east": { "uv": [ 0, 0, 16, 16 ], "texture": "#oak_planks" }
			}
		},
		{
			"__comment": "Oak Planks",
			"from": [ 14.5, -3, 11.25 ],
			"to": [ 21, 3.5, 17.75 ],
			"faces": {
				"down": { "uv": [ 0, 0, 16, 16 ], "texture": "#oak_planks", "rotation": 270 },
				"up": { "uv": [ 0, 0, 16, 16 ], "texture": "#oak_planks", "rotation": 90 },
				"north": { "uv": [ 0, 0, 16, 16 ], "texture": "#oak_planks" },
				"south": { "uv": [ 0, 0, 16, 16 ], "texture": "#oak_planks" },
				"west": { "uv": [ 0, 0, 16, 16 ], "texture": "#oak_planks" },
				"east": { "uv": [ 0, 0, 16, 16 ], "texture": "#oak_planks" }
			}
		},
		{
			"__comment": "Oak Planks",
			"from": [ 14.5, -3, 4.75 ],
			"to": [ 21, 3.5, 11.25 ],
			"faces": {
				"down": { "uv": [ 0, 0, 16, 16 ], "texture": "#oak_planks", "rotation": 270 },
				"up": { "uv": [ 0, 0, 16, 16 ], "texture": "#oak_planks", "rotation": 90 },
				"north": { "uv": [ 0, 0, 16, 16 ], "texture": "#oak_planks" },
				"south": { "uv": [ 0, 0, 16, 16 ], "texture": "#oak_planks" },
				"west": { "uv": [ 0, 0, 16, 16 ], "texture": "#oak_planks" },
				"east": { "uv": [ 0, 0, 16, 16 ], "texture": "#oak_planks" }
			}
		},
		{
			"__comment": "Oak Planks",
			"from": [ 14.5, -3, -1.75 ],
			"to": [ 21, 3.5, 4.75 ],
			"faces": {
				"down": { "uv": [ 0, 0, 16, 16 ], "texture": "#oak_planks", "rotation": 270 },
				"up": { "uv": [ 0, 0, 16, 16 ], "texture": "#oak_planks", "rotation": 90 },
				"north": { "uv": [ 0, 0, 16, 16 ], "texture": "#oak_planks" },
				"south": { "uv": [ 0, 0, 16, 16 ], "texture": "#oak_planks" },
				"west": { "uv": [ 0, 0, 16, 16 ], "texture": "#oak_planks" },
				"east": { "uv": [ 0, 0, 16, 16 ], "texture": "#oak_planks" }
			}
		},
		{
			"__comment": "Oak Planks",
			"from": [ 14.5, -3, -8.25 ],
			"to": [ 21, 3.5, -1.75 ],
			"faces": {
				"down": { "uv": [ 0, 0, 16, 16 ], "texture": "#oak_planks", "rotation": 270 },
				"up": { "uv": [ 0, 0, 16, 16 ], "texture": "#oak_planks", "rotation": 90 },
				"north": { "uv": [ 0, 0, 16, 16 ], "texture": "#oak_planks" },
				"south": { "uv": [ 0, 0, 16, 16 ], "texture": "#oak_planks" },
				"west": { "uv": [ 0, 0, 16, 16 ], "texture": "#oak_planks" },
				"east": { "uv": [ 0, 0, 16, 16 ], "texture": "#oak_planks" }
			}
		},
		{
			"__comment": "Oak Planks",
			"from": [ -5, -3, 17.75 ],
			"to": [ 1.5, 3.5, 24.25 ],
			"faces": {
				"down": { "uv": [ 0, 0, 16, 16 ], "texture": "#oak_planks", "rotation": 270 },
				"up": { "uv": [ 0, 0, 16, 16 ], "texture": "#oak_planks", "rotation": 90 },
				"north": { "uv": [ 0, 0, 16, 16 ], "texture": "#oak_planks" },
				"south": { "uv": [ 0, 0, 16, 16 ], "texture": "#oak_planks" },
				"west": { "uv": [ 0, 0, 16, 16 ], "texture": "#oak_planks" },
				"east": { "uv": [ 0, 0, 16, 16 ], "texture": "#oak_planks" }
			}
		},
		{
			"__comment": "Oak Planks",
			"from": [ -5, -3, 11.25 ],
			"to": [ 1.5, 3.5, 17.75 ],
			"faces": {
				"down": { "uv": [ 0, 0, 16, 16 ], "texture": "#oak_planks", "rotation": 270 },
				"up": { "uv": [ 0, 0, 16, 16 ], "texture": "#oak_planks", "rotation": 90 },
				"north": { "uv": [ 0, 0, 16, 16 ], "texture": "#oak_planks" },
				"south": { "uv": [ 0, 0, 16, 16 ], "texture": "#oak_planks" },
				"west": { "uv": [ 0, 0, 16, 16 ], "texture": "#oak_planks" },
				"east": { "uv": [ 0, 0, 16, 16 ], "texture": "#oak_planks" }
			}
		},
		{
			"__comment": "Oak Planks",
			"from": [ -5, -3, 4.75 ],
			"to": [ 1.5, 3.5, 11.25 ],
			"faces": {
				"down": { "uv": [ 0, 0, 16, 16 ], "texture": "#oak_planks", "rotation": 270 },
				"up": { "uv": [ 0, 0, 16, 16 ], "texture": "#oak_planks", "rotation": 90 },
				"north": { "uv": [ 0, 0, 16, 16 ], "texture": "#oak_planks" },
				"south": { "uv": [ 0, 0, 16, 16 ], "texture": "#oak_planks" },
				"west": { "uv": [ 0, 0, 16, 16 ], "texture": "#oak_planks" },
				"east": { "uv": [ 0, 0, 16, 16 ], "texture": "#oak_planks" }
			}
		},
		{
			"__comment": "Oak Planks",
			"from": [ -5, -3, -1.75 ],
			"to": [ 1.5, 3.5, 4.75 ],
			"faces": {
				"down": { "uv": [ 0, 0, 16, 16 ], "texture": "#oak_planks", "rotation": 270 },
				"up": { "uv": [ 0, 0, 16, 16 ], "texture": "#oak_planks", "rotation": 90 },
				"north": { "uv": [ 0, 0, 16, 16 ], "texture": "#oak_planks" },
				"south": { "uv": [ 0, 0, 16, 16 ], "texture": "#oak_planks" },
				"west": { "uv": [ 0, 0, 16, 16 ], "texture": "#oak_planks" },
				"east": { "uv": [ 0, 0, 16, 16 ], "texture": "#oak_planks" }
			}
		},
		{
			"__comment": "Oak Planks",
			"from": [ -5, -3, -8.25 ],
			"to": [ 1.5, 3.5, -1.75 ],
			"faces": {
				"down": { "uv": [ 0, 0, 16, 16 ], "texture": "#oak_planks", "rotation": 270 },
				"up": { "uv": [ 0, 0, 16, 16 ], "texture": "#oak_planks", "rotation": 90 },
				"north": { "uv": [ 0, 0, 16, 16 ], "texture": "#oak_planks" },
				"south": { "uv": [ 0, 0, 16, 16 ], "texture": "#oak_planks" },
				"west": { "uv": [ 0, 0, 16, 16 ], "texture": "#oak_planks" },
				"east": { "uv": [ 0, 0, 16, 16 ], "texture": "#oak_planks" }
			}
		},
		{
			"__comment": "Oak Planks",
			"from": [ 8, -3, 17.75 ],
			"to": [ 14.5, 3.5, 24.25 ],
			"faces": {
				"down": { "uv": [ 0, 0, 16, 16 ], "texture": "#oak_planks", "rotation": 270 },
				"up": { "uv": [ 0, 0, 16, 16 ], "texture": "#oak_planks", "rotation": 90 },
				"north": { "uv": [ 0, 0, 16, 16 ], "texture": "#oak_planks" },
				"south": { "uv": [ 0, 0, 16, 16 ], "texture": "#oak_planks" },
				"west": { "uv": [ 0, 0, 16, 16 ], "texture": "#oak_planks" },
				"east": { "uv": [ 0, 0, 16, 16 ], "texture": "#oak_planks" }
			}
		},
		{
			"__comment": "Oak Planks",
			"from": [ 8, -9.5, 17.75 ],
			"to": [ 14.5, -3, 24.25 ],
			"faces": {
				"down": { "uv": [ 0, 0, 16, 16 ], "texture": "#oak_planks", "rotation": 270 },
				"up": { "uv": [ 0, 0, 16, 16 ], "texture": "#oak_planks", "rotation": 90 },
				"north": { "uv": [ 0, 0, 16, 16 ], "texture": "#oak_planks" },
				"south": { "uv": [ 0, 0, 16, 16 ], "texture": "#oak_planks" },
				"west": { "uv": [ 0, 0, 16, 16 ], "texture": "#oak_planks" },
				"east": { "uv": [ 0, 0, 16, 16 ], "texture": "#oak_planks" }
			}
		},
		{
			"__comment": "Oak Planks",
			"from": [ 1.5, -9.5, -8.25 ],
			"to": [ 8, -3, -1.75 ],
			"faces": {
				"down": { "uv": [ 0, 0, 16, 16 ], "texture": "#oak_planks", "rotation": 270 },
				"up": { "uv": [ 0, 0, 16, 16 ], "texture": "#oak_planks", "rotation": 90 },
				"north": { "uv": [ 0, 0, 16, 16 ], "texture": "#oak_planks" },
				"south": { "uv": [ 0, 0, 16, 16 ], "texture": "#oak_planks" },
				"west": { "uv": [ 0, 0, 16, 16 ], "texture": "#oak_planks" },
				"east": { "uv": [ 0, 0, 16, 16 ], "texture": "#oak_planks" }
			}
		},
		{
			"__comment": "Oak Planks",
			"from": [ 8, -9.5, -8.25 ],
			"to": [ 14.5, -3, -1.75 ],
			"faces": {
				"down": { "uv": [ 0, 0, 16, 16 ], "texture": "#oak_planks", "rotation": 270 },
				"up": { "uv": [ 0, 0, 16, 16 ], "texture": "#oak_planks", "rotation": 90 },
				"north": { "uv": [ 0, 0, 16, 16 ], "texture": "#oak_planks" },
				"south": { "uv": [ 0, 0, 16, 16 ], "texture": "#oak_planks" },
				"west": { "uv": [ 0, 0, 16, 16 ], "texture": "#oak_planks" },
				"east": { "uv": [ 0, 0, 16, 16 ], "texture": "#oak_planks" }
			}
		},
		{
			"__comment": "Oak Planks",
			"from": [ 8, 3.5, -8.25 ],
			"to": [ 14.5, 10, -1.75 ],
			"faces": {
				"down": { "uv": [ 0, 0, 16, 16 ], "texture": "#oak_planks", "rotation": 270 },
				"up": { "uv": [ 0, 0, 16, 16 ], "texture": "#oak_planks", "rotation": 90 },
				"north": { "uv": [ 0, 0, 16, 16 ], "texture": "#oak_planks" },
				"south": { "uv": [ 0, 0, 16, 16 ], "texture": "#oak_planks" },
				"west": { "uv": [ 0, 0, 16, 16 ], "texture": "#oak_planks" },
				"east": { "uv": [ 0, 0, 16, 16 ], "texture": "#oak_planks" }
			}
		},
		{
			"__comment": "Oak Planks",
			"from": [ 1.5, 3.5, -8.25 ],
			"to": [ 8, 10, -1.75 ],
			"faces": {
				"down": { "uv": [ 0, 0, 16, 16 ], "texture": "#oak_planks", "rotation": 270 },
				"up": { "uv": [ 0, 0, 16, 16 ], "texture": "#oak_planks", "rotation": 90 },
				"north": { "uv": [ 0, 0, 16, 16 ], "texture": "#oak_planks" },
				"south": { "uv": [ 0, 0, 16, 16 ], "texture": "#oak_planks" },
				"west": { "uv": [ 0, 0, 16, 16 ], "texture": "#oak_planks" },
				"east": { "uv": [ 0, 0, 16, 16 ], "texture": "#oak_planks" }
			}
		},
		{
			"__comment": "Oak Planks",
			"from": [ 8, 3.5, 17.75 ],
			"to": [ 14.5, 10, 24.25 ],
			"faces": {
				"down": { "uv": [ 0, 0, 16, 16 ], "texture": "#oak_planks", "rotation": 270 },
				"up": { "uv": [ 0, 0, 16, 16 ], "texture": "#oak_planks", "rotation": 90 },
				"north": { "uv": [ 0, 0, 16, 16 ], "texture": "#oak_planks" },
				"south": { "uv": [ 0, 0, 16, 16 ], "texture": "#oak_planks" },
				"west": { "uv": [ 0, 0, 16, 16 ], "texture": "#oak_planks" },
				"east": { "uv": [ 0, 0, 16, 16 ], "texture": "#oak_planks" }
			}
		},
		{
			"__comment": "Oak Planks",
			"from": [ 1.5, 3.5, 17.75 ],
			"to": [ 8, 10, 24.25 ],
			"faces": {
				"down": { "uv": [ 0, 0, 16, 16 ], "texture": "#oak_planks", "rotation": 270 },
				"up": { "uv": [ 0, 0, 16, 16 ], "texture": "#oak_planks", "rotation": 90 },
				"north": { "uv": [ 0, 0, 16, 16 ], "texture": "#oak_planks" },
				"south": { "uv": [ 0, 0, 16, 16 ], "texture": "#oak_planks" },
				"west": { "uv": [ 0, 0, 16, 16 ], "texture": "#oak_planks" },
				"east": { "uv": [ 0, 0, 16, 16 ], "texture": "#oak_planks" }
			}
		},
		{
			"__comment": "Cobblestone Stairs A",
			"from": [ 14.5, 3.5, -8.25 ],
			"to": [ 21, 6.75, -1.75 ],
			"faces": {
				"down": { "uv": [ 0, 0, 16, 16 ], "texture": "#cobblestone" },
				"up": { "uv": [ 0, 0, 16, 16 ], "texture": "#cobblestone" },
				"north": { "uv": [ 0, 8, 16, 16 ], "texture": "#cobblestone" },
				"south": { "uv": [ 0, 8, 16, 16 ], "texture": "#cobblestone" },
				"west": { "uv": [ 0, 8, 16, 16 ], "texture": "#cobblestone" },
				"east": { "uv": [ 0, 8, 16, 16 ], "texture": "#cobblestone" }
			}
		},
		{
			"__comment": "Cobblestone Stairs A",
			"from": [ 14.5, 6.75, -8.25 ],
			"to": [ 17.75, 10, -1.75 ],
			"faces": {
				"down": { "uv": [ 0, 0, 8, 16 ], "texture": "#cobblestone" },
				"up": { "uv": [ 0, 0, 8, 16 ], "texture": "#cobblestone" },
				"north": { "uv": [ 8, 0, 16, 8 ], "texture": "#cobblestone" },
				"south": { "uv": [ 0, 8, 8, 16 ], "texture": "#cobblestone" },
				"west": { "uv": [ 0, 0, 16, 8 ], "texture": "#cobblestone" },
				"east": { "uv": [ 0, 0, 16, 8 ], "texture": "#cobblestone" }
			}
		},
		{
			"__comment": "Cobblestone Stairs A",
			"from": [ 14.5, 3.5, -1.75 ],
			"to": [ 21, 6.75, 4.75 ],
			"faces": {
				"down": { "uv": [ 0, 0, 16, 16 ], "texture": "#cobblestone", "rotation": 90 },
				"up": { "uv": [ 0, 0, 16, 16 ], "texture": "#cobblestone", "rotation": 90 },
				"north": { "uv": [ 0, 8, 16, 16 ], "texture": "#cobblestone" },
				"south": { "uv": [ 0, 8, 16, 16 ], "texture": "#cobblestone" },
				"west": { "uv": [ 0, 8, 16, 16 ], "texture": "#cobblestone" },
				"east": { "uv": [ 0, 8, 16, 16 ], "texture": "#cobblestone" }
			}
		},
		{
			"__comment": "Cobblestone Stairs A",
			"from": [ 14.5, 6.75, -1.75 ],
			"to": [ 17.75, 10, 4.75 ],
			"faces": {
				"down": { "uv": [ 0, 8, 16, 16 ], "texture": "#cobblestone", "rotation": 90 },
				"up": { "uv": [ 0, 8, 16, 16 ], "texture": "#cobblestone", "rotation": 90 },
				"north": { "uv": [ 8, 0, 16, 8 ], "texture": "#cobblestone" },
				"south": { "uv": [ 0, 0, 8, 8 ], "texture": "#cobblestone" },
				"west": { "uv": [ 0, 0, 16, 8 ], "texture": "#cobblestone" },
				"east": { "uv": [ 0, 0, 16, 8 ], "texture": "#cobblestone" }
			}
		},
		{
			"__comment": "Cobblestone Stairs A",
			"from": [ 14.5, 3.5, 4.75 ],
			"to": [ 21, 6.75, 11.25 ],
			"faces": {
				"down": { "uv": [ 0, 0, 16, 16 ], "texture": "#cobblestone", "rotation": 90 },
				"up": { "uv": [ 0, 0, 16, 16 ], "texture": "#cobblestone", "rotation": 90 },
				"north": { "uv": [ 0, 8, 16, 16 ], "texture": "#cobblestone" },
				"south": { "uv": [ 0, 8, 16, 16 ], "texture": "#cobblestone" },
				"west": { "uv": [ 0, 8, 16, 16 ], "texture": "#cobblestone" },
				"east": { "uv": [ 0, 8, 16, 16 ], "texture": "#cobblestone" }
			}
		},
		{
			"__comment": "Cobblestone Stairs A",
			"from": [ 14.5, 6.75, 4.75 ],
			"to": [ 17.75, 10, 11.25 ],
			"faces": {
				"down": { "uv": [ 0, 8, 16, 16 ], "texture": "#cobblestone", "rotation": 90 },
				"up": { "uv": [ 0, 8, 16, 16 ], "texture": "#cobblestone", "rotation": 90 },
				"north": { "uv": [ 8, 0, 16, 8 ], "texture": "#cobblestone" },
				"south": { "uv": [ 0, 0, 8, 8 ], "texture": "#cobblestone" },
				"west": { "uv": [ 0, 0, 16, 8 ], "texture": "#cobblestone" },
				"east": { "uv": [ 0, 0, 16, 8 ], "texture": "#cobblestone" }
			}
		},
		{
			"__comment": "Cobblestone Stairs A",
			"from": [ 14.5, 3.5, 11.25 ],
			"to": [ 21, 6.75, 17.75 ],
			"faces": {
				"down": { "uv": [ 0, 0, 16, 16 ], "texture": "#cobblestone", "rotation": 90 },
				"up": { "uv": [ 0, 0, 16, 16 ], "texture": "#cobblestone", "rotation": 90 },
				"north": { "uv": [ 0, 8, 16, 16 ], "texture": "#cobblestone" },
				"south": { "uv": [ 0, 8, 16, 16 ], "texture": "#cobblestone" },
				"west": { "uv": [ 0, 8, 16, 16 ], "texture": "#cobblestone" },
				"east": { "uv": [ 0, 8, 16, 16 ], "texture": "#cobblestone" }
			}
		},
		{
			"__comment": "Cobblestone Stairs A",
			"from": [ 14.5, 6.75, 11.25 ],
			"to": [ 17.75, 10, 17.75 ],
			"faces": {
				"down": { "uv": [ 0, 8, 16, 16 ], "texture": "#cobblestone", "rotation": 90 },
				"up": { "uv": [ 0, 8, 16, 16 ], "texture": "#cobblestone", "rotation": 90 },
				"north": { "uv": [ 8, 0, 16, 8 ], "texture": "#cobblestone" },
				"south": { "uv": [ 0, 0, 8, 8 ], "texture": "#cobblestone" },
				"west": { "uv": [ 0, 0, 16, 8 ], "texture": "#cobblestone" },
				"east": { "uv": [ 0, 0, 16, 8 ], "texture": "#cobblestone" }
			}
		},
		{
			"__comment": "Cobblestone Stairs A",
			"from": [ 14.5, 3.5, 17.75 ],
			"to": [ 21, 6.75, 24.25 ],
			"faces": {
				"down": { "uv": [ 0, 0, 16, 16 ], "texture": "#cobblestone", "rotation": 90 },
				"up": { "uv": [ 0, 0, 16, 16 ], "texture": "#cobblestone", "rotation": 90 },
				"north": { "uv": [ 0, 8, 16, 16 ], "texture": "#cobblestone" },
				"south": { "uv": [ 0, 8, 16, 16 ], "texture": "#cobblestone" },
				"west": { "uv": [ 0, 8, 16, 16 ], "texture": "#cobblestone" },
				"east": { "uv": [ 0, 8, 16, 16 ], "texture": "#cobblestone" }
			}
		},
		{
			"__comment": "Cobblestone Stairs A",
			"from": [ 14.5, 6.75, 17.75 ],
			"to": [ 17.75, 10, 24.25 ],
			"faces": {
				"down": { "uv": [ 0, 8, 16, 16 ], "texture": "#cobblestone", "rotation": 90 },
				"up": { "uv": [ 0, 8, 16, 16 ], "texture": "#cobblestone", "rotation": 90 },
				"north": { "uv": [ 8, 0, 16, 8 ], "texture": "#cobblestone" },
				"south": { "uv": [ 0, 0, 8, 8 ], "texture": "#cobblestone" },
				"west": { "uv": [ 0, 0, 16, 8 ], "texture": "#cobblestone" },
				"east": { "uv": [ 0, 0, 16, 8 ], "texture": "#cobblestone" }
			}
		},
		{
			"__comment": "Cobblestone Stairs A",
			"from": [ 21, -3, 17.75 ],
			"to": [ 27.5, 0.25, 24.25 ],
			"faces": {
				"down": { "uv": [ 0, 0, 16, 16 ], "texture": "#cobblestone", "rotation": 270 },
				"up": { "uv": [ 0, 0, 16, 16 ], "texture": "#cobblestone", "rotation": 90 },
				"north": { "uv": [ 0, 8, 16, 16 ], "texture": "#cobblestone" },
				"south": { "uv": [ 0, 8, 16, 16 ], "texture": "#cobblestone" },
				"west": { "uv": [ 0, 8, 16, 16 ], "texture": "#cobblestone" },
				"east": { "uv": [ 0, 8, 16, 16 ], "texture": "#cobblestone" }
			}
		},
		{
			"__comment": "Cobblestone Stairs A",
			"from": [ 21, 0.25, 17.75 ],
			"to": [ 24.25, 3.5, 24.25 ],
			"faces": {
				"down": { "uv": [ 0, 8, 16, 16 ], "texture": "#cobblestone", "rotation": 90 },
				"up": { "uv": [ 0, 8, 16, 16 ], "texture": "#cobblestone", "rotation": 90 },
				"north": { "uv": [ 8, 0, 16, 8 ], "texture": "#cobblestone" },
				"south": { "uv": [ 0, 0, 8, 8 ], "texture": "#cobblestone" },
				"west": { "uv": [ 0, 0, 16, 8 ], "texture": "#cobblestone" },
				"east": { "uv": [ 0, 0, 16, 8 ], "texture": "#cobblestone" }
			}
		},
		{
			"__comment": "Cobblestone Stairs A",
			"from": [ 21, 0.25, 11.25 ],
			"to": [ 24.25, 3.5, 17.75 ],
			"faces": {
				"down": { "uv": [ 0, 8, 16, 16 ], "texture": "#cobblestone", "rotation": 90 },
				"up": { "uv": [ 0, 8, 16, 16 ], "texture": "#cobblestone", "rotation": 90 },
				"north": { "uv": [ 8, 0, 16, 8 ], "texture": "#cobblestone" },
				"south": { "uv": [ 0, 0, 8, 8 ], "texture": "#cobblestone" },
				"west": { "uv": [ 0, 0, 16, 8 ], "texture": "#cobblestone" },
				"east": { "uv": [ 0, 0, 16, 8 ], "texture": "#cobblestone" }
			}
		},
		{
			"__comment": "Cobblestone Stairs A",
			"from": [ 21, -3, 11.25 ],
			"to": [ 27.5, 0.25, 17.75 ],
			"faces": {
				"down": { "uv": [ 0, 0, 16, 16 ], "texture": "#cobblestone", "rotation": 270 },
				"up": { "uv": [ 0, 0, 16, 16 ], "texture": "#cobblestone", "rotation": 90 },
				"north": { "uv": [ 0, 8, 16, 16 ], "texture": "#cobblestone" },
				"south": { "uv": [ 0, 8, 16, 16 ], "texture": "#cobblestone" },
				"west": { "uv": [ 0, 8, 16, 16 ], "texture": "#cobblestone" },
				"east": { "uv": [ 0, 8, 16, 16 ], "texture": "#cobblestone" }
			}
		},
		{
			"__comment": "Cobblestone Stairs A",
			"from": [ 21, -3, 4.75 ],
			"to": [ 27.5, 0.25, 11.25 ],
			"faces": {
				"down": { "uv": [ 0, 0, 16, 16 ], "texture": "#cobblestone", "rotation": 270 },
				"up": { "uv": [ 0, 0, 16, 16 ], "texture": "#cobblestone", "rotation": 90 },
				"north": { "uv": [ 0, 8, 16, 16 ], "texture": "#cobblestone" },
				"south": { "uv": [ 0, 8, 16, 16 ], "texture": "#cobblestone" },
				"west": { "uv": [ 0, 8, 16, 16 ], "texture": "#cobblestone" },
				"east": { "uv": [ 0, 8, 16, 16 ], "texture": "#cobblestone" }
			}
		},
		{
			"__comment": "Cobblestone Stairs A",
			"from": [ 21, 0.25, 4.75 ],
			"to": [ 24.25, 3.5, 11.25 ],
			"faces": {
				"down": { "uv": [ 0, 8, 16, 16 ], "texture": "#cobblestone", "rotation": 90 },
				"up": { "uv": [ 0, 8, 16, 16 ], "texture": "#cobblestone", "rotation": 90 },
				"north": { "uv": [ 8, 0, 16, 8 ], "texture": "#cobblestone" },
				"south": { "uv": [ 0, 0, 8, 8 ], "texture": "#cobblestone" },
				"west": { "uv": [ 0, 0, 16, 8 ], "texture": "#cobblestone" },
				"east": { "uv": [ 0, 0, 16, 8 ], "texture": "#cobblestone" }
			}
		},
		{
			"__comment": "Cobblestone Stairs A",
			"from": [ 21, 0.25, -1.75 ],
			"to": [ 24.25, 3.5, 4.75 ],
			"faces": {
				"down": { "uv": [ 0, 8, 16, 16 ], "texture": "#cobblestone", "rotation": 90 },
				"up": { "uv": [ 0, 8, 16, 16 ], "texture": "#cobblestone", "rotation": 90 },
				"north": { "uv": [ 8, 0, 16, 8 ], "texture": "#cobblestone" },
				"south": { "uv": [ 0, 0, 8, 8 ], "texture": "#cobblestone" },
				"west": { "uv": [ 0, 0, 16, 8 ], "texture": "#cobblestone" },
				"east": { "uv": [ 0, 0, 16, 8 ], "texture": "#cobblestone" }
			}
		},
		{
			"__comment": "Cobblestone Stairs A",
			"from": [ 21, -3, -1.75 ],
			"to": [ 27.5, 0.25, 4.75 ],
			"faces": {
				"down": { "uv": [ 0, 0, 16, 16 ], "texture": "#cobblestone", "rotation": 270 },
				"up": { "uv": [ 0, 0, 16, 16 ], "texture": "#cobblestone", "rotation": 90 },
				"north": { "uv": [ 0, 8, 16, 16 ], "texture": "#cobblestone" },
				"south": { "uv": [ 0, 8, 16, 16 ], "texture": "#cobblestone" },
				"west": { "uv": [ 0, 8, 16, 16 ], "texture": "#cobblestone" },
				"east": { "uv": [ 0, 8, 16, 16 ], "texture": "#cobblestone" }
			}
		},
		{
			"__comment": "Cobblestone Stairs A",
			"from": [ 21, 0.25, -8.25 ],
			"to": [ 24.25, 3.5, -1.75 ],
			"faces": {
				"down": { "uv": [ 0, 0, 8, 16 ], "texture": "#cobblestone" },
				"up": { "uv": [ 0, 0, 8, 16 ], "texture": "#cobblestone" },
				"north": { "uv": [ 8, 0, 16, 8 ], "texture": "#cobblestone" },
				"south": { "uv": [ 0, 8, 8, 16 ], "texture": "#cobblestone" },
				"west": { "uv": [ 0, 0, 16, 8 ], "texture": "#cobblestone" },
				"east": { "uv": [ 0, 0, 16, 8 ], "texture": "#cobblestone" }
			}
		},
		{
			"__comment": "Cobblestone Stairs A",
			"from": [ 21, -3, -8.25 ],
			"to": [ 27.5, 0.25, -1.75 ],
			"faces": {
				"down": { "uv": [ 0, 0, 16, 16 ], "texture": "#cobblestone", "rotation": 270 },
				"up": { "uv": [ 0, 0, 16, 16 ], "texture": "#cobblestone", "rotation": 90 },
				"north": { "uv": [ 0, 8, 16, 16 ], "texture": "#cobblestone" },
				"south": { "uv": [ 0, 8, 16, 16 ], "texture": "#cobblestone" },
				"west": { "uv": [ 0, 8, 16, 16 ], "texture": "#cobblestone" },
				"east": { "uv": [ 0, 8, 16, 16 ], "texture": "#cobblestone" }
			}
		},
		{
			"__comment": "Cobblestone Stairs A",
			"from": [ 8, 10, 17.75 ],
			"to": [ 14.5, 13.25, 24.25 ],
			"faces": {
				"down": { "uv": [ 0, 0, 16, 16 ], "texture": "#cobblestone", "rotation": 90 },
				"up": { "uv": [ 0, 0, 16, 16 ], "texture": "#cobblestone", "rotation": 90 },
				"north": { "uv": [ 0, 8, 16, 16 ], "texture": "#cobblestone" },
				"south": { "uv": [ 0, 8, 16, 16 ], "texture": "#cobblestone" },
				"west": { "uv": [ 0, 8, 16, 16 ], "texture": "#cobblestone" },
				"east": { "uv": [ 0, 8, 16, 16 ], "texture": "#cobblestone" }
			}
		},
		{
			"__comment": "Cobblestone Stairs A",
			"from": [ 8, 13.25, 17.75 ],
			"to": [ 11.25, 16.5, 24.25 ],
			"faces": {
				"down": { "uv": [ 0, 8, 16, 16 ], "texture": "#cobblestone", "rotation": 90 },
				"up": { "uv": [ 0, 8, 16, 16 ], "texture": "#cobblestone", "rotation": 90 },
				"north": { "uv": [ 8, 0, 16, 8 ], "texture": "#cobblestone" },
				"south": { "uv": [ 0, 0, 8, 8 ], "texture": "#cobblestone" },
				"west": { "uv": [ 0, 0, 16, 8 ], "texture": "#cobblestone" },
				"east": { "uv": [ 0, 0, 16, 8 ], "texture": "#cobblestone" }
			}
		},
		{
			"__comment": "Cobblestone Stairs A",
			"from": [ 8, 13.25, 11.25 ],
			"to": [ 11.25, 16.5, 17.75 ],
			"faces": {
				"down": { "uv": [ 0, 8, 16, 16 ], "texture": "#cobblestone", "rotation": 90 },
				"up": { "uv": [ 0, 8, 16, 16 ], "texture": "#cobblestone", "rotation": 90 },
				"north": { "uv": [ 8, 0, 16, 8 ], "texture": "#cobblestone" },
				"south": { "uv": [ 0, 0, 8, 8 ], "texture": "#cobblestone" },
				"west": { "uv": [ 0, 0, 16, 8 ], "texture": "#cobblestone" },
				"east": { "uv": [ 0, 0, 16, 8 ], "texture": "#cobblestone" }
			}
		},
		{
			"__comment": "Cobblestone Stairs A",
			"from": [ 8, 10, 11.25 ],
			"to": [ 14.5, 13.25, 17.75 ],
			"faces": {
				"down": { "uv": [ 0, 0, 16, 16 ], "texture": "#cobblestone", "rotation": 90 },
				"up": { "uv": [ 0, 0, 16, 16 ], "texture": "#cobblestone", "rotation": 90 },
				"north": { "uv": [ 0, 8, 16, 16 ], "texture": "#cobblestone" },
				"south": { "uv": [ 0, 8, 16, 16 ], "texture": "#cobblestone" },
				"west": { "uv": [ 0, 8, 16, 16 ], "texture": "#cobblestone" },
				"east": { "uv": [ 0, 8, 16, 16 ], "texture": "#cobblestone" }
			}
		},
		{
			"__comment": "Cobblestone Stairs A",
			"from": [ 8, 10, 4.75 ],
			"to": [ 14.5, 13.25, 11.25 ],
			"faces": {
				"down": { "uv": [ 0, 0, 16, 16 ], "texture": "#cobblestone", "rotation": 90 },
				"up": { "uv": [ 0, 0, 16, 16 ], "texture": "#cobblestone", "rotation": 90 },
				"north": { "uv": [ 0, 8, 16, 16 ], "texture": "#cobblestone" },
				"south": { "uv": [ 0, 8, 16, 16 ], "texture": "#cobblestone" },
				"west": { "uv": [ 0, 8, 16, 16 ], "texture": "#cobblestone" },
				"east": { "uv": [ 0, 8, 16, 16 ], "texture": "#cobblestone" }
			}
		},
		{
			"__comment": "Cobblestone Stairs A",
			"from": [ 8, 13.25, 4.75 ],
			"to": [ 11.25, 16.5, 11.25 ],
			"faces": {
				"down": { "uv": [ 0, 8, 16, 16 ], "texture": "#cobblestone", "rotation": 90 },
				"up": { "uv": [ 0, 8, 16, 16 ], "texture": "#cobblestone", "rotation": 90 },
				"north": { "uv": [ 8, 0, 16, 8 ], "texture": "#cobblestone" },
				"south": { "uv": [ 0, 0, 8, 8 ], "texture": "#cobblestone" },
				"west": { "uv": [ 0, 0, 16, 8 ], "texture": "#cobblestone" },
				"east": { "uv": [ 0, 0, 16, 8 ], "texture": "#cobblestone" }
			}
		},
		{
			"__comment": "Cobblestone Stairs A",
			"from": [ 8, 13.25, -1.75 ],
			"to": [ 11.25, 16.5, 4.75 ],
			"faces": {
				"down": { "uv": [ 0, 8, 16, 16 ], "texture": "#cobblestone", "rotation": 90 },
				"up": { "uv": [ 0, 8, 16, 16 ], "texture": "#cobblestone", "rotation": 90 },
				"north": { "uv": [ 8, 0, 16, 8 ], "texture": "#cobblestone" },
				"south": { "uv": [ 0, 0, 8, 8 ], "texture": "#cobblestone" },
				"west": { "uv": [ 0, 0, 16, 8 ], "texture": "#cobblestone" },
				"east": { "uv": [ 0, 0, 16, 8 ], "texture": "#cobblestone" }
			}
		},
		{
			"__comment": "Cobblestone Stairs A",
			"from": [ 8, 10, -1.75 ],
			"to": [ 14.5, 13.25, 4.75 ],
			"faces": {
				"down": { "uv": [ 0, 0, 16, 16 ], "texture": "#cobblestone", "rotation": 90 },
				"up": { "uv": [ 0, 0, 16, 16 ], "texture": "#cobblestone", "rotation": 90 },
				"north": { "uv": [ 0, 8, 16, 16 ], "texture": "#cobblestone" },
				"south": { "uv": [ 0, 8, 16, 16 ], "texture": "#cobblestone" },
				"west": { "uv": [ 0, 8, 16, 16 ], "texture": "#cobblestone" },
				"east": { "uv": [ 0, 8, 16, 16 ], "texture": "#cobblestone" }
			}
		},
		{
			"__comment": "Cobblestone Stairs A",
			"from": [ 8, 13.25, -8.25 ],
			"to": [ 11.25, 16.5, -1.75 ],
			"faces": {
				"down": { "uv": [ 0, 0, 8, 16 ], "texture": "#cobblestone" },
				"up": { "uv": [ 0, 0, 8, 16 ], "texture": "#cobblestone" },
				"north": { "uv": [ 8, 0, 16, 8 ], "texture": "#cobblestone" },
				"south": { "uv": [ 0, 8, 8, 16 ], "texture": "#cobblestone" },
				"west": { "uv": [ 0, 0, 16, 8 ], "texture": "#cobblestone" },
				"east": { "uv": [ 0, 0, 16, 8 ], "texture": "#cobblestone" }
			}
		},
		{
			"__comment": "Cobblestone Stairs A",
			"from": [ 8, 10, -8.25 ],
			"to": [ 14.5, 13.25, -1.75 ],
			"faces": {
				"down": { "uv": [ 0, 0, 16, 16 ], "texture": "#cobblestone" },
				"up": { "uv": [ 0, 0, 16, 16 ], "texture": "#cobblestone" },
				"north": { "uv": [ 0, 8, 16, 16 ], "texture": "#cobblestone" },
				"south": { "uv": [ 0, 8, 16, 16 ], "texture": "#cobblestone" },
				"west": { "uv": [ 0, 8, 16, 16 ], "texture": "#cobblestone" },
				"east": { "uv": [ 0, 8, 16, 16 ], "texture": "#cobblestone" }
			}
		},
		{
			"__comment": "Cobblestone Stairs A",
			"from": [ 8, 13.25, -8.25 ],
			"to": [ 11.25, 16.5, -1.75 ],
			"faces": {
				"down": { "uv": [ 0, 8, 16, 16 ], "texture": "#cobblestone", "rotation": 90 },
				"up": { "uv": [ 0, 8, 16, 16 ], "texture": "#cobblestone", "rotation": 90 },
				"north": { "uv": [ 8, 0, 16, 8 ], "texture": "#cobblestone" },
				"south": { "uv": [ 0, 0, 8, 8 ], "texture": "#cobblestone" },
				"west": { "uv": [ 0, 0, 16, 8 ], "texture": "#cobblestone" },
				"east": { "uv": [ 0, 0, 16, 8 ], "texture": "#cobblestone" }
			}
		},
		{
			"__comment": "Cobblestone Stairs A",
			"from": [ 8, 10, -8.25 ],
			"to": [ 14.5, 13.25, -1.75 ],
			"faces": {
				"down": { "uv": [ 0, 0, 16, 16 ], "texture": "#cobblestone", "rotation": 90 },
				"up": { "uv": [ 0, 0, 16, 16 ], "texture": "#cobblestone", "rotation": 90 },
				"north": { "uv": [ 0, 8, 16, 16 ], "texture": "#cobblestone" },
				"south": { "uv": [ 0, 8, 16, 16 ], "texture": "#cobblestone" },
				"west": { "uv": [ 0, 8, 16, 16 ], "texture": "#cobblestone" },
				"east": { "uv": [ 0, 8, 16, 16 ], "texture": "#cobblestone" }
			}
		},
		{
			"__comment": "Cobblestone Stairs A",
			"from": [ 14.5, 6.75, -8.25 ],
			"to": [ 17.75, 10, -1.75 ],
			"faces": {
				"down": { "uv": [ 0, 8, 16, 16 ], "texture": "#cobblestone", "rotation": 90 },
				"up": { "uv": [ 0, 8, 16, 16 ], "texture": "#cobblestone", "rotation": 90 },
				"north": { "uv": [ 8, 0, 16, 8 ], "texture": "#cobblestone" },
				"south": { "uv": [ 0, 0, 8, 8 ], "texture": "#cobblestone" },
				"west": { "uv": [ 0, 0, 16, 8 ], "texture": "#cobblestone" },
				"east": { "uv": [ 0, 0, 16, 8 ], "texture": "#cobblestone" }
			}
		},
		{
			"__comment": "Cobblestone Stairs A",
			"from": [ 14.5, 3.5, -8.25 ],
			"to": [ 21, 6.75, -1.75 ],
			"faces": {
				"down": { "uv": [ 0, 0, 16, 16 ], "texture": "#cobblestone", "rotation": 90 },
				"up": { "uv": [ 0, 0, 16, 16 ], "texture": "#cobblestone", "rotation": 90 },
				"north": { "uv": [ 0, 8, 16, 16 ], "texture": "#cobblestone" },
				"south": { "uv": [ 0, 8, 16, 16 ], "texture": "#cobblestone" },
				"west": { "uv": [ 0, 8, 16, 16 ], "texture": "#cobblestone" },
				"east": { "uv": [ 0, 8, 16, 16 ], "texture": "#cobblestone" }
			}
		},
		{
			"__comment": "Cobblestone Stairs A",
			"from": [ 21, 0.25, -8.25 ],
			"to": [ 24.25, 3.5, -1.75 ],
			"faces": {
				"down": { "uv": [ 0, 8, 16, 16 ], "texture": "#cobblestone", "rotation": 90 },
				"up": { "uv": [ 0, 8, 16, 16 ], "texture": "#cobblestone", "rotation": 90 },
				"north": { "uv": [ 8, 0, 16, 8 ], "texture": "#cobblestone" },
				"south": { "uv": [ 0, 0, 8, 8 ], "texture": "#cobblestone" },
				"west": { "uv": [ 0, 0, 16, 8 ], "texture": "#cobblestone" },
				"east": { "uv": [ 0, 0, 16, 8 ], "texture": "#cobblestone" }
			}
		},
		{
			"__comment": "Cobblestone Stairs A",
			"from": [ 21, -3, -8.25 ],
			"to": [ 27.5, 0.25, -1.75 ],
			"faces": {
				"down": { "uv": [ 0, 0, 16, 16 ], "texture": "#cobblestone" },
				"up": { "uv": [ 0, 0, 16, 16 ], "texture": "#cobblestone" },
				"north": { "uv": [ 0, 8, 16, 16 ], "texture": "#cobblestone" },
				"south": { "uv": [ 0, 8, 16, 16 ], "texture": "#cobblestone" },
				"west": { "uv": [ 0, 8, 16, 16 ], "texture": "#cobblestone" },
				"east": { "uv": [ 0, 8, 16, 16 ], "texture": "#cobblestone" }
			}
		},
		{
			"__comment": "Cobblestone Stairs A",
			"from": [ 8, 13.25, -14.75 ],
			"to": [ 11.25, 16.5, -8.25 ],
			"faces": {
				"down": { "uv": [ 0, 8, 16, 16 ], "texture": "#cobblestone", "rotation": 90 },
				"up": { "uv": [ 0, 8, 16, 16 ], "texture": "#cobblestone", "rotation": 90 },
				"north": { "uv": [ 8, 0, 16, 8 ], "texture": "#cobblestone" },
				"south": { "uv": [ 0, 0, 8, 8 ], "texture": "#cobblestone" },
				"west": { "uv": [ 0, 0, 16, 8 ], "texture": "#cobblestone" },
				"east": { "uv": [ 0, 0, 16, 8 ], "texture": "#cobblestone" }
			}
		},
		{
			"__comment": "Cobblestone Stairs A",
			"from": [ 8, 10, -14.75 ],
			"to": [ 14.5, 13.25, -8.25 ],
			"faces": {
				"down": { "uv": [ 0, 0, 16, 16 ], "texture": "#cobblestone", "rotation": 90 },
				"up": { "uv": [ 0, 0, 16, 16 ], "texture": "#cobblestone", "rotation": 90 },
				"north": { "uv": [ 0, 8, 16, 16 ], "texture": "#cobblestone" },
				"south": { "uv": [ 0, 8, 16, 16 ], "texture": "#cobblestone" },
				"west": { "uv": [ 0, 8, 16, 16 ], "texture": "#cobblestone" },
				"east": { "uv": [ 0, 8, 16, 16 ], "texture": "#cobblestone" }
			}
		},
		{
			"__comment": "Cobblestone Stairs A",
			"from": [ 14.5, 6.75, -14.75 ],
			"to": [ 17.75, 10, -8.25 ],
			"faces": {
				"down": { "uv": [ 0, 8, 16, 16 ], "texture": "#cobblestone", "rotation": 90 },
				"up": { "uv": [ 0, 8, 16, 16 ], "texture": "#cobblestone", "rotation": 90 },
				"north": { "uv": [ 8, 0, 16, 8 ], "texture": "#cobblestone" },
				"south": { "uv": [ 0, 0, 8, 8 ], "texture": "#cobblestone" },
				"west": { "uv": [ 0, 0, 16, 8 ], "texture": "#cobblestone" },
				"east": { "uv": [ 0, 0, 16, 8 ], "texture": "#cobblestone" }
			}
		},
		{
			"__comment": "Cobblestone Stairs A",
			"from": [ 14.5, 3.5, -14.75 ],
			"to": [ 21, 6.75, -8.25 ],
			"faces": {
				"down": { "uv": [ 0, 0, 16, 16 ], "texture": "#cobblestone", "rotation": 90 },
				"up": { "uv": [ 0, 0, 16, 16 ], "texture": "#cobblestone", "rotation": 90 },
				"north": { "uv": [ 0, 8, 16, 16 ], "texture": "#cobblestone" },
				"south": { "uv": [ 0, 8, 16, 16 ], "texture": "#cobblestone" },
				"west": { "uv": [ 0, 8, 16, 16 ], "texture": "#cobblestone" },
				"east": { "uv": [ 0, 8, 16, 16 ], "texture": "#cobblestone" }
			}
		},
		{
			"__comment": "Cobblestone Stairs A",
			"from": [ 21, 0.25, -14.75 ],
			"to": [ 24.25, 3.5, -8.25 ],
			"faces": {
				"down": { "uv": [ 0, 8, 16, 16 ], "texture": "#cobblestone", "rotation": 90 },
				"up": { "uv": [ 0, 8, 16, 16 ], "texture": "#cobblestone", "rotation": 90 },
				"north": { "uv": [ 8, 0, 16, 8 ], "texture": "#cobblestone" },
				"south": { "uv": [ 0, 0, 8, 8 ], "texture": "#cobblestone" },
				"west": { "uv": [ 0, 0, 16, 8 ], "texture": "#cobblestone" },
				"east": { "uv": [ 0, 0, 16, 8 ], "texture": "#cobblestone" }
			}
		},
		{
			"__comment": "Cobblestone Stairs A",
			"from": [ 21, -3, -14.75 ],
			"to": [ 27.5, 0.25, -8.25 ],
			"faces": {
				"down": { "uv": [ 0, 0, 16, 16 ], "texture": "#cobblestone", "rotation": 270 },
				"up": { "uv": [ 0, 0, 16, 16 ], "texture": "#cobblestone", "rotation": 90 },
				"north": { "uv": [ 0, 8, 16, 16 ], "texture": "#cobblestone" },
				"south": { "uv": [ 0, 8, 16, 16 ], "texture": "#cobblestone" },
				"west": { "uv": [ 0, 8, 16, 16 ], "texture": "#cobblestone" },
				"east": { "uv": [ 0, 8, 16, 16 ], "texture": "#cobblestone" }
			}
		},
		{
			"__comment": "Cobblestone Stairs A",
			"from": [ 8, 13.25, 24.25 ],
			"to": [ 11.25, 16.5, 30.75 ],
			"faces": {
				"down": { "uv": [ 0, 8, 16, 16 ], "texture": "#cobblestone", "rotation": 90 },
				"up": { "uv": [ 0, 8, 16, 16 ], "texture": "#cobblestone", "rotation": 90 },
				"north": { "uv": [ 8, 0, 16, 8 ], "texture": "#cobblestone" },
				"south": { "uv": [ 0, 0, 8, 8 ], "texture": "#cobblestone" },
				"west": { "uv": [ 0, 0, 16, 8 ], "texture": "#cobblestone" },
				"east": { "uv": [ 0, 0, 16, 8 ], "texture": "#cobblestone" }
			}
		},
		{
			"__comment": "Cobblestone Stairs A",
			"from": [ 8, 10, 24.25 ],
			"to": [ 14.5, 13.25, 30.75 ],
			"faces": {
				"down": { "uv": [ 0, 0, 16, 16 ], "texture": "#cobblestone", "rotation": 90 },
				"up": { "uv": [ 0, 0, 16, 16 ], "texture": "#cobblestone", "rotation": 90 },
				"north": { "uv": [ 0, 8, 16, 16 ], "texture": "#cobblestone" },
				"south": { "uv": [ 0, 8, 16, 16 ], "texture": "#cobblestone" },
				"west": { "uv": [ 0, 8, 16, 16 ], "texture": "#cobblestone" },
				"east": { "uv": [ 0, 8, 16, 16 ], "texture": "#cobblestone" }
			}
		},
		{
			"__comment": "Cobblestone Stairs A",
			"from": [ 14.5, 6.75, 24.25 ],
			"to": [ 17.75, 10, 30.75 ],
			"faces": {
				"down": { "uv": [ 0, 8, 16, 16 ], "texture": "#cobblestone", "rotation": 90 },
				"up": { "uv": [ 0, 8, 16, 16 ], "texture": "#cobblestone", "rotation": 90 },
				"north": { "uv": [ 8, 0, 16, 8 ], "texture": "#cobblestone" },
				"south": { "uv": [ 0, 0, 8, 8 ], "texture": "#cobblestone" },
				"west": { "uv": [ 0, 0, 16, 8 ], "texture": "#cobblestone" },
				"east": { "uv": [ 0, 0, 16, 8 ], "texture": "#cobblestone" }
			}
		},
		{
			"__comment": "Cobblestone Stairs A",
			"from": [ 14.5, 3.5, 24.25 ],
			"to": [ 21, 6.75, 30.75 ],
			"faces": {
				"down": { "uv": [ 0, 0, 16, 16 ], "texture": "#cobblestone", "rotation": 90 },
				"up": { "uv": [ 0, 0, 16, 16 ], "texture": "#cobblestone", "rotation": 90 },
				"north": { "uv": [ 0, 8, 16, 16 ], "texture": "#cobblestone" },
				"south": { "uv": [ 0, 8, 16, 16 ], "texture": "#cobblestone" },
				"west": { "uv": [ 0, 8, 16, 16 ], "texture": "#cobblestone" },
				"east": { "uv": [ 0, 8, 16, 16 ], "texture": "#cobblestone" }
			}
		},
		{
			"__comment": "Cobblestone Stairs A",
			"from": [ 21, 0.25, 24.25 ],
			"to": [ 24.25, 3.5, 30.75 ],
			"faces": {
				"down": { "uv": [ 0, 8, 16, 16 ], "texture": "#cobblestone", "rotation": 90 },
				"up": { "uv": [ 0, 8, 16, 16 ], "texture": "#cobblestone", "rotation": 90 },
				"north": { "uv": [ 8, 0, 16, 8 ], "texture": "#cobblestone" },
				"south": { "uv": [ 0, 0, 8, 8 ], "texture": "#cobblestone" },
				"west": { "uv": [ 0, 0, 16, 8 ], "texture": "#cobblestone" },
				"east": { "uv": [ 0, 0, 16, 8 ], "texture": "#cobblestone" }
			}
		},
		{
			"__comment": "Cobblestone Stairs A",
			"from": [ 21, -3, 24.25 ],
			"to": [ 27.5, 0.25, 30.75 ],
			"faces": {
				"down": { "uv": [ 0, 0, 16, 16 ], "texture": "#cobblestone", "rotation": 270 },
				"up": { "uv": [ 0, 0, 16, 16 ], "texture": "#cobblestone", "rotation": 90 },
				"north": { "uv": [ 0, 8, 16, 16 ], "texture": "#cobblestone" },
				"south": { "uv": [ 0, 8, 16, 16 ], "texture": "#cobblestone" },
				"west": { "uv": [ 0, 8, 16, 16 ], "texture": "#cobblestone" },
				"east": { "uv": [ 0, 8, 16, 16 ], "texture": "#cobblestone" }
			}
		},
		{
			"__comment": "Cobblestone Stairs A",
			"from": [ -5, 3.5, -14.75 ],
			"to": [ 1.5, 6.75, -8.25 ],
			"faces": {
				"down": { "uv": [ 0, 0, 16, 16 ], "texture": "#cobblestone", "rotation": 90 },
				"up": { "uv": [ 0, 0, 16, 16 ], "texture": "#cobblestone", "rotation": 90 },
				"north": { "uv": [ 0, 8, 16, 16 ], "texture": "#cobblestone" },
				"south": { "uv": [ 0, 8, 16, 16 ], "texture": "#cobblestone" },
				"west": { "uv": [ 0, 8, 16, 16 ], "texture": "#cobblestone" },
				"east": { "uv": [ 0, 8, 16, 16 ], "texture": "#cobblestone" }
			}
		},
		{
			"__comment": "Cobblestone Stairs A",
			"from": [ -1.75, 6.75, -14.75 ],
			"to": [ 1.5, 10, -8.25 ],
			"faces": {
				"down": { "uv": [ 0, 0, 8, 16 ], "texture": "#cobblestone" },
				"up": { "uv": [ 0, 0, 16, 8 ], "texture": "#cobblestone", "rotation": 90 },
				"north": { "uv": [ 0, 0, 8, 8 ], "texture": "#cobblestone" },
				"south": { "uv": [ 8, 0, 16, 8 ], "texture": "#cobblestone" },
				"west": { "uv": [ 0, 0, 16, 8 ], "texture": "#cobblestone" },
				"east": { "uv": [ 0, 0, 16, 8 ], "texture": "#cobblestone" }
			}
		},
		{
			"__comment": "Cobblestone Stairs A",
			"from": [ -5, 3.5, -8.25 ],
			"to": [ 1.5, 6.75, -1.75 ],
			"faces": {
				"down": { "uv": [ 0, 0, 16, 16 ], "texture": "#cobblestone", "rotation": 90 },
				"up": { "uv": [ 0, 0, 16, 16 ], "texture": "#cobblestone", "rotation": 90 },
				"north": { "uv": [ 0, 8, 16, 16 ], "texture": "#cobblestone" },
				"south": { "uv": [ 0, 8, 16, 16 ], "texture": "#cobblestone" },
				"west": { "uv": [ 0, 8, 16, 16 ], "texture": "#cobblestone" },
				"east": { "uv": [ 0, 8, 16, 16 ], "texture": "#cobblestone" }
			}
		},
		{
			"__comment": "Cobblestone Stairs A",
			"from": [ -1.75, 6.75, -8.25 ],
			"to": [ 1.5, 10, -1.75 ],
			"faces": {
				"down": { "uv": [ 0, 0, 8, 16 ], "texture": "#cobblestone" },
				"up": { "uv": [ 0, 0, 16, 8 ], "texture": "#cobblestone", "rotation": 90 },
				"north": { "uv": [ 0, 0, 8, 8 ], "texture": "#cobblestone" },
				"south": { "uv": [ 8, 0, 16, 8 ], "texture": "#cobblestone" },
				"west": { "uv": [ 0, 0, 16, 8 ], "texture": "#cobblestone" },
				"east": { "uv": [ 0, 0, 16, 8 ], "texture": "#cobblestone" }
			}
		},
		{
			"__comment": "Cobblestone Stairs A",
			"from": [ -5, 3.5, -1.75 ],
			"to": [ 1.5, 6.75, 4.75 ],
			"faces": {
				"down": { "uv": [ 0, 0, 16, 16 ], "texture": "#cobblestone", "rotation": 90 },
				"up": { "uv": [ 0, 0, 16, 16 ], "texture": "#cobblestone", "rotation": 90 },
				"north": { "uv": [ 0, 8, 16, 16 ], "texture": "#cobblestone" },
				"south": { "uv": [ 0, 8, 16, 16 ], "texture": "#cobblestone" },
				"west": { "uv": [ 0, 8, 16, 16 ], "texture": "#cobblestone" },
				"east": { "uv": [ 0, 8, 16, 16 ], "texture": "#cobblestone" }
			}
		},
		{
			"__comment": "Cobblestone Stairs A",
			"from": [ -1.75, 6.75, -1.75 ],
			"to": [ 1.5, 10, 4.75 ],
			"faces": {
				"down": { "uv": [ 0, 0, 8, 16 ], "texture": "#cobblestone" },
				"up": { "uv": [ 0, 0, 16, 8 ], "texture": "#cobblestone", "rotation": 90 },
				"north": { "uv": [ 0, 0, 8, 8 ], "texture": "#cobblestone" },
				"south": { "uv": [ 8, 0, 16, 8 ], "texture": "#cobblestone" },
				"west": { "uv": [ 0, 0, 16, 8 ], "texture": "#cobblestone" },
				"east": { "uv": [ 0, 0, 16, 8 ], "texture": "#cobblestone" }
			}
		},
		{
			"__comment": "Cobblestone Stairs A",
			"from": [ -5, 3.5, 4.75 ],
			"to": [ 1.5, 6.75, 11.25 ],
			"faces": {
				"down": { "uv": [ 0, 0, 16, 16 ], "texture": "#cobblestone", "rotation": 90 },
				"up": { "uv": [ 0, 0, 16, 16 ], "texture": "#cobblestone", "rotation": 90 },
				"north": { "uv": [ 0, 8, 16, 16 ], "texture": "#cobblestone" },
				"south": { "uv": [ 0, 8, 16, 16 ], "texture": "#cobblestone" },
				"west": { "uv": [ 0, 8, 16, 16 ], "texture": "#cobblestone" },
				"east": { "uv": [ 0, 8, 16, 16 ], "texture": "#cobblestone" }
			}
		},
		{
			"__comment": "Cobblestone Stairs A",
			"from": [ -1.75, 6.75, 4.75 ],
			"to": [ 1.5, 10, 11.25 ],
			"faces": {
				"down": { "uv": [ 0, 0, 8, 16 ], "texture": "#cobblestone" },
				"up": { "uv": [ 0, 0, 16, 8 ], "texture": "#cobblestone", "rotation": 90 },
				"north": { "uv": [ 0, 0, 8, 8 ], "texture": "#cobblestone" },
				"south": { "uv": [ 8, 0, 16, 8 ], "texture": "#cobblestone" },
				"west": { "uv": [ 0, 0, 16, 8 ], "texture": "#cobblestone" },
				"east": { "uv": [ 0, 0, 16, 8 ], "texture": "#cobblestone" }
			}
		},
		{
			"__comment": "Cobblestone Stairs A",
			"from": [ -5, 3.5, 11.25 ],
			"to": [ 1.5, 6.75, 17.75 ],
			"faces": {
				"down": { "uv": [ 0, 0, 16, 16 ], "texture": "#cobblestone", "rotation": 90 },
				"up": { "uv": [ 0, 0, 16, 16 ], "texture": "#cobblestone", "rotation": 90 },
				"north": { "uv": [ 0, 8, 16, 16 ], "texture": "#cobblestone" },
				"south": { "uv": [ 0, 8, 16, 16 ], "texture": "#cobblestone" },
				"west": { "uv": [ 0, 8, 16, 16 ], "texture": "#cobblestone" },
				"east": { "uv": [ 0, 8, 16, 16 ], "texture": "#cobblestone" }
			}
		},
		{
			"__comment": "Cobblestone Stairs A",
			"from": [ -1.75, 6.75, 11.25 ],
			"to": [ 1.5, 10, 17.75 ],
			"faces": {
				"down": { "uv": [ 0, 0, 8, 16 ], "texture": "#cobblestone" },
				"up": { "uv": [ 0, 0, 16, 8 ], "texture": "#cobblestone", "rotation": 90 },
				"north": { "uv": [ 0, 0, 8, 8 ], "texture": "#cobblestone" },
				"south": { "uv": [ 8, 0, 16, 8 ], "texture": "#cobblestone" },
				"west": { "uv": [ 0, 0, 16, 8 ], "texture": "#cobblestone" },
				"east": { "uv": [ 0, 0, 16, 8 ], "texture": "#cobblestone" }
			}
		},
		{
			"__comment": "Cobblestone Stairs A",
			"from": [ -5, 3.5, 17.75 ],
			"to": [ 1.5, 6.75, 24.25 ],
			"faces": {
				"down": { "uv": [ 0, 0, 16, 16 ], "texture": "#cobblestone", "rotation": 90 },
				"up": { "uv": [ 0, 0, 16, 16 ], "texture": "#cobblestone", "rotation": 90 },
				"north": { "uv": [ 0, 8, 16, 16 ], "texture": "#cobblestone" },
				"south": { "uv": [ 0, 8, 16, 16 ], "texture": "#cobblestone" },
				"west": { "uv": [ 0, 8, 16, 16 ], "texture": "#cobblestone" },
				"east": { "uv": [ 0, 8, 16, 16 ], "texture": "#cobblestone" }
			}
		},
		{
			"__comment": "Cobblestone Stairs A",
			"from": [ -1.75, 6.75, 17.75 ],
			"to": [ 1.5, 10, 24.25 ],
			"faces": {
				"down": { "uv": [ 0, 0, 8, 16 ], "texture": "#cobblestone" },
				"up": { "uv": [ 0, 0, 16, 8 ], "texture": "#cobblestone", "rotation": 90 },
				"north": { "uv": [ 0, 0, 8, 8 ], "texture": "#cobblestone" },
				"south": { "uv": [ 8, 0, 16, 8 ], "texture": "#cobblestone" },
				"west": { "uv": [ 0, 0, 16, 8 ], "texture": "#cobblestone" },
				"east": { "uv": [ 0, 0, 16, 8 ], "texture": "#cobblestone" }
			}
		},
		{
			"__comment": "Cobblestone Stairs A",
			"from": [ -5, 3.5, 24.25 ],
			"to": [ 1.5, 6.75, 30.75 ],
			"faces": {
				"down": { "uv": [ 0, 0, 16, 16 ], "texture": "#cobblestone", "rotation": 90 },
				"up": { "uv": [ 0, 0, 16, 16 ], "texture": "#cobblestone", "rotation": 90 },
				"north": { "uv": [ 0, 8, 16, 16 ], "texture": "#cobblestone" },
				"south": { "uv": [ 0, 8, 16, 16 ], "texture": "#cobblestone" },
				"west": { "uv": [ 0, 8, 16, 16 ], "texture": "#cobblestone" },
				"east": { "uv": [ 0, 8, 16, 16 ], "texture": "#cobblestone" }
			}
		},
		{
			"__comment": "Cobblestone Stairs A",
			"from": [ -1.75, 6.75, 24.25 ],
			"to": [ 1.5, 10, 30.75 ],
			"faces": {
				"down": { "uv": [ 0, 0, 8, 16 ], "texture": "#cobblestone" },
				"up": { "uv": [ 0, 0, 16, 8 ], "texture": "#cobblestone", "rotation": 90 },
				"north": { "uv": [ 0, 0, 8, 8 ], "texture": "#cobblestone" },
				"south": { "uv": [ 8, 0, 16, 8 ], "texture": "#cobblestone" },
				"west": { "uv": [ 0, 0, 16, 8 ], "texture": "#cobblestone" },
				"east": { "uv": [ 0, 0, 16, 8 ], "texture": "#cobblestone" }
			}
		},
		{
			"__comment": "Cobblestone Stairs A",
			"from": [ -11.5, -3, 24.25 ],
			"to": [ -5, 0.25, 30.75 ],
			"faces": {
				"down": { "uv": [ 0, 0, 16, 16 ], "texture": "#cobblestone", "rotation": 270 },
				"up": { "uv": [ 0, 0, 16, 16 ], "texture": "#cobblestone", "rotation": 90 },
				"north": { "uv": [ 0, 8, 16, 16 ], "texture": "#cobblestone" },
				"south": { "uv": [ 0, 8, 16, 16 ], "texture": "#cobblestone" },
				"west": { "uv": [ 0, 8, 16, 16 ], "texture": "#cobblestone" },
				"east": { "uv": [ 0, 8, 16, 16 ], "texture": "#cobblestone" }
			}
		},
		{
			"__comment": "Cobblestone Stairs A",
			"from": [ -8.25, 0.25, 24.25 ],
			"to": [ -5, 3.5, 30.75 ],
			"faces": {
				"down": { "uv": [ 0, 0, 8, 16 ], "texture": "#cobblestone" },
				"up": { "uv": [ 0, 0, 16, 8 ], "texture": "#cobblestone", "rotation": 90 },
				"north": { "uv": [ 0, 0, 8, 8 ], "texture": "#cobblestone" },
				"south": { "uv": [ 8, 0, 16, 8 ], "texture": "#cobblestone" },
				"west": { "uv": [ 0, 0, 16, 8 ], "texture": "#cobblestone" },
				"east": { "uv": [ 0, 0, 16, 8 ], "texture": "#cobblestone" }
			}
		},
		{
			"__comment": "Cobblestone Stairs A",
			"from": [ -8.25, 0.25, 17.75 ],
			"to": [ -5, 3.5, 24.25 ],
			"faces": {
				"down": { "uv": [ 0, 0, 8, 16 ], "texture": "#cobblestone" },
				"up": { "uv": [ 0, 0, 16, 8 ], "texture": "#cobblestone", "rotation": 90 },
				"north": { "uv": [ 0, 0, 8, 8 ], "texture": "#cobblestone" },
				"south": { "uv": [ 8, 0, 16, 8 ], "texture": "#cobblestone" },
				"west": { "uv": [ 0, 0, 16, 8 ], "texture": "#cobblestone" },
				"east": { "uv": [ 0, 0, 16, 8 ], "texture": "#cobblestone" }
			}
		},
		{
			"__comment": "Cobblestone Stairs A",
			"from": [ -11.5, -3, 17.75 ],
			"to": [ -5, 0.25, 24.25 ],
			"faces": {
				"down": { "uv": [ 0, 0, 16, 16 ], "texture": "#cobblestone", "rotation": 270 },
				"up": { "uv": [ 0, 0, 16, 16 ], "texture": "#cobblestone", "rotation": 90 },
				"north": { "uv": [ 0, 8, 16, 16 ], "texture": "#cobblestone" },
				"south": { "uv": [ 0, 8, 16, 16 ], "texture": "#cobblestone" },
				"west": { "uv": [ 0, 8, 16, 16 ], "texture": "#cobblestone" },
				"east": { "uv": [ 0, 8, 16, 16 ], "texture": "#cobblestone" }
			}
		},
		{
			"__comment": "Cobblestone Stairs A",
			"from": [ -8.25, 0.25, 11.25 ],
			"to": [ -5, 3.5, 17.75 ],
			"faces": {
				"down": { "uv": [ 0, 0, 8, 16 ], "texture": "#cobblestone" },
				"up": { "uv": [ 0, 0, 16, 8 ], "texture": "#cobblestone", "rotation": 90 },
				"north": { "uv": [ 0, 0, 8, 8 ], "texture": "#cobblestone" },
				"south": { "uv": [ 8, 0, 16, 8 ], "texture": "#cobblestone" },
				"west": { "uv": [ 0, 0, 16, 8 ], "texture": "#cobblestone" },
				"east": { "uv": [ 0, 0, 16, 8 ], "texture": "#cobblestone" }
			}
		},
		{
			"__comment": "Cobblestone Stairs A",
			"from": [ -11.5, -3, 11.25 ],
			"to": [ -5, 0.25, 17.75 ],
			"faces": {
				"down": { "uv": [ 0, 0, 16, 16 ], "texture": "#cobblestone", "rotation": 270 },
				"up": { "uv": [ 0, 0, 16, 16 ], "texture": "#cobblestone", "rotation": 90 },
				"north": { "uv": [ 0, 8, 16, 16 ], "texture": "#cobblestone" },
				"south": { "uv": [ 0, 8, 16, 16 ], "texture": "#cobblestone" },
				"west": { "uv": [ 0, 8, 16, 16 ], "texture": "#cobblestone" },
				"east": { "uv": [ 0, 8, 16, 16 ], "texture": "#cobblestone" }
			}
		},
		{
			"__comment": "Cobblestone Stairs A",
			"from": [ -8.25, 0.25, 4.75 ],
			"to": [ -5, 3.5, 11.25 ],
			"faces": {
				"down": { "uv": [ 0, 0, 8, 16 ], "texture": "#cobblestone" },
				"up": { "uv": [ 0, 0, 16, 8 ], "texture": "#cobblestone", "rotation": 90 },
				"north": { "uv": [ 0, 0, 8, 8 ], "texture": "#cobblestone" },
				"south": { "uv": [ 8, 0, 16, 8 ], "texture": "#cobblestone" },
				"west": { "uv": [ 0, 0, 16, 8 ], "texture": "#cobblestone" },
				"east": { "uv": [ 0, 0, 16, 8 ], "texture": "#cobblestone" }
			}
		},
		{
			"__comment": "Cobblestone Stairs A",
			"from": [ -11.5, -3, 4.75 ],
			"to": [ -5, 0.25, 11.25 ],
			"faces": {
				"down": { "uv": [ 0, 0, 16, 16 ], "texture": "#cobblestone", "rotation": 270 },
				"up": { "uv": [ 0, 0, 16, 16 ], "texture": "#cobblestone", "rotation": 90 },
				"north": { "uv": [ 0, 8, 16, 16 ], "texture": "#cobblestone" },
				"south": { "uv": [ 0, 8, 16, 16 ], "texture": "#cobblestone" },
				"west": { "uv": [ 0, 8, 16, 16 ], "texture": "#cobblestone" },
				"east": { "uv": [ 0, 8, 16, 16 ], "texture": "#cobblestone" }
			}
		},
		{
			"__comment": "Cobblestone Stairs A",
			"from": [ -8.25, 0.25, -1.75 ],
			"to": [ -5, 3.5, 4.75 ],
			"faces": {
				"down": { "uv": [ 0, 0, 8, 16 ], "texture": "#cobblestone" },
				"up": { "uv": [ 0, 0, 16, 8 ], "texture": "#cobblestone", "rotation": 90 },
				"north": { "uv": [ 0, 0, 8, 8 ], "texture": "#cobblestone" },
				"south": { "uv": [ 8, 0, 16, 8 ], "texture": "#cobblestone" },
				"west": { "uv": [ 0, 0, 16, 8 ], "texture": "#cobblestone" },
				"east": { "uv": [ 0, 0, 16, 8 ], "texture": "#cobblestone" }
			}
		},
		{
			"__comment": "Cobblestone Stairs A",
			"from": [ -11.5, -3, -1.75 ],
			"to": [ -5, 0.25, 4.75 ],
			"faces": {
				"down": { "uv": [ 0, 0, 16, 16 ], "texture": "#cobblestone", "rotation": 270 },
				"up": { "uv": [ 0, 0, 16, 16 ], "texture": "#cobblestone", "rotation": 90 },
				"north": { "uv": [ 0, 8, 16, 16 ], "texture": "#cobblestone" },
				"south": { "uv": [ 0, 8, 16, 16 ], "texture": "#cobblestone" },
				"west": { "uv": [ 0, 8, 16, 16 ], "texture": "#cobblestone" },
				"east": { "uv": [ 0, 8, 16, 16 ], "texture": "#cobblestone" }
			}
		},
		{
			"__comment": "Cobblestone Stairs A",
			"from": [ -8.25, 0.25, -8.25 ],
			"to": [ -5, 3.5, -1.75 ],
			"faces": {
				"down": { "uv": [ 0, 0, 8, 16 ], "texture": "#cobblestone" },
				"up": { "uv": [ 0, 0, 16, 8 ], "texture": "#cobblestone", "rotation": 90 },
				"north": { "uv": [ 0, 0, 8, 8 ], "texture": "#cobblestone" },
				"south": { "uv": [ 8, 0, 16, 8 ], "texture": "#cobblestone" },
				"west": { "uv": [ 0, 0, 16, 8 ], "texture": "#cobblestone" },
				"east": { "uv": [ 0, 0, 16, 8 ], "texture": "#cobblestone" }
			}
		},
		{
			"__comment": "Cobblestone Stairs A",
			"from": [ -11.5, -3, -8.25 ],
			"to": [ -5, 0.25, -1.75 ],
			"faces": {
				"down": { "uv": [ 0, 0, 16, 16 ], "texture": "#cobblestone", "rotation": 270 },
				"up": { "uv": [ 0, 0, 16, 16 ], "texture": "#cobblestone", "rotation": 90 },
				"north": { "uv": [ 0, 8, 16, 16 ], "texture": "#cobblestone" },
				"south": { "uv": [ 0, 8, 16, 16 ], "texture": "#cobblestone" },
				"west": { "uv": [ 0, 8, 16, 16 ], "texture": "#cobblestone" },
				"east": { "uv": [ 0, 8, 16, 16 ], "texture": "#cobblestone" }
			}
		},
		{
			"__comment": "Cobblestone Stairs A",
			"from": [ -8.25, 0.25, -14.75 ],
			"to": [ -5, 3.5, -8.25 ],
			"faces": {
				"down": { "uv": [ 0, 0, 8, 16 ], "texture": "#cobblestone" },
				"up": { "uv": [ 0, 0, 16, 8 ], "texture": "#cobblestone", "rotation": 90 },
				"north": { "uv": [ 0, 0, 8, 8 ], "texture": "#cobblestone" },
				"south": { "uv": [ 8, 0, 16, 8 ], "texture": "#cobblestone" },
				"west": { "uv": [ 0, 0, 16, 8 ], "texture": "#cobblestone" },
				"east": { "uv": [ 0, 0, 16, 8 ], "texture": "#cobblestone" }
			}
		},
		{
			"__comment": "Cobblestone Stairs A",
			"from": [ -11.5, -3, -14.75 ],
			"to": [ -5, 0.25, -8.25 ],
			"faces": {
				"down": { "uv": [ 0, 0, 16, 16 ], "texture": "#cobblestone", "rotation": 270 },
				"up": { "uv": [ 0, 0, 16, 16 ], "texture": "#cobblestone", "rotation": 90 },
				"north": { "uv": [ 0, 8, 16, 16 ], "texture": "#cobblestone" },
				"south": { "uv": [ 0, 8, 16, 16 ], "texture": "#cobblestone" },
				"west": { "uv": [ 0, 8, 16, 16 ], "texture": "#cobblestone" },
				"east": { "uv": [ 0, 8, 16, 16 ], "texture": "#cobblestone" }
			}
		},
		{
			"__comment": "Cobblestone Stairs A",
			"from": [ 1.5, 10, 24.25 ],
			"to": [ 8, 13.25, 30.75 ],
			"faces": {
				"down": { "uv": [ 0, 0, 16, 16 ], "texture": "#cobblestone", "rotation": 90 },
				"up": { "uv": [ 0, 0, 16, 16 ], "texture": "#cobblestone", "rotation": 90 },
				"north": { "uv": [ 0, 8, 16, 16 ], "texture": "#cobblestone" },
				"south": { "uv": [ 0, 8, 16, 16 ], "texture": "#cobblestone" },
				"west": { "uv": [ 0, 8, 16, 16 ], "texture": "#cobblestone" },
				"east": { "uv": [ 0, 8, 16, 16 ], "texture": "#cobblestone" }
			}
		},
		{
			"__comment": "Cobblestone Stairs A",
			"from": [ 4.75, 13.25, 24.25 ],
			"to": [ 8, 16.5, 30.75 ],
			"faces": {
				"down": { "uv": [ 0, 0, 8, 16 ], "texture": "#cobblestone" },
				"up": { "uv": [ 0, 0, 16, 8 ], "texture": "#cobblestone", "rotation": 90 },
				"north": { "uv": [ 0, 0, 8, 8 ], "texture": "#cobblestone" },
				"south": { "uv": [ 8, 0, 16, 8 ], "texture": "#cobblestone" },
				"west": { "uv": [ 0, 0, 16, 8 ], "texture": "#cobblestone" },
				"east": { "uv": [ 0, 0, 16, 8 ], "texture": "#cobblestone" }
			}
		},
		{
			"__comment": "Cobblestone Stairs A",
			"from": [ 4.75, 13.25, 17.75 ],
			"to": [ 8, 16.5, 24.25 ],
			"faces": {
				"down": { "uv": [ 0, 0, 8, 16 ], "texture": "#cobblestone" },
				"up": { "uv": [ 0, 0, 16, 8 ], "texture": "#cobblestone", "rotation": 90 },
				"north": { "uv": [ 0, 0, 8, 8 ], "texture": "#cobblestone" },
				"south": { "uv": [ 8, 0, 16, 8 ], "texture": "#cobblestone" },
				"west": { "uv": [ 0, 0, 16, 8 ], "texture": "#cobblestone" },
				"east": { "uv": [ 0, 0, 16, 8 ], "texture": "#cobblestone" }
			}
		},
		{
			"__comment": "Cobblestone Stairs A",
			"from": [ 1.5, 10, 17.75 ],
			"to": [ 8, 13.25, 24.25 ],
			"faces": {
				"down": { "uv": [ 0, 0, 16, 16 ], "texture": "#cobblestone", "rotation": 90 },
				"up": { "uv": [ 0, 0, 16, 16 ], "texture": "#cobblestone", "rotation": 90 },
				"north": { "uv": [ 0, 8, 16, 16 ], "texture": "#cobblestone" },
				"south": { "uv": [ 0, 8, 16, 16 ], "texture": "#cobblestone" },
				"west": { "uv": [ 0, 8, 16, 16 ], "texture": "#cobblestone" },
				"east": { "uv": [ 0, 8, 16, 16 ], "texture": "#cobblestone" }
			}
		},
		{
			"__comment": "Cobblestone Stairs A",
			"from": [ 4.75, 13.25, 11.25 ],
			"to": [ 8, 16.5, 17.75 ],
			"faces": {
				"down": { "uv": [ 0, 0, 8, 16 ], "texture": "#cobblestone" },
				"up": { "uv": [ 0, 0, 16, 8 ], "texture": "#cobblestone", "rotation": 90 },
				"north": { "uv": [ 0, 0, 8, 8 ], "texture": "#cobblestone" },
				"south": { "uv": [ 8, 0, 16, 8 ], "texture": "#cobblestone" },
				"west": { "uv": [ 0, 0, 16, 8 ], "texture": "#cobblestone" },
				"east": { "uv": [ 0, 0, 16, 8 ], "texture": "#cobblestone" }
			}
		},
		{
			"__comment": "Cobblestone Stairs A",
			"from": [ 1.5, 10, 11.25 ],
			"to": [ 8, 13.25, 17.75 ],
			"faces": {
				"down": { "uv": [ 0, 0, 16, 16 ], "texture": "#cobblestone", "rotation": 90 },
				"up": { "uv": [ 0, 0, 16, 16 ], "texture": "#cobblestone", "rotation": 90 },
				"north": { "uv": [ 0, 8, 16, 16 ], "texture": "#cobblestone" },
				"south": { "uv": [ 0, 8, 16, 16 ], "texture": "#cobblestone" },
				"west": { "uv": [ 0, 8, 16, 16 ], "texture": "#cobblestone" },
				"east": { "uv": [ 0, 8, 16, 16 ], "texture": "#cobblestone" }
			}
		},
		{
			"__comment": "Cobblestone Stairs A",
			"from": [ 4.75, 13.25, 4.75 ],
			"to": [ 8, 16.5, 11.25 ],
			"faces": {
				"down": { "uv": [ 0, 0, 8, 16 ], "texture": "#cobblestone" },
				"up": { "uv": [ 0, 0, 16, 8 ], "texture": "#cobblestone", "rotation": 90 },
				"north": { "uv": [ 0, 0, 8, 8 ], "texture": "#cobblestone" },
				"south": { "uv": [ 8, 0, 16, 8 ], "texture": "#cobblestone" },
				"west": { "uv": [ 0, 0, 16, 8 ], "texture": "#cobblestone" },
				"east": { "uv": [ 0, 0, 16, 8 ], "texture": "#cobblestone" }
			}
		},
		{
			"__comment": "Cobblestone Stairs A",
			"from": [ 1.5, 10, 4.75 ],
			"to": [ 8, 13.25, 11.25 ],
			"faces": {
				"down": { "uv": [ 0, 0, 16, 16 ], "texture": "#cobblestone", "rotation": 90 },
				"up": { "uv": [ 0, 0, 16, 16 ], "texture": "#cobblestone", "rotation": 90 },
				"north": { "uv": [ 0, 8, 16, 16 ], "texture": "#cobblestone" },
				"south": { "uv": [ 0, 8, 16, 16 ], "texture": "#cobblestone" },
				"west": { "uv": [ 0, 8, 16, 16 ], "texture": "#cobblestone" },
				"east": { "uv": [ 0, 8, 16, 16 ], "texture": "#cobblestone" }
			}
		},
		{
			"__comment": "Cobblestone Stairs A",
			"from": [ 4.75, 13.25, -1.75 ],
			"to": [ 8, 16.5, 4.75 ],
			"faces": {
				"down": { "uv": [ 0, 0, 8, 16 ], "texture": "#cobblestone" },
				"up": { "uv": [ 0, 0, 16, 8 ], "texture": "#cobblestone", "rotation": 90 },
				"north": { "uv": [ 0, 0, 8, 8 ], "texture": "#cobblestone" },
				"south": { "uv": [ 8, 0, 16, 8 ], "texture": "#cobblestone" },
				"west": { "uv": [ 0, 0, 16, 8 ], "texture": "#cobblestone" },
				"east": { "uv": [ 0, 0, 16, 8 ], "texture": "#cobblestone" }
			}
		},
		{
			"__comment": "Cobblestone Stairs A",
			"from": [ 1.5, 10, -1.75 ],
			"to": [ 8, 13.25, 4.75 ],
			"faces": {
				"down": { "uv": [ 0, 0, 16, 16 ], "texture": "#cobblestone", "rotation": 90 },
				"up": { "uv": [ 0, 0, 16, 16 ], "texture": "#cobblestone", "rotation": 90 },
				"north": { "uv": [ 0, 8, 16, 16 ], "texture": "#cobblestone" },
				"south": { "uv": [ 0, 8, 16, 16 ], "texture": "#cobblestone" },
				"west": { "uv": [ 0, 8, 16, 16 ], "texture": "#cobblestone" },
				"east": { "uv": [ 0, 8, 16, 16 ], "texture": "#cobblestone" }
			}
		},
		{
			"__comment": "Cobblestone Stairs A",
			"from": [ 4.75, 13.25, -8.25 ],
			"to": [ 8, 16.5, -1.75 ],
			"faces": {
				"down": { "uv": [ 0, 0, 8, 16 ], "texture": "#cobblestone" },
				"up": { "uv": [ 0, 0, 16, 8 ], "texture": "#cobblestone", "rotation": 90 },
				"north": { "uv": [ 0, 0, 8, 8 ], "texture": "#cobblestone" },
				"south": { "uv": [ 8, 0, 16, 8 ], "texture": "#cobblestone" },
				"west": { "uv": [ 0, 0, 16, 8 ], "texture": "#cobblestone" },
				"east": { "uv": [ 0, 0, 16, 8 ], "texture": "#cobblestone" }
			}
		},
		{
			"__comment": "Cobblestone Stairs A",
			"from": [ 1.5, 10, -8.25 ],
			"to": [ 8, 13.25, -1.75 ],
			"faces": {
				"down": { "uv": [ 0, 0, 16, 16 ], "texture": "#cobblestone", "rotation": 90 },
				"up": { "uv": [ 0, 0, 16, 16 ], "texture": "#cobblestone", "rotation": 90 },
				"north": { "uv": [ 0, 8, 16, 16 ], "texture": "#cobblestone" },
				"south": { "uv": [ 0, 8, 16, 16 ], "texture": "#cobblestone" },
				"west": { "uv": [ 0, 8, 16, 16 ], "texture": "#cobblestone" },
				"east": { "uv": [ 0, 8, 16, 16 ], "texture": "#cobblestone" }
			}
		},
		{
			"__comment": "Cobblestone Stairs A",
			"from": [ 4.75, 13.25, -14.75 ],
			"to": [ 8, 16.5, -8.25 ],
			"faces": {
				"down": { "uv": [ 0, 0, 8, 16 ], "texture": "#cobblestone" },
				"up": { "uv": [ 0, 0, 16, 8 ], "texture": "#cobblestone", "rotation": 90 },
				"north": { "uv": [ 0, 0, 8, 8 ], "texture": "#cobblestone" },
				"south": { "uv": [ 8, 0, 16, 8 ], "texture": "#cobblestone" },
				"west": { "uv": [ 0, 0, 16, 8 ], "texture": "#cobblestone" },
				"east": { "uv": [ 0, 0, 16, 8 ], "texture": "#cobblestone" }
			}
		},
		{
			"__comment": "Cobblestone Stairs A",
			"from": [ 1.5, 10, -14.75 ],
			"to": [ 8, 13.25, -8.25 ],
			"faces": {
				"down": { "uv": [ 0, 0, 16, 16 ], "texture": "#cobblestone", "rotation": 90 },
				"up": { "uv": [ 0, 0, 16, 16 ], "texture": "#cobblestone", "rotation": 90 },
				"north": { "uv": [ 0, 8, 16, 16 ], "texture": "#cobblestone" },
				"south": { "uv": [ 0, 8, 16, 16 ], "texture": "#cobblestone" },
				"west": { "uv": [ 0, 8, 16, 16 ], "texture": "#cobblestone" },
				"east": { "uv": [ 0, 8, 16, 16 ], "texture": "#cobblestone" }
			}
		},
		{
			"__comment": "Cobblestone Stairs A",
			"from": [ 14.5, 0.25, -14.75 ],
			"to": [ 21, 3.5, -8.25 ],
			"faces": {
				"down": { "uv": [ 0, 0, 16, 16 ], "texture": "#cobblestone", "rotation": 270 },
				"up": { "uv": [ 0, 0, 16, 16 ], "texture": "#cobblestone" },
				"north": { "uv": [ 0, 0, 16, 8 ], "texture": "#cobblestone" },
				"south": { "uv": [ 0, 0, 16, 8 ], "texture": "#cobblestone" },
				"west": { "uv": [ 0, 0, 16, 8 ], "texture": "#cobblestone" },
				"east": { "uv": [ 0, 0, 16, 8 ], "texture": "#cobblestone" }
			}
		},
		{
			"__comment": "Cobblestone Stairs A",
			"from": [ 17.75, -3, -14.75 ],
			"to": [ 21, 0.25, -8.25 ],
			"faces": {
				"down": { "uv": [ 0, 8, 16, 16 ], "texture": "#cobblestone", "rotation": 270 },
				"up": { "uv": [ 8, 0, 16, 16 ], "texture": "#cobblestone" },
				"north": { "uv": [ 0, 8, 8, 16 ], "texture": "#cobblestone" },
				"south": { "uv": [ 8, 8, 16, 16 ], "texture": "#cobblestone" },
				"west": { "uv": [ 0, 8, 16, 16 ], "texture": "#cobblestone" },
				"east": { "uv": [ 0, 0, 16, 8 ], "texture": "#cobblestone" }
			}
		},
		{
			"__comment": "Cobblestone Stairs A",
			"from": [ 11.25, 3.5, -14.75 ],
			"to": [ 14.5, 6.75, -8.25 ],
			"faces": {
				"down": { "uv": [ 0, 8, 16, 16 ], "texture": "#cobblestone", "rotation": 270 },
				"up": { "uv": [ 8, 0, 16, 16 ], "texture": "#cobblestone" },
				"north": { "uv": [ 0, 8, 8, 16 ], "texture": "#cobblestone" },
				"south": { "uv": [ 8, 8, 16, 16 ], "texture": "#cobblestone" },
				"west": { "uv": [ 0, 8, 16, 16 ], "texture": "#cobblestone" },
				"east": { "uv": [ 0, 0, 16, 8 ], "texture": "#cobblestone" }
			}
		},
		{
			"__comment": "Cobblestone Stairs A",
			"from": [ 8, 6.75, -14.75 ],
			"to": [ 14.5, 10, -8.25 ],
			"faces": {
				"down": { "uv": [ 0, 0, 16, 16 ], "texture": "#cobblestone", "rotation": 270 },
				"up": { "uv": [ 0, 0, 16, 16 ], "texture": "#cobblestone" },
				"north": { "uv": [ 0, 0, 16, 8 ], "texture": "#cobblestone" },
				"south": { "uv": [ 0, 0, 16, 8 ], "texture": "#cobblestone" },
				"west": { "uv": [ 0, 0, 16, 8 ], "texture": "#cobblestone" },
				"east": { "uv": [ 0, 0, 16, 8 ], "texture": "#cobblestone" }
			}
		},
		{
			"__comment": "Cobblestone Stairs A",
			"from": [ 8, 6.75, 24.25 ],
			"to": [ 14.5, 10, 30.75 ],
			"faces": {
				"down": { "uv": [ 0, 0, 16, 16 ], "texture": "#cobblestone", "rotation": 270 },
				"up": { "uv": [ 0, 0, 16, 16 ], "texture": "#cobblestone" },
				"north": { "uv": [ 0, 0, 16, 8 ], "texture": "#cobblestone" },
				"south": { "uv": [ 0, 0, 16, 8 ], "texture": "#cobblestone" },
				"west": { "uv": [ 0, 0, 16, 8 ], "texture": "#cobblestone" },
				"east": { "uv": [ 0, 0, 16, 8 ], "texture": "#cobblestone" }
			}
		},
		{
			"__comment": "Cobblestone Stairs A",
			"from": [ 11.25, 3.5, 24.25 ],
			"to": [ 14.5, 6.75, 30.75 ],
			"faces": {
				"down": { "uv": [ 0, 8, 16, 16 ], "texture": "#cobblestone", "rotation": 270 },
				"up": { "uv": [ 8, 0, 16, 16 ], "texture": "#cobblestone" },
				"north": { "uv": [ 0, 8, 8, 16 ], "texture": "#cobblestone" },
				"south": { "uv": [ 8, 8, 16, 16 ], "texture": "#cobblestone" },
				"west": { "uv": [ 0, 8, 16, 16 ], "texture": "#cobblestone" },
				"east": { "uv": [ 0, 0, 16, 8 ], "texture": "#cobblestone" }
			}
		},
		{
			"__comment": "Cobblestone Stairs A",
			"from": [ 14.5, 0.25, 24.25 ],
			"to": [ 21, 3.5, 30.75 ],
			"faces": {
				"down": { "uv": [ 0, 0, 16, 16 ], "texture": "#cobblestone", "rotation": 270 },
				"up": { "uv": [ 0, 0, 16, 16 ], "texture": "#cobblestone" },
				"north": { "uv": [ 0, 0, 16, 8 ], "texture": "#cobblestone" },
				"south": { "uv": [ 0, 0, 16, 8 ], "texture": "#cobblestone" },
				"west": { "uv": [ 0, 0, 16, 8 ], "texture": "#cobblestone" },
				"east": { "uv": [ 0, 0, 16, 8 ], "texture": "#cobblestone" }
			}
		},
		{
			"__comment": "Cobblestone Stairs A",
			"from": [ 17.75, -3, 24.25 ],
			"to": [ 21, 0.25, 30.75 ],
			"faces": {
				"down": { "uv": [ 0, 8, 16, 16 ], "texture": "#cobblestone", "rotation": 270 },
				"up": { "uv": [ 8, 0, 16, 16 ], "texture": "#cobblestone" },
				"north": { "uv": [ 0, 8, 8, 16 ], "texture": "#cobblestone" },
				"south": { "uv": [ 8, 8, 16, 16 ], "texture": "#cobblestone" },
				"west": { "uv": [ 0, 8, 16, 16 ], "texture": "#cobblestone" },
				"east": { "uv": [ 0, 0, 16, 8 ], "texture": "#cobblestone" }
			}
		},
		{
			"__comment": "Cobblestone Stairs A",
			"from": [ -5, -3, 24.25 ],
			"to": [ -1.75, 0.25, 30.75 ],
			"faces": {
				"down": { "uv": [ 0, 0, 16, 8 ], "texture": "#cobblestone", "rotation": 270 },
				"up": { "uv": [ 8, 0, 16, 16 ], "texture": "#cobblestone" },
				"north": { "uv": [ 8, 8, 16, 16 ], "texture": "#cobblestone" },
				"south": { "uv": [ 0, 8, 8, 16 ], "texture": "#cobblestone" },
				"west": { "uv": [ 0, 8, 16, 16 ], "texture": "#cobblestone" },
				"east": { "uv": [ 0, 0, 16, 8 ], "texture": "#cobblestone" }
			}
		},
		{
			"__comment": "Cobblestone Stairs A",
			"from": [ -5, 0.25, 24.25 ],
			"to": [ 1.5, 3.5, 30.75 ],
			"faces": {
				"down": { "uv": [ 0, 0, 16, 16 ], "texture": "#cobblestone", "rotation": 270 },
				"up": { "uv": [ 0, 0, 16, 16 ], "texture": "#cobblestone" },
				"north": { "uv": [ 0, 0, 16, 8 ], "texture": "#cobblestone" },
				"south": { "uv": [ 0, 0, 16, 8 ], "texture": "#cobblestone" },
				"west": { "uv": [ 0, 0, 16, 8 ], "texture": "#cobblestone" },
				"east": { "uv": [ 0, 0, 16, 8 ], "texture": "#cobblestone" }
			}
		},
		{
			"__comment": "Cobblestone Stairs A",
			"from": [ 1.5, 3.5, 24.25 ],
			"to": [ 4.75, 6.75, 30.75 ],
			"faces": {
				"down": { "uv": [ 0, 0, 16, 8 ], "texture": "#cobblestone", "rotation": 270 },
				"up": { "uv": [ 8, 0, 16, 16 ], "texture": "#cobblestone" },
				"north": { "uv": [ 8, 8, 16, 16 ], "texture": "#cobblestone" },
				"south": { "uv": [ 0, 8, 8, 16 ], "texture": "#cobblestone" },
				"west": { "uv": [ 0, 8, 16, 16 ], "texture": "#cobblestone" },
				"east": { "uv": [ 0, 0, 16, 8 ], "texture": "#cobblestone" }
			}
		},
		{
			"__comment": "Cobblestone Stairs A",
			"from": [ 1.5, 6.75, 24.25 ],
			"to": [ 8, 10, 30.75 ],
			"faces": {
				"down": { "uv": [ 0, 0, 16, 16 ], "texture": "#cobblestone", "rotation": 270 },
				"up": { "uv": [ 0, 0, 16, 16 ], "texture": "#cobblestone" },
				"north": { "uv": [ 0, 0, 16, 8 ], "texture": "#cobblestone" },
				"south": { "uv": [ 0, 0, 16, 8 ], "texture": "#cobblestone" },
				"west": { "uv": [ 0, 0, 16, 8 ], "texture": "#cobblestone" },
				"east": { "uv": [ 0, 0, 16, 8 ], "texture": "#cobblestone" }
			}
		},
		{
			"__comment": "Cobblestone Stairs A",
			"from": [ 1.5, 3.5, -14.75 ],
			"to": [ 4.75, 6.75, -8.25 ],
			"faces": {
				"down": { "uv": [ 0, 0, 16, 8 ], "texture": "#cobblestone", "rotation": 270 },
				"up": { "uv": [ 8, 0, 16, 16 ], "texture": "#cobblestone" },
				"north": { "uv": [ 8, 8, 16, 16 ], "texture": "#cobblestone" },
				"south": { "uv": [ 0, 8, 8, 16 ], "texture": "#cobblestone" },
				"west": { "uv": [ 0, 8, 16, 16 ], "texture": "#cobblestone" },
				"east": { "uv": [ 0, 0, 16, 8 ], "texture": "#cobblestone" }
			}
		},
		{
			"__comment": "Cobblestone Stairs A",
			"from": [ 1.5, 6.75, -14.75 ],
			"to": [ 8, 10, -8.25 ],
			"faces": {
				"down": { "uv": [ 0, 0, 16, 16 ], "texture": "#cobblestone", "rotation": 270 },
				"up": { "uv": [ 0, 0, 16, 16 ], "texture": "#cobblestone" },
				"north": { "uv": [ 0, 0, 16, 8 ], "texture": "#cobblestone" },
				"south": { "uv": [ 0, 0, 16, 8 ], "texture": "#cobblestone" },
				"west": { "uv": [ 0, 0, 16, 8 ], "texture": "#cobblestone" },
				"east": { "uv": [ 0, 0, 16, 8 ], "texture": "#cobblestone" }
			}
		},
		{
			"__comment": "Cobblestone Stairs A",
			"from": [ -5, 0.25, -14.75 ],
			"to": [ 1.5, 3.5, -8.25 ],
			"faces": {
				"down": { "uv": [ 0, 0, 16, 16 ], "texture": "#cobblestone", "rotation": 270 },
				"up": { "uv": [ 0, 0, 16, 16 ], "texture": "#cobblestone" },
				"north": { "uv": [ 0, 0, 16, 8 ], "texture": "#cobblestone" },
				"south": { "uv": [ 0, 0, 16, 8 ], "texture": "#cobblestone" },
				"west": { "uv": [ 0, 0, 16, 8 ], "texture": "#cobblestone" },
				"east": { "uv": [ 0, 0, 16, 8 ], "texture": "#cobblestone" }
			}
		},
		{
			"__comment": "Cobblestone Stairs A",
			"from": [ -5, -3, -14.75 ],
			"to": [ -1.75, 0.25, -8.25 ],
			"faces": {
				"down": { "uv": [ 0, 0, 16, 8 ], "texture": "#cobblestone", "rotation": 270 },
				"up": { "uv": [ 8, 0, 16, 16 ], "texture": "#cobblestone" },
				"north": { "uv": [ 8, 8, 16, 16 ], "texture": "#cobblestone" },
				"south": { "uv": [ 0, 8, 8, 16 ], "texture": "#cobblestone" },
				"west": { "uv": [ 0, 8, 16, 16 ], "texture": "#cobblestone" },
				"east": { "uv": [ 0, 0, 16, 8 ], "texture": "#cobblestone" }
			}
		}
	],
	"display": {
		"head": {
			"scale":  [ 3.94, 3.94, 3.94 ]
		}
	}
}