{
	"__comment": "Designed by Mcmakistein with Cubik Studio - https://cubik.studio",
	"textures": {
		"particle": "custom/cmd_block",
		"stone_brick": "custom/stone_bricks",
		"cobblestone": "custom/cobblestone",
		"glass": "custom/glass",
		"andesite": "custom/polished_andesite",
		"smooth_stone": "custom/smooth_stone",
		"smooth_stone_side": "custom/smooth_stone_slab_side",
		"oak_planks": "custom/oak_planks",
		"birch_planks": "custom/birch_planks",
		"door_top": "custom/oak_door_top",
		"door_bottom": "custom/oak_door_bottom"
	},
	"elements": [ 	 
		{
			"__comment": "Andesite",
			"from": [ 4.75, 5.625, 4.75 ],
			"to": [ 11.25, 12.125, 11.25 ],
			"faces": {
				"down": { "uv": [ 0, 0, 16, 16 ], "texture": "#andesite" },
				"up": { "uv": [ 0, 0, 16, 16 ], "texture": "#andesite" },
				"north": { "uv": [ 0, 0, 16, 16 ], "texture": "#andesite" },
				"south": { "uv": [ 0, 0, 16, 16 ], "texture": "#andesite" },
				"west": { "uv": [ 0, 0, 16, 16 ], "texture": "#andesite" },
				"east": { "uv": [ 0, 0, 16, 16 ], "texture": "#andesite" }
			}
		},
		{
			"__comment": "Cobblestone Wall",
			"from": [ 6.375, 12.125, 6.375 ],
			"to": [ 9.625, 18.625, 9.625 ],
			"faces": {
				"down": { "uv": [ 4, 4, 12, 12 ], "texture": "#cobblestone" },
				"up": { "uv": [ 4, 4, 12, 12 ], "texture": "#cobblestone" },
				"north": { "uv": [ 4, 0, 12, 16 ], "texture": "#cobblestone" },
				"south": { "uv": [ 4, 0, 12, 16 ], "texture": "#cobblestone" },
				"west": { "uv": [ 4, 0, 12, 16 ], "texture": "#cobblestone" },
				"east": { "uv": [ 4, 0, 12, 16 ], "texture": "#cobblestone" }
			}
		},
		{
			"__comment": "Cobblestone Wall",
			"from": [ 6.375, 18.625, 6.375 ],
			"to": [ 9.625, 25.125, 9.625 ],
			"faces": {
				"down": { "uv": [ 4, 4, 12, 12 ], "texture": "#cobblestone" },
				"up": { "uv": [ 4, 4, 12, 12 ], "texture": "#cobblestone" },
				"north": { "uv": [ 4, 0, 12, 16 ], "texture": "#cobblestone" },
				"south": { "uv": [ 4, 0, 12, 16 ], "texture": "#cobblestone" },
				"west": { "uv": [ 4, 0, 12, 16 ], "texture": "#cobblestone" },
				"east": { "uv": [ 4, 0, 12, 16 ], "texture": "#cobblestone" }
			}
		},
		{
			"__comment": "Cobblestone Wall",
			"from": [ 6.375, -0.875, 6.375 ],
			"to": [ 9.625, 5.625, 9.625 ],
			"faces": {
				"down": { "uv": [ 4, 4, 12, 12 ], "texture": "#cobblestone" },
				"up": { "uv": [ 4, 4, 12, 12 ], "texture": "#cobblestone" },
				"north": { "uv": [ 4, 0, 12, 16 ], "texture": "#cobblestone" },
				"south": { "uv": [ 4, 0, 12, 16 ], "texture": "#cobblestone" },
				"west": { "uv": [ 4, 0, 12, 16 ], "texture": "#cobblestone" },
				"east": { "uv": [ 4, 0, 12, 16 ], "texture": "#cobblestone" }
			}
		},
		{
			"__comment": "Cobblestone Wall",
			"from": [ 6.375, -7.375, 6.375 ],
			"to": [ 9.625, -0.875, 9.625 ],
			"faces": {
				"down": { "uv": [ 4, 4, 12, 12 ], "texture": "#cobblestone" },
				"up": { "uv": [ 4, 4, 12, 12 ], "texture": "#cobblestone" },
				"north": { "uv": [ 4, 0, 12, 16 ], "texture": "#cobblestone" },
				"south": { "uv": [ 4, 0, 12, 16 ], "texture": "#cobblestone" },
				"west": { "uv": [ 4, 0, 12, 16 ], "texture": "#cobblestone" },
				"east": { "uv": [ 4, 0, 12, 16 ], "texture": "#cobblestone" }
			}
		},
		{
			"__comment": "Smooth Stone",
			"from": [ 4.75, -13.875, 4.75 ],
			"to": [ 11.25, -7.375, 11.25 ],
			"faces": {
				"down": { "uv": [ 0, 0, 16, 16 ], "texture": "#smooth_stone" },
				"up": { "uv": [ 0, 0, 16, 16 ], "texture": "#smooth_stone" },
				"north": { "uv": [ 0, 0, 16, 16 ], "texture": "#smooth_stone" },
				"south": { "uv": [ 0, 0, 16, 16 ], "texture": "#smooth_stone" },
				"west": { "uv": [ 0, 0, 16, 16 ], "texture": "#smooth_stone" },
				"east": { "uv": [ 0, 0, 16, 16 ], "texture": "#smooth_stone" }
			}
		},
		{
			"__comment": "Smooth Stone",
			"from": [ 4.75, -13.875, 11.25 ],
			"to": [ 11.25, -10.625, 17.75 ],
			"faces": {
				"down": { "uv": [ 0, 0, 16, 16 ], "texture": "#smooth_stone" },
				"up": { "uv": [ 0, 0, 16, 16 ], "texture": "#smooth_stone" },
				"north": { "uv": [ 0, 0, 16, 8 ], "texture": "#smooth_stone_side" },
				"south": { "uv": [ 0, 0, 16, 8 ], "texture": "#smooth_stone_side" },
				"west": { "uv": [ 0, 0, 16, 8 ], "texture": "#smooth_stone_side" },
				"east": { "uv": [ 0, 0, 16, 8 ], "texture": "#smooth_stone_side" }
			}
		},
		{
			"__comment": "Cobblestone Wall",
			"from": [ 6.375, 25.125, 6.375 ],
			"to": [ 9.625, 31.625, 9.625 ],
			"faces": {
				"down": { "uv": [ 4, 4, 12, 12 ], "texture": "#cobblestone" },
				"up": { "uv": [ 4, 4, 12, 12 ], "texture": "#cobblestone" },
				"north": { "uv": [ 4, 0, 12, 16 ], "texture": "#cobblestone" },
				"south": { "uv": [ 4, 0, 12, 16 ], "texture": "#cobblestone" },
				"west": { "uv": [ 4, 0, 12, 16 ], "texture": "#cobblestone" },
				"east": { "uv": [ 4, 0, 12, 16 ], "texture": "#cobblestone" }
			}
		}
	],
	"display": {
		"head": {
			"rotation":  [ 0, 0, 0 ],
			"translation":  [ 37.5, -80, 0 ],
			"scale":  [ 3.94, 3.94, 3.94 ]
		}
	}
}