{
	"__comment": "Designed by Mcmakistein with Cubik Studio - https://cubik.studio",
	"textures": {
		"particle": "custom/cmd_block",
		"stone_brick": "custom/stone_bricks",
		"cobblestone": "custom/cobblestone",
		"glass": "custom/glass",
		"andesite": "custom/polished_andesite",
		"smooth_stone": "custom/smooth_stone",
		"smooth_stone_side": "custom/smooth_stone_slab_side",
		"oak_planks": "custom/oak_planks",
		"birch_planks": "custom/birch_planks",
		"door_top": "custom/oak_door_top",
		"door_bottom": "custom/oak_door_bottom"
	},
	"elements": [ 	 
		{
			"__comment": "Stone Bricks",
			"from": [ -16, -16, -16 ],
			"to": [ -9.5, -9.5, -9.5 ],
			"faces": {
				"down": { "uv": [ 0, 0, 16, 16 ], "texture": "#stone_brick" },
				"up": { "uv": [ 0, 0, 16, 16 ], "texture": "#stone_brick" },
				"north": { "uv": [ 0, 0, 16, 16 ], "texture": "#stone_brick" },
				"south": { "uv": [ 0, 0, 16, 16 ], "texture": "#stone_brick" },
				"west": { "uv": [ 0, 0, 16, 16 ], "texture": "#stone_brick" },
				"east": { "uv": [ 0, 0, 16, 16 ], "texture": "#stone_brick" }
			}
		},
		{
			"__comment": "Oak Planks",
			"from": [ -9.5, -16, -16 ],
			"to": [ -3, -9.5, -9.5 ],
			"faces": {
				"down": { "uv": [ 0, 0, 16, 16 ], "texture": "#oak_planks" },
				"up": { "uv": [ 0, 0, 16, 16 ], "texture": "#oak_planks" },
				"north": { "uv": [ 0, 0, 16, 16 ], "texture": "#oak_planks" },
				"south": { "uv": [ 0, 0, 16, 16 ], "texture": "#oak_planks" },
				"west": { "uv": [ 0, 0, 16, 16 ], "texture": "#oak_planks" },
				"east": { "uv": [ 0, 0, 16, 16 ], "texture": "#oak_planks" }
			}
		},
		{
			"__comment": "Andesite",
			"from": [ -3, -16, -16 ],
			"to": [ 3.5, -9.5, -9.5 ],
			"faces": {
				"down": { "uv": [ 0, 0, 16, 16 ], "texture": "#andesite" },
				"up": { "uv": [ 0, 0, 16, 16 ], "texture": "#andesite" },
				"north": { "uv": [ 0, 0, 16, 16 ], "texture": "#andesite" },
				"south": { "uv": [ 0, 0, 16, 16 ], "texture": "#andesite" },
				"west": { "uv": [ 0, 0, 16, 16 ], "texture": "#andesite" },
				"east": { "uv": [ 0, 0, 16, 16 ], "texture": "#andesite" }
			}
		},
		{
			"__comment": "Smooth Stone",
			"from": [ 3.5, -16, -16 ],
			"to": [ 10, -9.5, -9.5 ],
			"faces": {
				"down": { "uv": [ 0, 0, 16, 16 ], "texture": "#smooth_stone" },
				"up": { "uv": [ 0, 0, 16, 16 ], "texture": "#smooth_stone" },
				"north": { "uv": [ 0, 0, 16, 16 ], "texture": "#smooth_stone" },
				"south": { "uv": [ 0, 0, 16, 16 ], "texture": "#smooth_stone" },
				"west": { "uv": [ 0, 0, 16, 16 ], "texture": "#smooth_stone" },
				"east": { "uv": [ 0, 0, 16, 16 ], "texture": "#smooth_stone" }
			}
		},
		{
			"__comment": "Glass Pane",
			"from": [ 16.5, -16, -13 ],
			"to": [ 23, -9.5, -12.25 ],
			"faces": {
				"north": { "uv": [ 0, 0, 16, 16 ], "texture": "#glass" },
				"south": { "uv": [ 0, 0, 16, 16 ], "texture": "#glass" }
			}
		},
		{
			"__comment": "Door Bottom",
			"from": [ 23, -16, -16 ],
			"to": [ 29.5, -9.5, -9.5 ],
			"faces": {
				"south": { "uv": [ 0, 0, 16, 16 ], "texture": "#door_bottom" }
			}
		},
		{
			"__comment": "Door Top",
			"from": [ 23, -9.5, -16 ],
			"to": [ 29.5, -3, -9.5 ],
			"faces": {
				"south": { "uv": [ 0, 0, 16, 16 ], "texture": "#door_top" }
			}
		},
		{
			"__comment": "Smooth Stone",
			"from": [ 10, -16, -16 ],
			"to": [ 16.5, -12.75, -9.5 ],
			"faces": {
				"down": { "uv": [ 0, 0, 16, 16 ], "texture": "#smooth_stone" },
				"up": { "uv": [ 0, 0, 16, 16 ], "texture": "#smooth_stone" },
				"north": { "uv": [ 0, 0, 16, 8 ], "texture": "#smooth_stone_side" },
				"south": { "uv": [ 0, 0, 16, 8 ], "texture": "#smooth_stone_side" },
				"west": { "uv": [ 0, 0, 16, 8 ], "texture": "#smooth_stone_side" },
				"east": { "uv": [ 0, 0, 16, 8 ], "texture": "#smooth_stone_side" }
			}
		},
		{
			"__comment": "Cobblestone Wall",
			"from": [ -14.375, -9.5, -14.375 ],
			"to": [ -11.125, -3, -11.125 ],
			"faces": {
				"down": { "uv": [ 4, 4, 12, 12 ], "texture": "#cobblestone" },
				"up": { "uv": [ 4, 4, 12, 12 ], "texture": "#cobblestone" },
				"north": { "uv": [ 4, 0, 12, 16 ], "texture": "#cobblestone" },
				"south": { "uv": [ 4, 0, 12, 16 ], "texture": "#cobblestone" },
				"west": { "uv": [ 4, 0, 12, 16 ], "texture": "#cobblestone" },
				"east": { "uv": [ 4, 0, 12, 16 ], "texture": "#cobblestone" }
			}
		},
		{
			"__comment": "Cobblestone",
			"from": [ -16, -3, -16 ],
			"to": [ -9.5, 3.5, -9.5 ],
			"faces": {
				"down": { "uv": [ 0, 0, 16, 16 ], "texture": "#cobblestone" },
				"up": { "uv": [ 0, 0, 16, 16 ], "texture": "#cobblestone" },
				"north": { "uv": [ 0, 0, 16, 16 ], "texture": "#cobblestone" },
				"south": { "uv": [ 0, 0, 16, 16 ], "texture": "#cobblestone" },
				"west": { "uv": [ 0, 0, 16, 16 ], "texture": "#cobblestone" },
				"east": { "uv": [ 0, 0, 16, 16 ], "texture": "#cobblestone" }
			}
		},
		{
			"__comment": "Cobblestone Stairs A",
			"from": [ -9.5, -3, -16 ],
			"to": [ -3, 0.25, -9.5 ],
			"faces": {
				"down": { "uv": [ 0, 0, 16, 16 ], "texture": "#cobblestone" },
				"up": { "uv": [ 0, 0, 16, 16 ], "texture": "#cobblestone" },
				"north": { "uv": [ 0, 8, 16, 16 ], "texture": "#cobblestone" },
				"south": { "uv": [ 0, 8, 16, 16 ], "texture": "#cobblestone" },
				"west": { "uv": [ 0, 8, 16, 16 ], "texture": "#cobblestone" },
				"east": { "uv": [ 0, 8, 16, 16 ], "texture": "#cobblestone" }
			}
		},
		{
			"__comment": "Cobblestone Stairs A",
			"from": [ -9.5, 0.25, -16 ],
			"to": [ -6.25, 3.5, -9.5 ],
			"faces": {
				"down": { "uv": [ 0, 0, 8, 16 ], "texture": "#cobblestone" },
				"up": { "uv": [ 0, 0, 8, 16 ], "texture": "#cobblestone" },
				"north": { "uv": [ 8, 0, 16, 8 ], "texture": "#cobblestone" },
				"south": { "uv": [ 0, 8, 8, 16 ], "texture": "#cobblestone" },
				"west": { "uv": [ 0, 0, 16, 8 ], "texture": "#cobblestone" },
				"east": { "uv": [ 0, 0, 16, 8 ], "texture": "#cobblestone" }
			}
		}
	],
	"display": {
		"head": {
			"scale":  [ 3.94, 3.94, 3.94 ]
		}
	}
}