{
	"__comment": "Designed by Mcmakistein with Cubik Studio - https://cubik.studio",
	"textures": {
		"particle": "custom/cmd_block",
		"stone_brick": "custom/stone_bricks",
		"cobblestone": "custom/cobblestone",
		"glass": "custom/glass",
		"andesite": "custom/polished_andesite",
		"smooth_stone": "custom/smooth_stone",
		"smooth_stone_side": "custom/smooth_stone_slab_side",
		"oak_planks": "custom/oak_planks",
		"birch_planks": "custom/birch_planks",
		"door_top": "custom/oak_door_top",
		"door_bottom": "custom/oak_door_bottom",
		"oak_leaves": "custom/oak_leaves",
		"oak_log_top": "custom/oak_log_top",
		"oak_log_side": "custom/oak_log",
		"bricks": "custom/bricks",
		"booshelf": "custom/bookshelf",
		"spruce_planks": "custom/spruce_planks"
	},
	"elements": [ 	 
		{
			"__comment": "Stone Bricks",
			"from": [ 3.5, 28.5, 4.75 ],
			"to": [ 10, 31.75, 11.25 ],
			"faces": {
				"down": { "uv": [ 0, 0, 16, 16 ], "texture": "#smooth_stone" },
				"up": { "uv": [ 0, 0, 16, 16 ], "texture": "#smooth_stone" },
				"north": { "uv": [ 0, 8, 16, 16 ], "texture": "#smooth_stone_side" },
				"south": { "uv": [ 0, 8, 16, 16 ], "texture": "#smooth_stone_side" },
				"west": { "uv": [ 0, 8, 16, 16 ], "texture": "#smooth_stone_side" },
				"east": { "uv": [ 0, 8, 16, 16 ], "texture": "#smooth_stone_side" }
			}
		},
		{
			"__comment": "Stone Bricks",
			"from": [ -3, 28.5, 4.75 ],
			"to": [ 3.5, 31.75, 11.25 ],
			"faces": {
				"down": { "uv": [ 0, 0, 16, 16 ], "texture": "#smooth_stone" },
				"up": { "uv": [ 0, 0, 16, 16 ], "texture": "#smooth_stone" },
				"north": { "uv": [ 0, 8, 16, 16 ], "texture": "#smooth_stone_side" },
				"south": { "uv": [ 0, 8, 16, 16 ], "texture": "#smooth_stone_side" },
				"west": { "uv": [ 0, 8, 16, 16 ], "texture": "#smooth_stone_side" },
				"east": { "uv": [ 0, 8, 16, 16 ], "texture": "#smooth_stone_side" }
			}
		},
		{
			"__comment": "Stone Bricks",
			"from": [ -9.5, 28.5, 4.75 ],
			"to": [ -3, 31.75, 11.25 ],
			"faces": {
				"down": { "uv": [ 0, 0, 16, 16 ], "texture": "#smooth_stone" },
				"up": { "uv": [ 0, 0, 16, 16 ], "texture": "#smooth_stone" },
				"north": { "uv": [ 0, 8, 16, 16 ], "texture": "#smooth_stone_side" },
				"south": { "uv": [ 0, 8, 16, 16 ], "texture": "#smooth_stone_side" },
				"west": { "uv": [ 0, 8, 16, 16 ], "texture": "#smooth_stone_side" },
				"east": { "uv": [ 0, 8, 16, 16 ], "texture": "#smooth_stone_side" }
			}
		},
		{
			"__comment": "Stone Bricks",
			"from": [ -16, 28.5, 4.75 ],
			"to": [ -9.5, 31.75, 11.25 ],
			"faces": {
				"down": { "uv": [ 0, 0, 16, 16 ], "texture": "#smooth_stone" },
				"up": { "uv": [ 0, 0, 16, 16 ], "texture": "#smooth_stone" },
				"north": { "uv": [ 0, 8, 16, 16 ], "texture": "#smooth_stone_side" },
				"south": { "uv": [ 0, 8, 16, 16 ], "texture": "#smooth_stone_side" },
				"west": { "uv": [ 0, 8, 16, 16 ], "texture": "#smooth_stone_side" },
				"east": { "uv": [ 0, 8, 16, 16 ], "texture": "#smooth_stone_side" }
			}
		}
	],
	"display": {
		"head": {
			"translation":  [ -46, -72.1, 0 ],
			"scale":  [ 3.91, 3.91, 3.91 ]
		}
	}
}