{
"m_fart1":{
"sounds":[{"name":"custom/m_fart1","stream":true}],"category":"master"},
"m_fart2":{
"sounds":[{"name":"custom/m_fart2","stream":true}],"category":"master"},
"m_fart3":{
"sounds":[{"name":"custom/m_fart3","stream":true}],"category":"master"},
"m_fart4":{
"sounds":[{"name":"custom/m_fart4","stream":true}],"category":"master"},
"m_bass_1":{
"sounds":[{"name":"custom/m_bass_1","stream":true}],"category":"master"},
"m_garage_door":{
"sounds":[{"name":"custom/m_garage_door","stream":true}],"category":"master"},
"m_garage_door2":{
"sounds":[{"name":"custom/m_garage_door2","stream":true}],"category":"master"},
"m_bass_2":{
"sounds":[{"name":"custom/m_bass_2","stream":true}],"category":"master"}
}