{
	"credit": "Made with Blockbench",
	"textures": {
		"0": "custom/creeplin",
		"particle": "custom/creeplin"
	},
	"elements": [
		{
			"name": "Body",
			"from": [4, 2, -2],
			"to": [12, 9, 11],
			"rotation": {"angle": 0, "axis": "y", "origin": [6, 8, 4]},
			"faces": {
				"north": {"uv": [8.625, 3.375, 10.625, 5.125], "texture": "#0"},
				"east": {"uv": [5.375, 3.375, 8.625, 5.125], "texture": "#0"},
				"south": {"uv": [3.375, 3.375, 5.375, 5.125], "texture": "#0"},
				"west": {"uv": [0.125, 3.375, 3.375, 5.125], "texture": "#0"},
				"up": {"uv": [3.375, 0.125, 5.375, 3.25], "texture": "#0"},
				"down": {"uv": [5.375, 3.25, 7.375, 0.125], "texture": "#0"}
			}
		},
		{
			"name": "BackLeg_Left",
			"from": [9.25, -2.5, -1.75],
			"to": [11.75, 2.5, 0.75],
			"rotation": {"angle": -22.5, "axis": "x", "origin": [11.75, 2.5, -0.5]},
			"faces": {
				"north": {"uv": [1.875, 6.25, 2.5, 7.625], "texture": "#0"},
				"east": {"uv": [1.25, 6.25, 1.875, 7.625], "texture": "#0"},
				"south": {"uv": [0.625, 6.25, 1.25, 7.625], "texture": "#0"},
				"west": {"uv": [0, 6.25, 0.625, 7.625], "texture": "#0"},
				"up": {"uv": [0.625, 5.625, 1.25, 6.25], "texture": "#0"},
				"down": {"uv": [1.25, 5.625, 1.875, 6.25], "texture": "#0"}
			}
		},
		{
			"name": "BackLeg_Right",
			"from": [4.25, -2.5, -1.75],
			"to": [6.75, 2.5, 0.75],
			"rotation": {"angle": 22.5, "axis": "x", "origin": [4.25, 2.5, -0.5]},
			"faces": {
				"north": {"uv": [4.5, 6.25, 5.125, 7.625], "texture": "#0"},
				"east": {"uv": [3.875, 6.25, 4.5, 7.625], "texture": "#0"},
				"south": {"uv": [3.25, 6.25, 3.875, 7.625], "texture": "#0"},
				"west": {"uv": [2.625, 6.25, 3.25, 7.625], "texture": "#0"},
				"up": {"uv": [3.25, 5.625, 3.875, 6.25], "texture": "#0"},
				"down": {"uv": [3.875, 5.625, 4.5, 6.25], "texture": "#0"}
			}
		},
		{
			"name": "FrontLeg_Right",
			"from": [4.5, -2.5, 7.5],
			"to": [7.5, 5.5, 10.5],
			"rotation": {"angle": -22.5, "axis": "x", "origin": [4.5, 4.5, 9]},
			"faces": {
				"north": {"uv": [10.5, 6, 11.25, 7.75], "texture": "#0"},
				"east": {"uv": [9.75, 6, 10.5, 7.75], "texture": "#0"},
				"south": {"uv": [9, 6, 9.75, 7.75], "texture": "#0"},
				"west": {"uv": [8.25, 6, 9, 7.75], "texture": "#0"},
				"up": {"uv": [9, 5.25, 9.75, 6], "texture": "#0"},
				"down": {"uv": [9.75, 5.25, 10.5, 6], "texture": "#0"}
			}
		},
		{
			"name": "FrontLeg_Left",
			"from": [8.5, -2.5, 7.5],
			"to": [11.5, 5.5, 10.5],
			"rotation": {"angle": 22.5, "axis": "x", "origin": [11.5, 4.5, 9]},
			"faces": {
				"north": {"uv": [7.375, 6, 8.125, 7.75], "texture": "#0"},
				"east": {"uv": [6.625, 6, 7.375, 7.75], "texture": "#0"},
				"south": {"uv": [5.875, 6, 6.625, 7.75], "texture": "#0"},
				"west": {"uv": [5.125, 6, 5.875, 7.75], "texture": "#0"},
				"up": {"uv": [6, 5.25, 6.75, 6], "texture": "#0"},
				"down": {"uv": [6.625, 5.25, 7.375, 6], "texture": "#0"}
			}
		},
		{
			"name": "Horn",
			"from": [10.5, 4.40224, 13.01537],
			"to": [11.5, 5.40224, 18.01537],
			"rotation": {"angle": -22.5, "axis": "x", "origin": [8.5, 6.75, 13.75]},
			"faces": {
				"north": {"uv": [0.625, 1.625, 0.875, 1.875], "rotation": 180, "texture": "#0"},
				"east": {"uv": [0.625, 1.875, 0.875, 3.25], "rotation": 270, "texture": "#0"},
				"south": {"uv": [0.375, 1.625, 0.625, 1.875], "texture": "#0"},
				"west": {"uv": [0.125, 1.875, 0.375, 3.25], "rotation": 90, "texture": "#0"},
				"up": {"uv": [0.875, 1.875, 1.125, 3.25], "rotation": 180, "texture": "#0"},
				"down": {"uv": [0.375, 1.875, 0.625, 3.25], "texture": "#0"}
			}
		},
		{
			"name": "Horn",
			"from": [4.5, 4.40224, 13.01537],
			"to": [5.5, 5.40224, 18.01537],
			"rotation": {"angle": -22.5, "axis": "x", "origin": [7.5, 6.75, 13.75]},
			"faces": {
				"north": {"uv": [0.625, 1.625, 0.875, 1.875], "rotation": 180, "texture": "#0"},
				"east": {"uv": [0.625, 1.875, 0.875, 3.25], "rotation": 270, "texture": "#0"},
				"south": {"uv": [0.375, 1.625, 0.625, 1.875], "texture": "#0"},
				"west": {"uv": [0.125, 1.875, 0.375, 3.25], "rotation": 90, "texture": "#0"},
				"up": {"uv": [0.875, 1.875, 1.125, 3.25], "rotation": 180, "texture": "#0"},
				"down": {"uv": [0.375, 1.875, 0.625, 3.25], "texture": "#0"}
			}
		},
		{
			"name": "Ear",
			"from": [4.25, 5.25, 12.25],
			"to": [5, 8.25, 14.25],
			"rotation": {"angle": -22.5, "axis": "z", "origin": [7.5, 7.5, 13.75]},
			"faces": {
				"north": {"uv": [1.875, 0.625, 2.625, 0.75], "rotation": 90, "texture": "#0"},
				"east": {"uv": [1.375, 0.125, 2.125, 0.625], "rotation": 270, "texture": "#0"},
				"south": {"uv": [0.625, 0.625, 1.375, 0.75], "rotation": 270, "texture": "#0"},
				"west": {"uv": [0.625, 0.125, 1.375, 0.625], "rotation": 270, "texture": "#0"},
				"up": {"uv": [1.375, 0.625, 1.875, 0.75], "rotation": 270, "texture": "#0"},
				"down": {"uv": [0.125, 0.625, 0.625, 0.75], "rotation": 270, "texture": "#0"}
			}
		},
		{
			"name": "Ear",
			"from": [11, 5.25, 12.25],
			"to": [11.75, 8.25, 14.25],
			"rotation": {"angle": 22.5, "axis": "z", "origin": [8.5, 7.5, 13.75]},
			"faces": {
				"north": {"uv": [1.875, 1.25, 2.625, 1.375], "rotation": 270, "texture": "#0"},
				"east": {"uv": [0.625, 0.75, 1.375, 1.25], "rotation": 90, "texture": "#0"},
				"south": {"uv": [0.625, 1.25, 1.375, 1.375], "rotation": 90, "texture": "#0"},
				"west": {"uv": [1.375, 0.75, 2.125, 1.25], "rotation": 90, "texture": "#0"},
				"up": {"uv": [0.125, 1.25, 0.625, 1.375], "rotation": 90, "texture": "#0"},
				"down": {"uv": [1.375, 1.25, 1.875, 1.375], "rotation": 90, "texture": "#0"}
			}
		},
		{
			"name": "Head",
			"from": [5, 4.25, 9.75],
			"to": [11, 9.75, 14.75],
			"rotation": {"angle": -22.5, "axis": "x", "origin": [8, 8, 13.75]},
			"faces": {
				"north": {"uv": [4, 12, 6, 14], "rotation": 180, "texture": "#0"},
				"east": {"uv": [4, 14, 6, 16], "rotation": 270, "texture": "#0"},
				"south": {"uv": [2, 12, 4, 14], "texture": "#0"},
				"west": {"uv": [0, 14, 2, 16], "rotation": 90, "texture": "#0"},
				"up": {"uv": [6, 14, 8, 16], "rotation": 180, "texture": "#0"},
				"down": {"uv": [2, 14, 4, 16], "texture": "#0"}
			}
		}
	],
	"display": {
		"head": {
			"rotation": [0, -180, 0],
			"translation": [0, -10, -8],
			"scale": [3.2, 3.2, 3.2]
		}
	},
	"groups": [0, 1, 2, 3, 4,
		{
			"name": "Head",
			"origin": [8, 9.5, 20.25],
			"children": [5, 6, 7, 8, 9]
		}
	]
}