{
	"parent": "item/handheld",
	"textures": {
		"layer0": "item/diamond_axe"
	},
    "overrides": [
        {"predicate": {"custom_model_data": 1}, "model": "item/morph_boss_body"},
        {"predicate": {"custom_model_data": 2}, "model": "item/morph_boss_leg1"},
        {"predicate": {"custom_model_data": 3}, "model": "item/morph_boss_leg2"},
        {"predicate": {"custom_model_data": 4}, "model": "item/morph_boss_head"},
        {"predicate": {"custom_model_data": 5}, "model": "item/morph_boss_arm1"},
        {"predicate": {"custom_model_data": 6}, "model": "item/morph_boss_arm2"},
        {"predicate": {"custom_model_data": 7}, "model": "item/morph_boss_fly1"},
        {"predicate": {"custom_model_data": 8}, "model": "item/morph_boss_fly2"},
        {"predicate": {"custom_model_data": 9}, "model": "item/morph_boss_fly3"},
        {"predicate": {"custom_model_data": 10}, "model": "item/morph_boss_fly4"},
        {"predicate": {"custom_model_data": 11}, "model": "item/morph_boss_glide"},
        {"predicate": {"custom_model_data": 12}, "model": "item/morph_boss_"},
        {"predicate": {"custom_model_data": 13}, "model": "item/morph_boss_"},
        {"predicate": {"custom_model_data": 14}, "model": "item/morph_boss_"},
        {"predicate": {"custom_model_data": 15}, "model": "item/morph_boss_"},
        {"predicate": {"custom_model_data": 16}, "model": "item/morph_boss_"},
        {"predicate": {"custom_model_data": 333}, "model": "item/morph_boss_test1"},
		{"predicate": {"custom_model_data": 334}, "model": "item/morph_boss_test2"}
    ]
}
