{
	"credit": "Made with Blockbench",
	"texture_size": [64, 64],
	"textures": {
		"0": "custom/enderguardian",
		"particle": "custom/enderguardian"
	},
	"elements": [
		{
			"name": "leftLeg",
			"from": [8.625, -10.625, 7.375],
			"to": [9.875, 9.125, 8.625],
			"rotation": {"angle": 0, "axis": "y", "origin": [13, -3.125, 13]},
			"faces": {
				"north": {"uv": [0.25, 5.5, 0.5, 10.25], "texture": "#0"},
				"east": {"uv": [0, 5.5, 0.25, 10.25], "texture": "#0"},
				"south": {"uv": [0.75, 5.5, 1, 10.25], "texture": "#0"},
				"west": {"uv": [0.5, 5.5, 0.75, 10.25], "texture": "#0"},
				"up": {"uv": [0.5, 5.5, 0.25, 5.25], "texture": "#0"},
				"down": {"uv": [0.75, 5.25, 0.5, 5.5], "texture": "#0"}
			}
		}
	],
	"display": {
		"thirdperson_righthand": {
			"rotation": [90, 0, 0],
			"translation": [-6, -2, 9],
			"scale": [1.5, 1.5, 1.5]
		},
		"thirdperson_lefthand": {
			"rotation": [90, 0, 0],
			"translation": [-6, -2, 9],
			"scale": [1.5, 1.5, 1.5]
		},
		"head": {
			"translation": [0, -9.6, 0],
			"scale": [2.4, 2.4, 2.4]
		}
	},
	"groups": [
		{
			"name": "leg2",
			"origin": [2, 26, 0],
			"shade": false,
			"children": [0]
		}
	]
}