{
	"credit": "Made with Blockbench",
	"texture_size": [64, 64],
	"textures": {
		"0": "custom/enderguardian",
		"particle": "custom/enderguardian"
	},
	"elements": [
		{
			"name": "body",
			"from": [5.5, 8.125, 6.75],
			"to": [10.5, 15.625, 9.25],
			"rotation": {"angle": 0, "axis": "y", "origin": [13, -3.125, 13]},
			"faces": {
				"north": {"uv": [6, 0.5, 7.25, 2.25], "texture": "#0"},
				"east": {"uv": [5.5, 0.5, 6, 2.25], "texture": "#0"},
				"south": {"uv": [7.75, 0.5, 9, 2.25], "texture": "#0"},
				"west": {"uv": [7.25, 0.5, 7.75, 2.25], "texture": "#0"},
				"up": {"uv": [7.25, 0.5, 6, 0], "texture": "#0"},
				"down": {"uv": [8.5, 0, 7.25, 0.5], "texture": "#0"}
			}
		},
		{
			"name": "body",
			"from": [7, 8.125, 9.25],
			"to": [9, 10.125, 12.25],
			"rotation": {"angle": 45, "axis": "x", "origin": [8, 10.125, 9.25]},
			"faces": {
				"north": {"uv": [6.25, 3.75, 6.75, 4.25], "texture": "#0"},
				"east": {"uv": [5.5, 3.75, 6.25, 4.25], "texture": "#0"},
				"south": {"uv": [7.5, 3.75, 8, 4.25], "texture": "#0"},
				"west": {"uv": [6.75, 3.75, 7.5, 4.25], "texture": "#0"},
				"up": {"uv": [6.75, 3.75, 6.25, 3], "texture": "#0"},
				"down": {"uv": [7.25, 3, 6.75, 3.75], "texture": "#0"}
			}
		},
		{
			"name": "body",
			"from": [7.25, 6.625, 10.5],
			"to": [8.75, 8.125, 13.5],
			"rotation": {"angle": 22.5, "axis": "x", "origin": [8.25, 8.125, 10.5]},
			"faces": {
				"north": {"uv": [6.75, 7.75, 7, 8], "texture": "#0"},
				"east": {"uv": [6, 7.75, 6.75, 8], "texture": "#0"},
				"south": {"uv": [7.75, 7.75, 8, 8], "texture": "#0"},
				"west": {"uv": [7, 7.75, 7.75, 8], "texture": "#0"},
				"up": {"uv": [7, 7.75, 6.75, 7], "texture": "#0"},
				"down": {"uv": [7.25, 7, 7, 7.75], "texture": "#0"}
			}
		},
		{
			"name": "body",
			"from": [7.5, 5.775, 12.75],
			"to": [8.5, 6.775, 15.75],
			"rotation": {"angle": 0, "axis": "y", "origin": [8.5, 7.275, 12.75]},
			"faces": {
				"north": {"uv": [4.75, 7.75, 5, 8], "texture": "#0"},
				"east": {"uv": [4, 7.75, 4.75, 8], "texture": "#0"},
				"south": {"uv": [5.75, 7.75, 6, 8], "texture": "#0"},
				"west": {"uv": [5, 7.75, 5.75, 8], "texture": "#0"},
				"up": {"uv": [5, 7.75, 4.75, 7], "texture": "#0"},
				"down": {"uv": [5.25, 7, 5, 7.75], "texture": "#0"}
			}
		},
		{
			"name": "body",
			"from": [8, 4.025, 13.75],
			"to": [8, 8.025, 17.75],
			"rotation": {"angle": 0, "axis": "y", "origin": [8.5, 7.025, 13.75]},
			"faces": {
				"north": {"uv": [4.5, 1, 5, 0.5], "texture": "#0"},
				"east": {"uv": [4.25, 2.75, 5.25, 3.75], "texture": "#0"},
				"south": {"uv": [4.5, 1, 5, 0.5], "texture": "#0"},
				"west": {"uv": [5.25, 2.75, 6.25, 3.75], "texture": "#0"},
				"up": {"uv": [4.5, 1, 5, 0.5], "texture": "#0"},
				"down": {"uv": [4.5, 1, 5, 0.5], "texture": "#0"}
			}
		}
	],
	"display": {
		"thirdperson_righthand": {
			"rotation": [90, 0, 0],
			"translation": [-6, -2, 9],
			"scale": [1.5, 1.5, 1.5]
		},
		"thirdperson_lefthand": {
			"rotation": [90, 0, 0],
			"translation": [-6, -2, 9],
			"scale": [1.5, 1.5, 1.5]
		},
		"head": {
			"translation": [0, -9.6, 0],
			"scale": [2.4, 2.4, 2.4]
		}
	},
	"groups": [
		{
			"name": "body",
			"origin": [0, 38, 0],
			"shade": false,
			"children": [0, 1, 2, 3, 4]
		}
	]
}