{
	"credit": "Made with Blockbench",
	"texture_size": [64, 64],
	"textures": {
		"0": "custom/enderguardian",
		"particle": "custom/enderguardian"
	},
	"elements": [
		{
			"name": "leftArm",
			"from": [10.5, -3.125, 7.375],
			"to": [11.75, 15.625, 8.625],
			"rotation": {"angle": 0, "axis": "y", "origin": [13, -3.125, 13]},
			"faces": {
				"north": {"uv": [2.25, 5.5, 2.5, 10], "texture": "#0"},
				"east": {"uv": [2, 5.5, 2.25, 10], "texture": "#0"},
				"south": {"uv": [2.75, 5.5, 3, 10], "texture": "#0"},
				"west": {"uv": [2.5, 5.5, 2.75, 10], "texture": "#0"},
				"up": {"uv": [2.5, 5.5, 2.25, 5.25], "texture": "#0"},
				"down": {"uv": [2.75, 5.25, 2.5, 5.5], "texture": "#0"}
			}
		}
	],
	"display": {
		"thirdperson_righthand": {
			"rotation": [90, 0, 0],
			"translation": [-6, -2, 0.5],
			"scale": [1.5, 1.5, 1.5]
		},
		"thirdperson_lefthand": {
			"rotation": [90, 0, 0],
			"translation": [-6, -2, 0.5],
			"scale": [1.5, 1.5, 1.5]
		},
		"head": {
			"translation": [0, -9.6, 0],
			"scale": [2.4, 2.4, 2.4]
		}
	},
	"groups": [
		{
			"name": "arm2",
			"origin": [5, 36, 0],
			"shade": false,
			"children": [0]
		}
	]
}