{
	"credit": "Made with Blockbench",
	"texture_size": [64, 64],
	"textures": {
		"0": "custom/enderguardian",
		"particle": "custom/enderguardian"
	},
	"elements": [
		{
			"name": "head",
			"from": [5.5, 16.125, 5],
			"to": [10.5, 21.125, 11],
			"rotation": {"angle": 0, "axis": "y", "origin": [13, 6.125, 13]},
			"faces": {
				"north": {"uv": [1.5, 1.5, 2.75, 2.75], "texture": "#0"},
				"east": {"uv": [0, 1.5, 1.5, 2.75], "texture": "#0"},
				"south": {"uv": [4.25, 1.5, 5.5, 2.75], "texture": "#0"},
				"west": {"uv": [2.75, 1.5, 4.25, 2.75], "texture": "#0"},
				"up": {"uv": [2.75, 1.5, 1.5, 0], "texture": "#0"},
				"down": {"uv": [4, 0, 2.75, 1.5], "texture": "#0"}
			}
		},
		{
			"name": "head",
			"from": [5, 16.125, 5.5],
			"to": [11, 21.125, 10.5],
			"rotation": {"angle": 0, "axis": "y", "origin": [13, 6.125, 13]},
			"faces": {
				"north": {"uv": [1.25, 4, 2.75, 5.25], "texture": "#0"},
				"east": {"uv": [0, 4, 1.25, 5.25], "texture": "#0"},
				"south": {"uv": [4, 4, 5.5, 5.25], "texture": "#0"},
				"west": {"uv": [2.75, 4, 4, 5.25], "texture": "#0"},
				"up": {"uv": [2.75, 4, 1.25, 2.75], "texture": "#0"},
				"down": {"uv": [4.25, 2.75, 2.75, 4], "texture": "#0"}
			}
		},
		{
			"name": "head",
			"from": [5.5, 15.625, 5.5],
			"to": [10.5, 21.625, 10.5],
			"rotation": {"angle": 0, "axis": "y", "origin": [13, 6.125, 13]},
			"faces": {
				"north": {"uv": [5.5, 5.5, 6.75, 7], "texture": "#0"},
				"east": {"uv": [4.25, 5.5, 5.5, 7], "texture": "#0"},
				"south": {"uv": [8, 5.5, 9.25, 7], "texture": "#0"},
				"west": {"uv": [6.75, 5.5, 8, 7], "texture": "#0"},
				"up": {"uv": [6.75, 5.5, 5.5, 4.25], "texture": "#0"},
				"down": {"uv": [8, 4.25, 6.75, 5.5], "texture": "#0"}
			}
		},
		{
			"name": "Spike",
			"from": [9.5, 18.125, 2.4],
			"to": [10.25, 18.875, 6.15],
			"rotation": {"angle": -45, "axis": "y", "origin": [9.9, 18.525, 6.15]},
			"faces": {
				"north": {"uv": [7, 2.5, 7.25, 2.75], "rotation": 180, "texture": "#0"},
				"east": {"uv": [7.25, 2.5, 8.5, 2.75], "rotation": 180, "texture": "#0"},
				"south": {"uv": [5.5, 2.5, 5.75, 2.75], "rotation": 180, "texture": "#0"},
				"west": {"uv": [5.75, 2.5, 7, 2.75], "rotation": 180, "texture": "#0"},
				"up": {"uv": [8.25, 2.25, 7, 2.5], "rotation": 90, "texture": "#0"},
				"down": {"uv": [7, 2.5, 5.75, 2.25], "rotation": 270, "texture": "#0"}
			}
		},
		{
			"name": "Spike",
			"from": [5.8, 18.125, 2.4],
			"to": [6.55, 18.875, 6.15],
			"rotation": {"angle": 45, "axis": "y", "origin": [6.2, 18.525, 6.15]},
			"faces": {
				"north": {"uv": [7, 2.5, 7.25, 2.75], "rotation": 180, "texture": "#0"},
				"east": {"uv": [7.25, 2.5, 8.5, 2.75], "rotation": 180, "texture": "#0"},
				"south": {"uv": [5.5, 2.5, 5.75, 2.75], "rotation": 180, "texture": "#0"},
				"west": {"uv": [5.75, 2.5, 7, 2.75], "rotation": 180, "texture": "#0"},
				"up": {"uv": [8.25, 2.25, 7, 2.5], "rotation": 90, "texture": "#0"},
				"down": {"uv": [7, 2.5, 5.75, 2.25], "rotation": 270, "texture": "#0"}
			}
		},
		{
			"name": "Spike",
			"from": [2.45, 18.125, 9.4],
			"to": [6.2, 18.875, 10.15],
			"rotation": {"angle": 45, "axis": "y", "origin": [6.2, 18.525, 9.75]},
			"faces": {
				"north": {"uv": [7.25, 2.5, 8.5, 2.75], "rotation": 180, "texture": "#0"},
				"east": {"uv": [5.5, 2.5, 5.75, 2.75], "rotation": 180, "texture": "#0"},
				"south": {"uv": [5.75, 2.5, 7, 2.75], "rotation": 180, "texture": "#0"},
				"west": {"uv": [7, 2.5, 7.25, 2.75], "rotation": 180, "texture": "#0"},
				"up": {"uv": [8.25, 2.25, 7, 2.5], "texture": "#0"},
				"down": {"uv": [7, 2.5, 5.75, 2.25], "texture": "#0"}
			}
		},
		{
			"name": "Spike",
			"from": [2.45, 20.05, 7.65],
			"to": [6.2, 20.8, 8.4],
			"rotation": {"angle": -45, "axis": "z", "origin": [6.2, 20.45, 8]},
			"faces": {
				"north": {"uv": [7.25, 2.5, 8.5, 2.75], "rotation": 180, "texture": "#0"},
				"east": {"uv": [5.5, 2.5, 5.75, 2.75], "rotation": 180, "texture": "#0"},
				"south": {"uv": [5.75, 2.5, 7, 2.75], "rotation": 180, "texture": "#0"},
				"west": {"uv": [7, 2.5, 7.25, 2.75], "rotation": 180, "texture": "#0"},
				"up": {"uv": [8.25, 2.25, 7, 2.5], "texture": "#0"},
				"down": {"uv": [7, 2.5, 5.75, 2.25], "texture": "#0"}
			}
		},
		{
			"name": "Spike",
			"from": [7.55, 20.05, 2.45],
			"to": [8.3, 20.8, 6.2],
			"rotation": {"angle": 45, "axis": "x", "origin": [7.95, 20.45, 6.2]},
			"faces": {
				"north": {"uv": [7, 2.5, 7.25, 2.75], "rotation": 180, "texture": "#0"},
				"east": {"uv": [7.25, 2.5, 8.5, 2.75], "rotation": 180, "texture": "#0"},
				"south": {"uv": [5.5, 2.5, 5.75, 2.75], "rotation": 180, "texture": "#0"},
				"west": {"uv": [5.75, 2.5, 7, 2.75], "rotation": 180, "texture": "#0"},
				"up": {"uv": [8.25, 2.25, 7, 2.5], "rotation": 90, "texture": "#0"},
				"down": {"uv": [7, 2.5, 5.75, 2.25], "rotation": 270, "texture": "#0"}
			}
		},
		{
			"name": "Spike",
			"from": [7.55, 16.05, 2.45],
			"to": [8.3, 16.8, 6.2],
			"rotation": {"angle": -45, "axis": "x", "origin": [7.95, 16.45, 6.2]},
			"faces": {
				"north": {"uv": [7, 2.5, 7.25, 2.75], "rotation": 180, "texture": "#0"},
				"east": {"uv": [7.25, 2.5, 8.5, 2.75], "rotation": 180, "texture": "#0"},
				"south": {"uv": [5.5, 2.5, 5.75, 2.75], "rotation": 180, "texture": "#0"},
				"west": {"uv": [5.75, 2.5, 7, 2.75], "rotation": 180, "texture": "#0"},
				"up": {"uv": [8.25, 2.25, 7, 2.5], "rotation": 90, "texture": "#0"},
				"down": {"uv": [7, 2.5, 5.75, 2.25], "rotation": 270, "texture": "#0"}
			}
		},
		{
			"name": "Spike",
			"from": [7.55, 12.7, 9.775],
			"to": [8.3, 16.45, 10.525],
			"rotation": {"angle": -45, "axis": "x", "origin": [7.95, 16.45, 10.125]},
			"faces": {
				"north": {"uv": [8.25, 2.25, 7, 2.5], "rotation": 270, "texture": "#0"},
				"east": {"uv": [7.25, 2.5, 8.5, 2.75], "rotation": 270, "texture": "#0"},
				"south": {"uv": [7, 2.5, 5.75, 2.25], "rotation": 270, "texture": "#0"},
				"west": {"uv": [5.75, 2.5, 7, 2.75], "rotation": 90, "texture": "#0"},
				"up": {"uv": [5.5, 2.5, 5.75, 2.75], "rotation": 180, "texture": "#0"},
				"down": {"uv": [7, 2.5, 7.25, 2.75], "texture": "#0"}
			}
		},
		{
			"name": "Spike",
			"from": [7.55, 20.45, 9.45],
			"to": [8.3, 24.2, 10.2],
			"rotation": {"angle": 45, "axis": "x", "origin": [7.95, 20.45, 9.85]},
			"faces": {
				"north": {"uv": [7, 2.5, 5.75, 2.25], "rotation": 90, "texture": "#0"},
				"east": {"uv": [7.25, 2.5, 8.5, 2.75], "rotation": 90, "texture": "#0"},
				"south": {"uv": [8.25, 2.25, 7, 2.5], "rotation": 90, "texture": "#0"},
				"west": {"uv": [5.75, 2.5, 7, 2.75], "rotation": 270, "texture": "#0"},
				"up": {"uv": [7, 2.5, 7.25, 2.75], "texture": "#0"},
				"down": {"uv": [5.5, 2.5, 5.75, 2.75], "rotation": 180, "texture": "#0"}
			}
		},
		{
			"name": "Spike",
			"from": [9.45, 20.45, 7.65],
			"to": [10.2, 24.2, 8.4],
			"rotation": {"angle": -45, "axis": "z", "origin": [9.85, 20.45, 8]},
			"faces": {
				"north": {"uv": [7.25, 2.5, 8.5, 2.75], "rotation": 90, "texture": "#0"},
				"east": {"uv": [8.25, 2.25, 7, 2.5], "rotation": 90, "texture": "#0"},
				"south": {"uv": [5.75, 2.5, 7, 2.75], "rotation": 270, "texture": "#0"},
				"west": {"uv": [7, 2.5, 5.75, 2.25], "rotation": 90, "texture": "#0"},
				"up": {"uv": [7, 2.5, 7.25, 2.75], "rotation": 270, "texture": "#0"},
				"down": {"uv": [5.5, 2.5, 5.75, 2.75], "rotation": 270, "texture": "#0"}
			}
		},
		{
			"name": "Spike",
			"from": [9.35, 18.125, 9.75],
			"to": [10.1, 18.875, 13.5],
			"rotation": {"angle": 45, "axis": "y", "origin": [9.7, 18.525, 9.75]},
			"faces": {
				"north": {"uv": [5.5, 2.5, 5.75, 2.75], "rotation": 180, "texture": "#0"},
				"east": {"uv": [5.75, 2.5, 7, 2.75], "rotation": 180, "texture": "#0"},
				"south": {"uv": [7, 2.5, 7.25, 2.75], "rotation": 180, "texture": "#0"},
				"west": {"uv": [7.25, 2.5, 8.5, 2.75], "rotation": 180, "texture": "#0"},
				"up": {"uv": [8.25, 2.25, 7, 2.5], "rotation": 270, "texture": "#0"},
				"down": {"uv": [7, 2.5, 5.75, 2.25], "rotation": 90, "texture": "#0"}
			}
		}
	],
	"display": {
		"thirdperson_righthand": {
			"rotation": [90, 0, 0],
			"translation": [-6, -2, 0.5],
			"scale": [1.5, 1.5, 1.5]
		},
		"thirdperson_lefthand": {
			"rotation": [90, 0, 0],
			"translation": [-6, -2, 0.5],
			"scale": [1.5, 1.5, 1.5]
		},
		"head": {
			"translation": [0, -24, 0],
			"scale": [2.4, 2.4, 2.4]
		}
	},
	"groups": [
		{
			"name": "head",
			"origin": [0, 24, 0],
			"shade": false,
			"children": [0, 1, 2, 3, 4, 5, 6, 7, 8, 9, 10, 11, 12]
		}
	]
}