{
	"credit": "Made with Blockbench",
	"texture_size": [64, 64],
	"textures": {
		"0": "custom/enderguardian_test",
		"particle": "custom/enderguardian_test"
	},
	"elements": [
		{
			"name": "head",
			"from": [5.5, 15.625, 5.5],
			"to": [10.5, 20.625, 10.5],
			"rotation": {"angle": 0, "axis": "y", "origin": [13, 5.625, 13]},
			"faces": {
				"north": {"uv": [1.25, 1.25, 2.5, 2.5], "texture": "#0"},
				"east": {"uv": [0, 1.25, 1.25, 2.5], "texture": "#0"},
				"south": {"uv": [3.75, 1.25, 5, 2.5], "texture": "#0"},
				"west": {"uv": [2.5, 1.25, 3.75, 2.5], "texture": "#0"},
				"up": {"uv": [2.5, 1.25, 1.25, 0], "texture": "#0"},
				"down": {"uv": [3.75, 0, 2.5, 1.25], "texture": "#0"}
			}
		},
		{
			"name": "hat",
			"from": [5.8125, 15.9375, 5.8125],
			"to": [10.1875, 20.3125, 10.1875],
			"rotation": {"angle": 0, "axis": "y", "origin": [13, -3.125, 13]},
			"faces": {
				"north": {"uv": [1.25, 3.75, 2.5, 5], "texture": "#0"},
				"east": {"uv": [0, 3.75, 1.25, 5], "texture": "#0"},
				"south": {"uv": [3.75, 3.75, 5, 5], "texture": "#0"},
				"west": {"uv": [2.5, 3.75, 3.75, 5], "texture": "#0"},
				"up": {"uv": [2.5, 3.75, 1.25, 2.5], "texture": "#0"},
				"down": {"uv": [3.75, 2.5, 2.5, 3.75], "texture": "#0"}
			}
		}
	],
	"display": {
		"thirdperson_righthand": {
			"rotation": [90, 0, 0],
			"translation": [-6, -2, 0.5],
			"scale": [1.5, 1.5, 1.5]
		},
		"thirdperson_lefthand": {
			"rotation": [90, 0, 0],
			"translation": [-6, -2, 0.5],
			"scale": [1.5, 1.5, 1.5]
		},
		"head": {
			"translation": [0, -23.2, 0],
			"scale": [2.4, 2.4, 2.4]
		}
	},
	"groups": [
		{
			"name": "head",
			"origin": [0, 24, 0],
			"shade": false,
			"children": [0]
		},
		{
			"name": "hat",
			"origin": [0, 38, 0],
			"shade": false,
			"children": [1]
		}
	]
}