{
    "parent": "item/generated",
    "textures": {
        "layer0": "item/iron_nugget"
    },
    "overrides": [
        {"predicate": {"custom_model_data": 1}, "model": "item/dna_creeper"},
        {"predicate": {"custom_model_data": 2}, "model": "item/dna_creeplin"},
        {"predicate": {"custom_model_data": 3}, "model": "item/dna_enderguardian"},
        
        {"predicate": {"custom_model_data": 4}, "model": "item/dna_enderman"},
        {"predicate": {"custom_model_data": 5}, "model": "item/dna_guardian"},
        {"predicate": {"custom_model_data": 6}, "model": "item/dna_hoglin"},
        
        {"predicate": {"custom_model_data": 7}, "model": "item/dna_irongolem"},
        {"predicate": {"custom_model_data": 8}, "model": "item/dna_phantom"},
        {"predicate": {"custom_model_data": 9}, "model": "item/dna_phantomgolem"}
    ]
}
