{
	"credit": "Made with Blockbench",
	"parent": "iron_golem",
	"texture_size": [32, 32],
	"textures": {
		"0": "custom/iron_golem_test",
		"particle": "custom/iron_golem_test"
	},
	"elements": [
		{
			"name": "body",
			"from": [0, 6, 3],
			"to": [16, 16, 13],
			"shade": false,
			"rotation": {"angle": 0, "axis": "y", "origin": [16, -9, 16]},
			"faces": {
				"north": {"uv": [0, 0, 4, 2.5], "texture": "#0"},
				"east": {"uv": [0, 5, 2.5, 7.5], "texture": "#0"},
				"south": {"uv": [0, 2.5, 4, 5], "texture": "#0"},
				"west": {"uv": [2.5, 6.5, 5, 9], "texture": "#0"},
				"up": {"uv": [8, 6.5, 4, 4], "texture": "#0"},
				"down": {"uv": [8, 0, 4, 2.5], "texture": "#0"}
			}
		},
		{
			"name": "body",
			"from": [3, 2.5, 4.5],
			"to": [13, 6.5, 11.5],
			"shade": false,
			"rotation": {"angle": 0, "axis": "y", "origin": [16, -5, 16]},
			"faces": {
				"north": {"uv": [7, 6.5, 9, 7], "texture": "#0"},
				"east": {"uv": [11, 6.5, 12.5, 7], "texture": "#0"},
				"south": {"uv": [10, 9, 12, 9.5], "texture": "#0"},
				"west": {"uv": [11, 10.5, 12.5, 11], "texture": "#0"},
				"up": {"uv": [6, 4, 4, 2.5], "texture": "#0"},
				"down": {"uv": [8, 2.5, 6, 4], "texture": "#0"}
			}
		}
	],
	"display": {
		"thirdperson_righthand": {
			"rotation": [90, 0, 0],
			"translation": [-6, -2, 17.5],
			"scale": [1.25, 1.25, 1.25]
		},
		"thirdperson_lefthand": {
			"rotation": [90, 0, 0],
			"translation": [-6, -2, 17.5],
			"scale": [1.25, 1.25, 1.25]
		},
		"firstperson_righthand": {
			"translation": [0, -1, 0]
		},
		"head": {
			"translation": [0, 4, 0],
			"scale": [2, 2, 2]
		}
	},
	"groups": [
		{
			"name": "body",
			"origin": [0, 31, 0],
			"shade": false,
			"children": [0, 1]
		}
	]
}