{
	"credit": "Made with Blockbench",
	"parent": "iron_golem",
	"texture_size": [32, 32],
	"textures": {
		"0": "custom/iron_golem_test",
		"particle": "custom/iron_golem_test"
	},
	"elements": [
		{
			"name": "arm0",
			"from": [-18, 13, 6],
			"to": [3, 17, 10],
			"shade": false,
			"rotation": {"angle": 0, "axis": "z", "origin": [0, 13, 8]},
			"faces": {
				"north": {"uv": [5, 6.5, 6, 12], "rotation": 270, "texture": "#0"},
				"east": {"uv": [9, 6.5, 8, 5.5], "rotation": 90, "texture": "#0"},
				"south": {"uv": [7, 7, 8, 12.5], "rotation": 90, "texture": "#0"},
				"west": {"uv": [9, 7, 8, 8], "rotation": 90, "texture": "#0"},
				"up": {"uv": [0, 7.5, 1, 13], "rotation": 90, "texture": "#0"},
				"down": {"uv": [6, 6.5, 7, 12], "rotation": 90, "texture": "#0"}
			}
		}
	],
	"display": {
		"thirdperson_righthand": {
			"rotation": [90, 0, 0],
			"translation": [-6, -2, -3.5],
			"scale": [2.5, 2.5, 2.5]
		},
		"thirdperson_lefthand": {
			"rotation": [90, 0, 0],
			"translation": [-6, -2, -3.5],
			"scale": [2.5, 2.5, 2.5]
		},
		"firstperson_righthand": {
			"translation": [0, -1, 0]
		},
		"head": {
			"translation": [0, -23.3, 0],
			"scale": [2.857, 2.857, 2.857]
		}
	},
	"groups": [
		{
			"name": "arm1",
			"origin": [0, 31, 0],
			"shade": false,
			"children": [0]
		}
	]
}