{
	"credit": "Made with Blockbench",
	"parent": "iron_golem",
	"texture_size": [32, 32],
	"textures": {
		"0": "custom/iron_golem_test",
		"particle": "custom/iron_golem_test"
	},
	"elements": [
		{
			"name": "head",
			"from": [5, 16, 2.5],
			"to": [11, 24, 8.5],
			"shade": false,
			"rotation": {"angle": 0, "axis": "y", "origin": [16, -9, 16]},
			"faces": {
				"north": {"uv": [9, 7, 10.5, 9], "texture": "#0"},
				"east": {"uv": [10.5, 7, 12, 9], "texture": "#0"},
				"south": {"uv": [11, 11, 12.5, 13], "texture": "#0"},
				"west": {"uv": [11, 0, 12.5, 2], "texture": "#0"},
				"up": {"uv": [4, 6.5, 2.5, 5], "texture": "#0"},
				"down": {"uv": [12.5, 2, 11, 3.5], "texture": "#0"}
			}
		},
		{
			"name": "head",
			"from": [7, 15, 1],
			"to": [9, 18.5, 2.5],
			"shade": false,
			"rotation": {"angle": 0, "axis": "y", "origin": [16, -9, 18]},
			"faces": {
				"north": {"uv": [2, 7.5, 2.5, 8.5], "texture": "#0"},
				"east": {"uv": [12, 3.5, 12.5, 4.5], "texture": "#0"},
				"south": {"uv": [12, 4.5, 12.5, 5.5], "texture": "#0"},
				"west": {"uv": [12, 5.5, 12.5, 6.5], "texture": "#0"},
				"up": {"uv": [2.5, 9, 2, 8.5], "texture": "#0"},
				"down": {"uv": [10.5, 9.5, 10, 10], "texture": "#0"}
			}
		}
	],
	"display": {
		"thirdperson_righthand": {
			"rotation": [90, 0, 0],
			"translation": [-6, -2, -3.5],
			"scale": [2.5, 2.5, 2.5]
		},
		"thirdperson_lefthand": {
			"rotation": [90, 0, 0],
			"translation": [-6, -2, -3.5],
			"scale": [2.5, 2.5, 2.5]
		},
		"firstperson_righthand": {
			"translation": [0, -1, 0]
		},
		"head": {
			"translation": [0, -23.3, 0],
			"scale": [2.857, 2.857, 2.857]
		}
	},
	"groups": [
		{
			"name": "head",
			"origin": [0, 31, -2],
			"shade": false,
			"children": [0, 1]
		}
	]
}