{
	"credit": "Made with Blockbench",
	"parent": "iron_golem",
	"texture_size": [32, 32],
	"textures": {
		"0": "custom/iron_golem_test",
		"particle": "custom/iron_golem_test"
	},
	"elements": [
		{
			"name": "leg0",
			"from": [2.5, -11, 6],
			"to": [6.5, 3, 10],
			"shade": false,
			"rotation": {"angle": 0, "axis": "y", "origin": [16, -5, 17]},
			"faces": {
				"north": {"uv": [3, 9, 4, 12.5], "texture": "#0"},
				"east": {"uv": [4, 9, 5, 12.5], "texture": "#0"},
				"south": {"uv": [9, 9, 10, 12.5], "texture": "#0"},
				"west": {"uv": [9, 0, 10, 3.5], "texture": "#0"},
				"up": {"uv": [12, 6.5, 11, 5.5], "texture": "#0"},
				"down": {"uv": [12, 9.5, 11, 10.5], "texture": "#0"}
			}
		}
	],
	"display": {
		"thirdperson_righthand": {
			"rotation": [90, 0, 0],
			"translation": [-6, -2, 17.5],
			"scale": [1.25, 1.25, 1.25]
		},
		"thirdperson_lefthand": {
			"rotation": [90, 0, 0],
			"translation": [-6, -2, 17.5],
			"scale": [1.25, 1.25, 1.25]
		},
		"firstperson_righthand": {
			"translation": [0, -1, 0]
		},
		"head": {
			"translation": [0, 4, 0],
			"scale": [2, 2, 2]
		}
	},
	"groups": [
		{
			"name": "leg1",
			"origin": [-4, 13, 0],
			"shade": false,
			"children": [0]
		}
	]
}