{
	"credit": "Made with Blockbench",
	"parent": "iron_golem",
	"texture_size": [32, 32],
	"textures": {
		"0": "custom/iron_golem_test",
		"particle": "custom/iron_golem_test"
	},
	"elements": [
		{
			"name": "arm1",
			"from": [16, -5, 6],
			"to": [20, 16, 10],
			"shade": false,
			"rotation": {"angle": 0, "axis": "y", "origin": [14, -9, 16]},
			"faces": {
				"north": {"uv": [1, 7.5, 2, 13], "texture": "#0"},
				"east": {"uv": [8, 8, 9, 13.5], "texture": "#0"},
				"south": {"uv": [8, 0, 9, 5.5], "texture": "#0"},
				"west": {"uv": [2, 9, 3, 14.5], "texture": "#0"},
				"up": {"uv": [12, 4.5, 11, 3.5], "texture": "#0"},
				"down": {"uv": [12, 4.5, 11, 5.5], "texture": "#0"}
			}
		}
	],
	"display": {
		"thirdperson_righthand": {
			"rotation": [90, 0, 0],
			"translation": [-6, -2, -3.5],
			"scale": [2.5, 2.5, 2.5]
		},
		"thirdperson_lefthand": {
			"rotation": [90, 0, 0],
			"translation": [-6, -2, -3.5],
			"scale": [2.5, 2.5, 2.5]
		},
		"firstperson_righthand": {
			"translation": [0, -1, 0]
		},
		"head": {
			"translation": [0, 4, 0],
			"scale": [2, 2, 2]
		}
	},
	"groups": [
		{
			"name": "arm2",
			"origin": [0, 31, 0],
			"shade": false,
			"children": [0]
		}
	]
}