{
	"credit": "Made with Blockbench",
	"parent": "iron_golem",
	"texture_size": [32, 32],
	"textures": {
		"0": "custom/iron_golem_test",
		"particle": "custom/iron_golem_test"
	},
	"elements": [
		{
			"name": "arm0",
			"from": [-4, -5, 6],
			"to": [0, 16, 10],
			"shade": false,
			"rotation": {"angle": 0, "axis": "y", "origin": [16, -9, 16]},
			"faces": {
				"north": {"uv": [5, 6.5, 6, 12], "texture": "#0"},
				"east": {"uv": [6, 6.5, 7, 12], "texture": "#0"},
				"south": {"uv": [7, 7, 8, 12.5], "texture": "#0"},
				"west": {"uv": [0, 7.5, 1, 13], "texture": "#0"},
				"up": {"uv": [9, 6.5, 8, 5.5], "texture": "#0"},
				"down": {"uv": [9, 7, 8, 8], "texture": "#0"}
			}
		}
	],
	"display": {
		"thirdperson_righthand": {
			"rotation": [90, 0, 0],
			"translation": [-6, -2, -3.5],
			"scale": [2.5, 2.5, 2.5]
		},
		"thirdperson_lefthand": {
			"rotation": [90, 0, 0],
			"translation": [-6, -2, -3.5],
			"scale": [2.5, 2.5, 2.5]
		},
		"firstperson_righthand": {
			"translation": [0, -1, 0]
		},
		"head": {
			"translation": [0, 4, 0],
			"scale": [2, 2, 2]
		}
	},
	"groups": [
		{
			"name": "arm1",
			"origin": [0, 31, 0],
			"shade": false,
			"children": [0]
		}
	]
}