{
	"credit": "Made with Blockbench",
	"parent": "iron_golem",
	"texture_size": [128, 128],
	"textures": {
		"0": "custom/morph_boss",
		"particle": "custom/morph_boss"
	},
	"elements": [
		{
			"name": "arm1",
			"from": [13.25, 2.5, 5],
			"to": [14, 11.5, 10.25],
			"rotation": {"angle": 0, "axis": "y", "origin": [12.5, 17.25, 7]},
			"faces": {
				"north": {"uv": [5.5, 2.5, 5.625, 4], "texture": "#0"},
				"east": {"uv": [4.625, 2.5, 5.5, 4], "texture": "#0"},
				"south": {"uv": [6.5, 2.5, 6.625, 4], "texture": "#0"},
				"west": {"uv": [5.625, 2.5, 6.5, 4], "texture": "#0"},
				"up": {"uv": [5.625, 2.5, 5.5, 1.625], "texture": "#0"},
				"down": {"uv": [5.75, 1.625, 5.625, 2.5], "texture": "#0"}
			}
		},
		{
			"name": "arm1_inverted",
			"from": [14, 11.5, 10.25],
			"to": [13.25, 2.5, 5],
			"rotation": {"angle": 0, "axis": "y", "origin": [14, -12.25, 3]},
			"faces": {
				"north": {"uv": [6.5, 4, 6.625, 2.5], "texture": "#0"},
				"east": {"uv": [5.625, 4, 6.5, 2.5], "texture": "#0"},
				"south": {"uv": [5.5, 4, 5.625, 2.5], "texture": "#0"},
				"west": {"uv": [4.625, 4, 5.5, 2.5], "texture": "#0"},
				"up": {"uv": [5.625, 1.625, 5.75, 2.5], "texture": "#0"},
				"down": {"uv": [5.5, 2.5, 5.625, 1.625], "texture": "#0"}
			}
		},
		{
			"name": "arm2",
			"from": [12.5, 11.5, 5],
			"to": [14, 18.25, 11],
			"rotation": {"angle": 0, "axis": "y", "origin": [12.5, 17.25, 7]},
			"faces": {
				"north": {"uv": [1, 5, 1.25, 6.125], "texture": "#0"},
				"east": {"uv": [0, 5, 1, 6.125], "texture": "#0"},
				"south": {"uv": [2.25, 5, 2.5, 6.125], "texture": "#0"},
				"west": {"uv": [12.125, 0.25, 12.375, 0.5], "texture": "#0"},
				"up": {"uv": [1.25, 5, 1, 4], "texture": "#0"},
				"down": {"uv": [1.5, 4, 1.25, 5], "texture": "#0"}
			}
		},
		{
			"name": "arm_inverted",
			"from": [14, 18.25, 11],
			"to": [12.5, 11.5, 5],
			"rotation": {"angle": 0, "axis": "y", "origin": [12.5, 5.75, 3]},
			"faces": {
				"north": {"uv": [2.25, 6.125, 2.5, 5], "texture": "#0"},
				"east": {"uv": [12.125, 0.5, 12.375, 0.25], "texture": "#0"},
				"south": {"uv": [1, 6.125, 1.25, 5], "texture": "#0"},
				"west": {"uv": [0, 6.125, 1, 5], "texture": "#0"},
				"up": {"uv": [1.25, 4, 1.5, 5], "texture": "#0"},
				"down": {"uv": [1, 5, 1.25, 4], "texture": "#0"}
			}
		}
	],
	"display": {
		"thirdperson_righthand": {
			"rotation": [90, 0, 0],
			"translation": [-6, -2.5, -13],
			"scale": [2.5, 2.5, 2.5]
		},
		"thirdperson_lefthand": {
			"rotation": [90, 0, 0],
			"translation": [-6, -2.5, -13],
			"scale": [2.5, 2.5, 2.5]
		},
		"firstperson_righthand": {
			"translation": [0, -1, 0]
		},
		"head": {
			"translation": [0, -44.8, 0.8],
			"scale": [4, 4, 4]
		}
	},
	"groups": [
		{
			"name": "arm2",
			"origin": [0, 31, 0],
			"shade": false,
			"children": [0, 1, 2, 3]
		}
	]
}