{
	"credit": "Made with Blockbench",
	"parent": "iron_golem",
	"texture_size": [128, 128],
	"textures": {
		"0": "custom/morph_boss",
		"particle": "custom/morph_boss"
	},
	"elements": [
		{
			"name": "leg0",
			"from": [5.375, -7.25, 7.25],
			"to": [6.875, 8.5, 8.75],
			"rotation": {"angle": 0, "axis": "y", "origin": [14.75, 2.5, 14.75]},
			"faces": {
				"north": {"uv": [1.25, 6.375, 1.5, 9], "texture": "#0"},
				"east": {"uv": [1, 6.375, 1.25, 9], "texture": "#0"},
				"south": {"uv": [1.75, 6.375, 2, 9], "texture": "#0"},
				"west": {"uv": [1.5, 6.375, 1.75, 9], "texture": "#0"},
				"up": {"uv": [1.5, 6.375, 1.25, 6.125], "texture": "#0"},
				"down": {"uv": [1.75, 6.125, 1.5, 6.375], "texture": "#0"}
			}
		}
	],
	"display": {
		"thirdperson_righthand": {
			"rotation": [90, 0, 0],
			"translation": [-6, -2.5, 11],
			"scale": [2.5, 2.5, 2.5]
		},
		"thirdperson_lefthand": {
			"rotation": [90, 0, 0],
			"translation": [-6, -2.5, 11],
			"scale": [2.5, 2.5, 2.5]
		},
		"firstperson_righthand": {
			"translation": [0, -1, 0]
		},
		"head": {
			"translation": [0, -6.4, 0.8],
			"scale": [4, 4, 4]
		}
	},
	"groups": [
		{
			"name": "leg1",
			"origin": [-4, 13, 0],
			"shade": false,
			"children": [0]
		}
	]
}