{
	"credit": "Made with Blockbench",
	"parent": "iron_golem",
	"texture_size": [128, 128],
	"textures": {
		"0": "custom/morph_boss",
		"particle": "custom/morph_boss"
	},
	"elements": [
		{
			"name": "body",
			"from": [3.5, 10.75, 4.25],
			"to": [12.5, 18.25, 11.75],
			"rotation": {"angle": 0, "axis": "y", "origin": [14, -0.5, 14]},
			"faces": {
				"north": {"uv": [1.25, 1.25, 2.75, 2.5], "texture": "#0"},
				"east": {"uv": [0, 1.25, 1.25, 2.5], "texture": "#0"},
				"south": {"uv": [4, 1.25, 5.5, 2.5], "texture": "#0"},
				"west": {"uv": [2.75, 1.25, 4, 2.5], "texture": "#0"},
				"up": {"uv": [2.75, 1.25, 1.25, 0], "texture": "#0"},
				"down": {"uv": [4.25, 0, 2.75, 1.25], "texture": "#0"}
			}
		},
		{
			"name": "body",
			"from": [5, 7.75, 5],
			"to": [11, 10.75, 11],
			"rotation": {"angle": 0, "axis": "y", "origin": [13.25, 16, 12.5]},
			"faces": {
				"north": {"uv": [1, 3.5, 2, 4], "texture": "#0"},
				"east": {"uv": [0, 3.5, 1, 4], "texture": "#0"},
				"south": {"uv": [3, 3.5, 4, 4], "texture": "#0"},
				"west": {"uv": [2, 3.5, 3, 4], "texture": "#0"},
				"up": {"uv": [2, 3.5, 1, 2.5], "texture": "#0"},
				"down": {"uv": [3, 2.5, 2, 3.5], "texture": "#0"}
			}
		},
		{
			"name": "body",
			"from": [6.5, 9.25, 11],
			"to": [9.5, 11.5, 14.75],
			"rotation": {"angle": 45, "axis": "x", "origin": [8, 11.5, 11]},
			"faces": {
				"north": {"uv": [4.875, 0.625, 5.375, 1], "texture": "#0"},
				"east": {"uv": [4.25, 0.625, 4.875, 1], "texture": "#0"},
				"south": {"uv": [6, 0.625, 6.5, 1], "texture": "#0"},
				"west": {"uv": [5.375, 0.625, 6, 1], "texture": "#0"},
				"up": {"uv": [5.375, 0.625, 4.875, 0], "texture": "#0"},
				"down": {"uv": [5.875, 0, 5.375, 0.625], "texture": "#0"}
			}
		},
		{
			"name": "body",
			"from": [7.25, 7.375, 12.6875],
			"to": [8.75, 8.875, 16.4375],
			"rotation": {"angle": 22.5, "axis": "x", "origin": [8, 8.875, 12.6875]},
			"faces": {
				"north": {"uv": [6.375, 1.625, 6.625, 1.875], "texture": "#0"},
				"east": {"uv": [5.75, 1.625, 6.375, 1.875], "texture": "#0"},
				"south": {"uv": [7.25, 1.625, 7.5, 1.875], "texture": "#0"},
				"west": {"uv": [6.625, 1.625, 7.25, 1.875], "texture": "#0"},
				"up": {"uv": [6.625, 1.625, 6.375, 1], "texture": "#0"},
				"down": {"uv": [6.875, 1, 6.625, 1.625], "texture": "#0"}
			}
		},
		{
			"name": "body",
			"from": [7.625, 6.4, 15.6875],
			"to": [8.375, 7.15, 18.6875],
			"rotation": {"angle": 0, "axis": "y", "origin": [8, 7.15, 15.6875]},
			"faces": {
				"north": {"uv": [0.5, 0.5, 0.625, 0.625], "texture": "#0"},
				"east": {"uv": [0, 0.5, 0.5, 0.625], "texture": "#0"},
				"south": {"uv": [1.125, 0.5, 1.25, 0.625], "texture": "#0"},
				"west": {"uv": [0.625, 0.5, 1.125, 0.625], "texture": "#0"},
				"up": {"uv": [0.625, 0.5, 0.5, 0], "texture": "#0"},
				"down": {"uv": [0.75, 0, 0.625, 0.5], "texture": "#0"}
			}
		},
		{
			"name": "body",
			"from": [8, 4.15, 16.4375],
			"to": [8, 9.4, 21.6875],
			"rotation": {"angle": 0, "axis": "y", "origin": [8, 7.15, 16.4375]},
			"faces": {
				"north": {"uv": [12.375, 0.25, 12.75, 0.625], "texture": "#0"},
				"east": {"uv": [10.875, 0, 10, 0.875], "texture": "#0"},
				"south": {"uv": [12.375, 0.25, 12.75, 0.625], "texture": "#0"},
				"west": {"uv": [10, 0, 10.875, 0.875], "texture": "#0"},
				"up": {"uv": [12.375, 0.25, 12.75, 0.625], "texture": "#0"},
				"down": {"uv": [12.375, 0.25, 12.75, 0.625], "texture": "#0"}
			}
		},
		{
			"name": "Spike",
			"from": [11.75, 17.5, 7.625],
			"to": [12.5, 21.625, 8.375],
			"rotation": {"angle": -45, "axis": "z", "origin": [12.125, 17.5, 8]},
			"faces": {
				"north": {"uv": [11, 1, 11.25, 2.25], "texture": "#0"},
				"east": {"uv": [11.75, 1, 12, 2.25], "texture": "#0"},
				"south": {"uv": [11.5, 1, 11.75, 2.25], "texture": "#0"},
				"west": {"uv": [11.25, 1, 11.5, 2.25], "texture": "#0"},
				"up": {"uv": [11.25, 0.75, 11.5, 1], "texture": "#0"},
				"down": {"uv": [11.5, 0.75, 11.75, 1], "texture": "#0"}
			}
		},
		{
			"name": "Spike",
			"from": [3.5, 17.5, 7.625],
			"to": [4.25, 21.625, 8.375],
			"rotation": {"angle": 45, "axis": "z", "origin": [3.875, 17.5, 8]},
			"faces": {
				"north": {"uv": [11, 1, 11.25, 2.25], "texture": "#0"},
				"east": {"uv": [11.75, 1, 12, 2.25], "texture": "#0"},
				"south": {"uv": [11.5, 1, 11.75, 2.25], "texture": "#0"},
				"west": {"uv": [11.25, 1, 11.5, 2.25], "texture": "#0"},
				"up": {"uv": [11.25, 0.75, 11.5, 1], "texture": "#0"},
				"down": {"uv": [11.5, 0.75, 11.75, 1], "texture": "#0"}
			}
		},
		{
			"name": "Spike",
			"from": [5, 17.125, 11],
			"to": [5.75, 17.875, 15.125],
			"rotation": {"angle": -45, "axis": "x", "origin": [5.375, 17.5, 11]},
			"faces": {
				"north": {"uv": [11.5, 0.75, 11.75, 1], "rotation": 180, "texture": "#0"},
				"east": {"uv": [11.75, 1, 12, 2.25], "rotation": 270, "texture": "#0"},
				"south": {"uv": [11.25, 0.75, 11.5, 1], "texture": "#0"},
				"west": {"uv": [11.25, 1, 11.5, 2.25], "rotation": 90, "texture": "#0"},
				"up": {"uv": [11, 1, 11.25, 2.25], "rotation": 180, "texture": "#0"},
				"down": {"uv": [11.5, 1, 11.75, 2.25], "texture": "#0"}
			}
		},
		{
			"name": "Spike",
			"from": [10.25, 17.125, 11],
			"to": [11, 17.875, 15.125],
			"rotation": {"angle": -45, "axis": "x", "origin": [10.625, 17.5, 11]},
			"faces": {
				"north": {"uv": [11.5, 0.75, 11.75, 1], "rotation": 180, "texture": "#0"},
				"east": {"uv": [11.75, 1, 12, 2.25], "rotation": 270, "texture": "#0"},
				"south": {"uv": [11.25, 0.75, 11.5, 1], "texture": "#0"},
				"west": {"uv": [11.25, 1, 11.5, 2.25], "rotation": 90, "texture": "#0"},
				"up": {"uv": [11, 1, 11.25, 2.25], "rotation": 180, "texture": "#0"},
				"down": {"uv": [11.5, 1, 11.75, 2.25], "texture": "#0"}
			}
		}
	],
	"display": {
		"thirdperson_righthand": {
			"rotation": [90, 0, 0],
			"translation": [-6, -2.5, 11],
			"scale": [2.5, 2.5, 2.5]
		},
		"thirdperson_lefthand": {
			"rotation": [90, 0, 0],
			"translation": [-6, -2.5, 11],
			"scale": [2.5, 2.5, 2.5]
		},
		"firstperson_righthand": {
			"translation": [0, -1, 0]
		},
		"head": {
			"translation": [0, -6.4, 0.8],
			"scale": [4, 4, 4]
		}
	},
	"groups": [
		{
			"name": "body",
			"origin": [0, 31, 0],
			"shade": false,
			"children": [0, 1, 2, 3, 4, 5, 6, 7, 8, 9]
		}
	]
}