{
	"credit": "Made with Blockbench",
	"parent": "iron_golem",
	"texture_size": [128, 128],
	"textures": {
		"0": "custom/morph_boss",
		"particle": "custom/morph_boss"
	},
	"elements": [
		{
			"name": "arm0",
			"from": [2, 2.5, 5],
			"to": [2.75, 11.5, 10.25],
			"rotation": {"angle": 0, "axis": "z", "origin": [3.5, 17.25, 7.25]},
			"faces": {
				"north": {"uv": [4.5, 6.5, 4.625, 8], "texture": "#0"},
				"east": {"uv": [5.5, 6.5, 4.625, 8], "texture": "#0"},
				"south": {"uv": [5.5, 6.5, 5.625, 8], "texture": "#0"},
				"west": {"uv": [4.5, 6.5, 3.625, 8], "texture": "#0"},
				"up": {"uv": [4.625, 6.5, 4.5, 5.625], "texture": "#0"},
				"down": {"uv": [4.75, 5.625, 4.625, 6.5], "texture": "#0"}
			}
		},
		{
			"name": "arm0_inverted",
			"from": [2.75, 11.5, 10.25],
			"to": [2, 2.5, 5],
			"rotation": {"angle": 0, "axis": "z", "origin": [2, 5.75, 13.25]},
			"faces": {
				"north": {"uv": [5.5, 8, 5.625, 6.5], "texture": "#0"},
				"east": {"uv": [4.5, 8, 3.625, 6.5], "texture": "#0"},
				"south": {"uv": [4.5, 8, 4.625, 6.5], "texture": "#0"},
				"west": {"uv": [5.5, 8, 4.625, 6.5], "texture": "#0"},
				"up": {"uv": [12.25, 0.375, 12.375, 0.625], "texture": "#0"},
				"down": {"uv": [4.5, 6.5, 4.625, 5.625], "texture": "#0"}
			}
		},
		{
			"name": "arm1",
			"from": [2, 11.5, 5],
			"to": [3.5, 18.25, 11],
			"rotation": {"angle": 0, "axis": "z", "origin": [3.5, 17.25, 7.25]},
			"faces": {
				"north": {"uv": [4, 4, 4.25, 5.125], "texture": "#0"},
				"east": {"uv": [12.125, 0.25, 12.375, 0.5], "texture": "#0"},
				"south": {"uv": [5.25, 4, 5.5, 5.125], "texture": "#0"},
				"west": {"uv": [4, 4, 3, 5.125], "texture": "#0"},
				"up": {"uv": [4.25, 4, 4, 3], "texture": "#0"},
				"down": {"uv": [1.25, 4, 1.5, 5], "texture": "#0"}
			}
		},
		{
			"name": "arm1_inverted",
			"from": [3.5, 18.25, 11],
			"to": [2, 11.5, 5],
			"rotation": {"angle": 0, "axis": "z", "origin": [0.5, 5.75, 2.75]},
			"faces": {
				"north": {"uv": [5.25, 5.125, 5.5, 4], "texture": "#0"},
				"east": {"uv": [4, 5.125, 3, 4], "texture": "#0"},
				"south": {"uv": [4, 5.125, 4.25, 4], "texture": "#0"},
				"west": {"uv": [12.125, 0.5, 12.375, 0.25], "texture": "#0"},
				"up": {"uv": [1.5, 4, 1.25, 5], "texture": "#0"},
				"down": {"uv": [4, 4, 4.25, 3], "texture": "#0"}
			}
		}
	],
	"display": {
		"thirdperson_righthand": {
			"rotation": [90, 0, 0],
			"translation": [-6, -2.5, -13],
			"scale": [2.5, 2.5, 2.5]
		},
		"thirdperson_lefthand": {
			"rotation": [90, 0, 0],
			"translation": [-6, -2.5, -13],
			"scale": [2.5, 2.5, 2.5]
		},
		"firstperson_righthand": {
			"translation": [0, -1, 0]
		},
		"head": {
			"translation": [0, -44.8, 0.8],
			"scale": [4, 4, 4]
		}
	},
	"groups": [
		{
			"name": "arm1",
			"origin": [0, 31, 0],
			"shade": false,
			"children": [0, 1, 2, 3]
		}
	]
}