{
	"credit": "Made with Blockbench",
	"parent": "iron_golem",
	"texture_size": [128, 128],
	"textures": {
		"0": "custom/morph_boss",
		"particle": "custom/morph_boss"
	},
	"elements": [
		{
			"name": "arm0_inverted",
			"from": [2.75, 11.5, 10.25],
			"to": [2, 2.5, 5],
			"rotation": {"angle": -45, "axis": "z", "origin": [3.5, 17.25, 8.25]},
			"faces": {
				"north": {"uv": [5.5, 8, 5.625, 6.5], "texture": "#0"},
				"east": {"uv": [4.5, 8, 3.625, 6.5], "texture": "#0"},
				"south": {"uv": [4.5, 8, 4.625, 6.5], "texture": "#0"},
				"west": {"uv": [5.5, 8, 4.625, 6.5], "texture": "#0"},
				"up": {"uv": [12.25, 0.375, 12.375, 0.625], "texture": "#0"},
				"down": {"uv": [4.5, 6.5, 4.625, 5.625], "texture": "#0"}
			}
		},
		{
			"name": "arm0",
			"from": [2, 2.5, 5],
			"to": [2.75, 11.5, 10.25],
			"rotation": {"angle": -45, "axis": "z", "origin": [3.5, 17.25, 8.25]},
			"faces": {
				"north": {"uv": [4.5, 6.5, 4.625, 8], "texture": "#0"},
				"east": {"uv": [5.5, 6.5, 4.625, 8], "texture": "#0"},
				"south": {"uv": [5.5, 6.5, 5.625, 8], "texture": "#0"},
				"west": {"uv": [4.5, 6.5, 3.625, 8], "texture": "#0"},
				"up": {"uv": [4.625, 6.5, 4.5, 5.625], "texture": "#0"},
				"down": {"uv": [4.75, 5.625, 4.625, 6.5], "texture": "#0"}
			}
		},
		{
			"name": "arm1_inverted",
			"from": [3.5, 18.25, 11],
			"to": [2, 11.5, 5],
			"rotation": {"angle": -45, "axis": "z", "origin": [3.5, 17.25, 8.25]},
			"faces": {
				"north": {"uv": [5.25, 5.125, 5.5, 4], "texture": "#0"},
				"east": {"uv": [4, 5.125, 3, 4], "texture": "#0"},
				"south": {"uv": [4, 5.125, 4.25, 4], "texture": "#0"},
				"west": {"uv": [12.125, 0.5, 12.375, 0.25], "texture": "#0"},
				"up": {"uv": [1.5, 4, 1.25, 5], "texture": "#0"},
				"down": {"uv": [4, 4, 4.25, 3], "texture": "#0"}
			}
		},
		{
			"name": "arm1",
			"from": [2, 11.5, 5],
			"to": [3.5, 18.25, 11],
			"rotation": {"angle": -45, "axis": "z", "origin": [3.5, 17.25, 8.25]},
			"faces": {
				"north": {"uv": [4, 4, 4.25, 5.125], "texture": "#0"},
				"east": {"uv": [12.125, 0.25, 12.375, 0.5], "texture": "#0"},
				"south": {"uv": [5.25, 4, 5.5, 5.125], "texture": "#0"},
				"west": {"uv": [4, 4, 3, 5.125], "texture": "#0"},
				"up": {"uv": [4.25, 4, 4, 3], "texture": "#0"},
				"down": {"uv": [1.25, 4, 1.5, 5], "texture": "#0"}
			}
		},
		{
			"name": "arm1_inverted",
			"from": [14, 11.5, 10.25],
			"to": [13.25, 2.5, 5],
			"rotation": {"angle": 45, "axis": "z", "origin": [12.5, 17.25, 8]},
			"faces": {
				"north": {"uv": [6.5, 4, 6.625, 2.5], "texture": "#0"},
				"east": {"uv": [5.625, 4, 6.5, 2.5], "texture": "#0"},
				"south": {"uv": [5.5, 4, 5.625, 2.5], "texture": "#0"},
				"west": {"uv": [4.625, 4, 5.5, 2.5], "texture": "#0"},
				"up": {"uv": [5.625, 1.625, 5.75, 2.5], "texture": "#0"},
				"down": {"uv": [5.5, 2.5, 5.625, 1.625], "texture": "#0"}
			}
		},
		{
			"name": "arm1",
			"from": [13.25, 2.5, 5],
			"to": [14, 11.5, 10.25],
			"rotation": {"angle": 45, "axis": "z", "origin": [12.5, 17.25, 8]},
			"faces": {
				"north": {"uv": [5.5, 2.5, 5.625, 4], "texture": "#0"},
				"east": {"uv": [4.625, 2.5, 5.5, 4], "texture": "#0"},
				"south": {"uv": [6.5, 2.5, 6.625, 4], "texture": "#0"},
				"west": {"uv": [5.625, 2.5, 6.5, 4], "texture": "#0"},
				"up": {"uv": [5.625, 2.5, 5.5, 1.625], "texture": "#0"},
				"down": {"uv": [5.75, 1.625, 5.625, 2.5], "texture": "#0"}
			}
		},
		{
			"name": "arm_inverted",
			"from": [14, 18.25, 11],
			"to": [12.5, 11.5, 5],
			"rotation": {"angle": 45, "axis": "z", "origin": [12.5, 17.25, 8]},
			"faces": {
				"north": {"uv": [2.25, 6.125, 2.5, 5], "texture": "#0"},
				"east": {"uv": [12.125, 0.5, 12.375, 0.25], "texture": "#0"},
				"south": {"uv": [1, 6.125, 1.25, 5], "texture": "#0"},
				"west": {"uv": [0, 6.125, 1, 5], "texture": "#0"},
				"up": {"uv": [1.25, 4, 1.5, 5], "texture": "#0"},
				"down": {"uv": [1, 5, 1.25, 4], "texture": "#0"}
			}
		},
		{
			"name": "arm2",
			"from": [12.5, 11.5, 5],
			"to": [14, 18.25, 11],
			"rotation": {"angle": 45, "axis": "z", "origin": [12.5, 17.25, 8]},
			"faces": {
				"north": {"uv": [1, 5, 1.25, 6.125], "texture": "#0"},
				"east": {"uv": [0, 5, 1, 6.125], "texture": "#0"},
				"south": {"uv": [2.25, 5, 2.5, 6.125], "texture": "#0"},
				"west": {"uv": [12.125, 0.25, 12.375, 0.5], "texture": "#0"},
				"up": {"uv": [1.25, 5, 1, 4], "texture": "#0"},
				"down": {"uv": [1.5, 4, 1.25, 5], "texture": "#0"}
			}
		},
		{
			"name": "leg0",
			"from": [5.375, -7.25, 7.25],
			"to": [6.875, 8.5, 8.75],
			"rotation": {"angle": 0, "axis": "y", "origin": [14.75, 2.5, 14.75]},
			"faces": {
				"north": {"uv": [1.25, 6.375, 1.5, 9], "texture": "#0"},
				"east": {"uv": [1, 6.375, 1.25, 9], "texture": "#0"},
				"south": {"uv": [1.75, 6.375, 2, 9], "texture": "#0"},
				"west": {"uv": [1.5, 6.375, 1.75, 9], "texture": "#0"},
				"up": {"uv": [1.5, 6.375, 1.25, 6.125], "texture": "#0"},
				"down": {"uv": [1.75, 6.125, 1.5, 6.375], "texture": "#0"}
			}
		},
		{
			"name": "leg1",
			"from": [9.125, -7.25, 7.25],
			"to": [10.625, 8.5, 8.75],
			"rotation": {"angle": 0, "axis": "y", "origin": [13.25, 2.5, 14]},
			"faces": {
				"north": {"uv": [0.25, 6.375, 0.5, 9], "texture": "#0"},
				"east": {"uv": [0, 6.375, 0.25, 9], "texture": "#0"},
				"south": {"uv": [0.75, 6.375, 1, 9], "texture": "#0"},
				"west": {"uv": [0.5, 6.375, 0.75, 9], "texture": "#0"},
				"up": {"uv": [0.5, 6.375, 0.25, 6.125], "texture": "#0"},
				"down": {"uv": [0.75, 6.125, 0.5, 6.375], "texture": "#0"}
			}
		},
		{
			"name": "Fin",
			"from": [8, 23.4625, 3.875],
			"to": [8, 25.525, 8.375],
			"rotation": {"angle": 0, "axis": "y", "origin": [8, 25.9, 4.4375]},
			"faces": {
				"north": {"uv": [3.5, 5.125, 3.5, 6.5], "texture": "#0"},
				"east": {"uv": [16, 4.375, 14.75, 5], "texture": "#0"},
				"south": {"uv": [4.5, 5.125, 4.5, 6.5], "texture": "#0"},
				"west": {"uv": [14.75, 4.375, 16, 5], "texture": "#0"},
				"up": {"uv": [3.5, 5.125, 3.5, 4.125], "texture": "#0"},
				"down": {"uv": [3.5, 4.125, 3.5, 5.125], "texture": "#0"}
			}
		},
		{
			"name": "Horn",
			"from": [9.875, 18.625, 3.375],
			"to": [10.625, 19.375, 5.25],
			"rotation": {"angle": 0, "axis": "y", "origin": [10.25, 19, 5.25]},
			"faces": {
				"north": {"uv": [11.25, 2.375, 11.5, 2.625], "texture": "#0"},
				"east": {"uv": [11.25, 3.5, 11.5, 4], "rotation": 90, "texture": "#0"},
				"south": {"uv": [11.5, 2.375, 11.75, 2.625], "texture": "#0"},
				"west": {"uv": [11, 3.5, 11.25, 4], "rotation": 270, "texture": "#0"},
				"up": {"uv": [11.75, 4, 11.5, 3.5], "texture": "#0"},
				"down": {"uv": [11.5, 3.5, 11.75, 4], "rotation": 180, "texture": "#0"}
			}
		},
		{
			"name": "Horn",
			"from": [5.375, 18.625, 3.375],
			"to": [6.125, 19.375, 5.25],
			"rotation": {"angle": 0, "axis": "y", "origin": [5.75, 19, 5.25]},
			"faces": {
				"north": {"uv": [11.25, 2.375, 11.5, 2.625], "texture": "#0"},
				"east": {"uv": [11.25, 3.5, 11.5, 4], "rotation": 90, "texture": "#0"},
				"south": {"uv": [11.5, 2.375, 11.75, 2.625], "texture": "#0"},
				"west": {"uv": [11, 3.5, 11.25, 4], "rotation": 270, "texture": "#0"},
				"up": {"uv": [11.75, 4, 11.5, 3.5], "texture": "#0"},
				"down": {"uv": [11.5, 3.5, 11.75, 4], "rotation": 180, "texture": "#0"}
			}
		},
		{
			"name": "Horn",
			"from": [9.875, 18.59645, 0.89351],
			"to": [10.625, 19.34645, 3.51851],
			"rotation": {"angle": 22.5, "axis": "x", "origin": [10.25, 18.97145, 3.51851]},
			"faces": {
				"north": {"uv": [11.25, 2.375, 11.5, 2.625], "texture": "#0"},
				"east": {"uv": [11.25, 2.625, 11.5, 3.5], "rotation": 90, "texture": "#0"},
				"south": {"uv": [11.25, 2.375, 11.5, 2.625], "texture": "#0"},
				"west": {"uv": [11, 2.625, 11.25, 3.5], "rotation": 270, "texture": "#0"},
				"up": {"uv": [11.5, 2.625, 11.75, 3.5], "texture": "#0"},
				"down": {"uv": [11.75, 2.625, 12, 3.5], "rotation": 180, "texture": "#0"}
			}
		},
		{
			"name": "Horn",
			"from": [5.375, 18.59645, 0.89351],
			"to": [6.125, 19.34645, 3.51851],
			"rotation": {"angle": 22.5, "axis": "x", "origin": [5.75, 18.97145, 3.51851]},
			"faces": {
				"north": {"uv": [11.25, 2.375, 11.5, 2.625], "texture": "#0"},
				"east": {"uv": [11.25, 2.625, 11.5, 3.5], "rotation": 90, "texture": "#0"},
				"south": {"uv": [11.25, 2.375, 11.5, 2.625], "texture": "#0"},
				"west": {"uv": [11, 2.625, 11.25, 3.5], "rotation": 270, "texture": "#0"},
				"up": {"uv": [11.5, 2.625, 11.75, 3.5], "texture": "#0"},
				"down": {"uv": [11.75, 2.625, 12, 3.5], "rotation": 180, "texture": "#0"}
			}
		},
		{
			"name": "head",
			"from": [5.75, 18.25, 3.875],
			"to": [10.25, 23.5, 8.375],
			"rotation": {"angle": 0, "axis": "y", "origin": [14, -0.5, 14]},
			"faces": {
				"north": {"uv": [13, 1, 14, 2.125], "texture": "#0"},
				"east": {"uv": [12, 1, 13, 2.125], "texture": "#0"},
				"south": {"uv": [15, 1, 16, 2.125], "texture": "#0"},
				"west": {"uv": [14, 1, 15, 2.125], "texture": "#0"},
				"up": {"uv": [13, 0, 14, 1], "texture": "#0"},
				"down": {"uv": [14, 0, 15, 1], "texture": "#0"}
			}
		},
		{
			"name": "Nose",
			"from": [7.25, 17.6875, 2.75],
			"to": [8.75, 20.3125, 3.875],
			"rotation": {"angle": 0, "axis": "y", "origin": [14, -0.3125, 15.5]},
			"faces": {
				"north": {"uv": [11.25, 0.25, 11.5, 0.75], "texture": "#0"},
				"east": {"uv": [11, 0.25, 11.25, 0.75], "texture": "#0"},
				"south": {"uv": [11.75, 0.25, 12, 0.75], "texture": "#0"},
				"west": {"uv": [11.5, 0.25, 11.75, 0.75], "texture": "#0"},
				"up": {"uv": [11.25, 0, 11.5, 0.25], "texture": "#0"},
				"down": {"uv": [11.5, 0, 11.75, 0.25], "texture": "#0"}
			}
		},
		{
			"name": "body",
			"from": [3.5, 10.75, 4.25],
			"to": [12.5, 18.25, 11.75],
			"rotation": {"angle": 0, "axis": "y", "origin": [14, -0.5, 14]},
			"faces": {
				"north": {"uv": [1.25, 1.25, 2.75, 2.5], "texture": "#0"},
				"east": {"uv": [0, 1.25, 1.25, 2.5], "texture": "#0"},
				"south": {"uv": [4, 1.25, 5.5, 2.5], "texture": "#0"},
				"west": {"uv": [2.75, 1.25, 4, 2.5], "texture": "#0"},
				"up": {"uv": [2.75, 1.25, 1.25, 0], "texture": "#0"},
				"down": {"uv": [4.25, 0, 2.75, 1.25], "texture": "#0"}
			}
		},
		{
			"name": "body",
			"from": [5, 7.75, 5],
			"to": [11, 10.75, 11],
			"rotation": {"angle": 0, "axis": "y", "origin": [13.25, 16, 12.5]},
			"faces": {
				"north": {"uv": [1, 3.5, 2, 4], "texture": "#0"},
				"east": {"uv": [0, 3.5, 1, 4], "texture": "#0"},
				"south": {"uv": [3, 3.5, 4, 4], "texture": "#0"},
				"west": {"uv": [2, 3.5, 3, 4], "texture": "#0"},
				"up": {"uv": [2, 3.5, 1, 2.5], "texture": "#0"},
				"down": {"uv": [3, 2.5, 2, 3.5], "texture": "#0"}
			}
		},
		{
			"name": "body",
			"from": [6.5, 9.25, 11],
			"to": [9.5, 11.5, 14.75],
			"rotation": {"angle": 45, "axis": "x", "origin": [8, 11.5, 11]},
			"faces": {
				"north": {"uv": [4.875, 0.625, 5.375, 1], "texture": "#0"},
				"east": {"uv": [4.25, 0.625, 4.875, 1], "texture": "#0"},
				"south": {"uv": [6, 0.625, 6.5, 1], "texture": "#0"},
				"west": {"uv": [5.375, 0.625, 6, 1], "texture": "#0"},
				"up": {"uv": [5.375, 0.625, 4.875, 0], "texture": "#0"},
				"down": {"uv": [5.875, 0, 5.375, 0.625], "texture": "#0"}
			}
		},
		{
			"name": "body",
			"from": [7.25, 7.375, 12.6875],
			"to": [8.75, 8.875, 16.4375],
			"rotation": {"angle": 22.5, "axis": "x", "origin": [8, 8.875, 12.6875]},
			"faces": {
				"north": {"uv": [6.375, 1.625, 6.625, 1.875], "texture": "#0"},
				"east": {"uv": [5.75, 1.625, 6.375, 1.875], "texture": "#0"},
				"south": {"uv": [7.25, 1.625, 7.5, 1.875], "texture": "#0"},
				"west": {"uv": [6.625, 1.625, 7.25, 1.875], "texture": "#0"},
				"up": {"uv": [6.625, 1.625, 6.375, 1], "texture": "#0"},
				"down": {"uv": [6.875, 1, 6.625, 1.625], "texture": "#0"}
			}
		},
		{
			"name": "body",
			"from": [7.625, 6.4, 15.6875],
			"to": [8.375, 7.15, 18.6875],
			"rotation": {"angle": 0, "axis": "y", "origin": [8, 7.15, 15.6875]},
			"faces": {
				"north": {"uv": [0.5, 0.5, 0.625, 0.625], "texture": "#0"},
				"east": {"uv": [0, 0.5, 0.5, 0.625], "texture": "#0"},
				"south": {"uv": [1.125, 0.5, 1.25, 0.625], "texture": "#0"},
				"west": {"uv": [0.625, 0.5, 1.125, 0.625], "texture": "#0"},
				"up": {"uv": [0.625, 0.5, 0.5, 0], "texture": "#0"},
				"down": {"uv": [0.75, 0, 0.625, 0.5], "texture": "#0"}
			}
		},
		{
			"name": "body",
			"from": [8, 4.15, 16.4375],
			"to": [8, 9.4, 21.6875],
			"rotation": {"angle": 0, "axis": "y", "origin": [8, 7.15, 16.4375]},
			"faces": {
				"north": {"uv": [12.375, 0.25, 12.75, 0.625], "texture": "#0"},
				"east": {"uv": [10.875, 0, 10, 0.875], "texture": "#0"},
				"south": {"uv": [12.375, 0.25, 12.75, 0.625], "texture": "#0"},
				"west": {"uv": [10, 0, 10.875, 0.875], "texture": "#0"},
				"up": {"uv": [12.375, 0.25, 12.75, 0.625], "texture": "#0"},
				"down": {"uv": [12.375, 0.25, 12.75, 0.625], "texture": "#0"}
			}
		},
		{
			"name": "Spike",
			"from": [11.75, 17.5, 7.625],
			"to": [12.5, 21.625, 8.375],
			"rotation": {"angle": -45, "axis": "z", "origin": [12.125, 17.5, 8]},
			"faces": {
				"north": {"uv": [11, 1, 11.25, 2.25], "texture": "#0"},
				"east": {"uv": [11.75, 1, 12, 2.25], "texture": "#0"},
				"south": {"uv": [11.5, 1, 11.75, 2.25], "texture": "#0"},
				"west": {"uv": [11.25, 1, 11.5, 2.25], "texture": "#0"},
				"up": {"uv": [11.25, 0.75, 11.5, 1], "texture": "#0"},
				"down": {"uv": [11.5, 0.75, 11.75, 1], "texture": "#0"}
			}
		},
		{
			"name": "Spike",
			"from": [3.5, 17.5, 7.625],
			"to": [4.25, 21.625, 8.375],
			"rotation": {"angle": 45, "axis": "z", "origin": [3.875, 17.5, 8]},
			"faces": {
				"north": {"uv": [11, 1, 11.25, 2.25], "texture": "#0"},
				"east": {"uv": [11.75, 1, 12, 2.25], "texture": "#0"},
				"south": {"uv": [11.5, 1, 11.75, 2.25], "texture": "#0"},
				"west": {"uv": [11.25, 1, 11.5, 2.25], "texture": "#0"},
				"up": {"uv": [11.25, 0.75, 11.5, 1], "texture": "#0"},
				"down": {"uv": [11.5, 0.75, 11.75, 1], "texture": "#0"}
			}
		},
		{
			"name": "Spike",
			"from": [5, 17.125, 11],
			"to": [5.75, 17.875, 15.125],
			"rotation": {"angle": -45, "axis": "x", "origin": [5.375, 17.5, 11]},
			"faces": {
				"north": {"uv": [11.5, 0.75, 11.75, 1], "rotation": 180, "texture": "#0"},
				"east": {"uv": [11.75, 1, 12, 2.25], "rotation": 270, "texture": "#0"},
				"south": {"uv": [11.25, 0.75, 11.5, 1], "texture": "#0"},
				"west": {"uv": [11.25, 1, 11.5, 2.25], "rotation": 90, "texture": "#0"},
				"up": {"uv": [11, 1, 11.25, 2.25], "rotation": 180, "texture": "#0"},
				"down": {"uv": [11.5, 1, 11.75, 2.25], "texture": "#0"}
			}
		},
		{
			"name": "Spike",
			"from": [10.25, 17.125, 11],
			"to": [11, 17.875, 15.125],
			"rotation": {"angle": -45, "axis": "x", "origin": [10.625, 17.5, 11]},
			"faces": {
				"north": {"uv": [11.5, 0.75, 11.75, 1], "rotation": 180, "texture": "#0"},
				"east": {"uv": [11.75, 1, 12, 2.25], "rotation": 270, "texture": "#0"},
				"south": {"uv": [11.25, 0.75, 11.5, 1], "texture": "#0"},
				"west": {"uv": [11.25, 1, 11.5, 2.25], "rotation": 90, "texture": "#0"},
				"up": {"uv": [11, 1, 11.25, 2.25], "rotation": 180, "texture": "#0"},
				"down": {"uv": [11.5, 1, 11.75, 2.25], "texture": "#0"}
			}
		}
	],
	"display": {
		"thirdperson_righthand": {
			"rotation": [90, 0, 0],
			"translation": [-6, -2.5, 11],
			"scale": [2.5, 2.5, 2.5]
		},
		"thirdperson_lefthand": {
			"rotation": [90, 0, 0],
			"translation": [-6, -2.5, 11],
			"scale": [2.5, 2.5, 2.5]
		},
		"firstperson_righthand": {
			"translation": [0, -1, 0]
		},
		"head": {
			"translation": [0, -6.4, 0.8],
			"scale": [4, 4, 4]
		}
	},
	"groups": [
		{
			"name": "arm1",
			"origin": [0, 31, 0],
			"shade": false,
			"children": [0, 1, 2, 3]
		},
		{
			"name": "arm2",
			"origin": [0, 31, 0],
			"shade": false,
			"children": [4, 5, 6, 7]
		},
		{
			"name": "leg1",
			"origin": [-4, 13, 0],
			"shade": false,
			"children": [8]
		},
		{
			"name": "leg2",
			"origin": [5, 13, 0],
			"shade": false,
			"children": [9]
		},
		{
			"name": "head",
			"origin": [0, 31, -2],
			"shade": false,
			"children": [10, 11, 12, 13, 14, 15, 16]
		},
		{
			"name": "body",
			"origin": [0, 31, 0],
			"shade": false,
			"children": [17, 18, 19, 20, 21, 22, 23, 24, 25, 26]
		}
	]
}