{
	"credit": "Made with Blockbench",
	"parent": "iron_golem",
	"texture_size": [128, 128],
	"textures": {
		"0": "custom/morph_boss",
		"particle": "custom/morph_boss"
	},
	"elements": [
		{
			"name": "Fin",
			"from": [8, 23.4625, 3.875],
			"to": [8, 25.525, 8.375],
			"rotation": {"angle": 0, "axis": "x", "origin": [8, 25.9, 4.4375]},
			"faces": {
				"north": {"uv": [3.5, 5.125, 3.5, 6.5], "texture": "#0"},
				"east": {"uv": [16, 4.375, 14.75, 5], "texture": "#0"},
				"south": {"uv": [4.5, 5.125, 4.5, 6.5], "texture": "#0"},
				"west": {"uv": [14.75, 4.375, 16, 5], "texture": "#0"},
				"up": {"uv": [3.5, 5.125, 3.5, 4.125], "texture": "#0"},
				"down": {"uv": [3.5, 4.125, 3.5, 5.125], "texture": "#0"}
			}
		},
		{
			"name": "Horn",
			"from": [9.875, 18.625, 3.375],
			"to": [10.625, 19.375, 5.25],
			"rotation": {"angle": 0, "axis": "x", "origin": [10.25, 19, 5.25]},
			"faces": {
				"north": {"uv": [11.25, 2.375, 11.5, 2.625], "texture": "#0"},
				"east": {"uv": [11.25, 3.5, 11.5, 4], "rotation": 90, "texture": "#0"},
				"south": {"uv": [11.5, 2.375, 11.75, 2.625], "texture": "#0"},
				"west": {"uv": [11, 3.5, 11.25, 4], "rotation": 270, "texture": "#0"},
				"up": {"uv": [11.75, 4, 11.5, 3.5], "texture": "#0"},
				"down": {"uv": [11.5, 3.5, 11.75, 4], "rotation": 180, "texture": "#0"}
			}
		},
		{
			"name": "Horn",
			"from": [5.375, 18.625, 3.375],
			"to": [6.125, 19.375, 5.25],
			"rotation": {"angle": 0, "axis": "x", "origin": [5.75, 19, 5.25]},
			"faces": {
				"north": {"uv": [11.25, 2.375, 11.5, 2.625], "texture": "#0"},
				"east": {"uv": [11.25, 3.5, 11.5, 4], "rotation": 90, "texture": "#0"},
				"south": {"uv": [11.5, 2.375, 11.75, 2.625], "texture": "#0"},
				"west": {"uv": [11, 3.5, 11.25, 4], "rotation": 270, "texture": "#0"},
				"up": {"uv": [11.75, 4, 11.5, 3.5], "texture": "#0"},
				"down": {"uv": [11.5, 3.5, 11.75, 4], "rotation": 180, "texture": "#0"}
			}
		},
		{
			"name": "Horn",
			"from": [9.875, 18.59645, 0.89351],
			"to": [10.625, 19.34645, 3.51851],
			"rotation": {"angle": 22.5, "axis": "x", "origin": [10.25, 18.97145, 3.51851]},
			"faces": {
				"north": {"uv": [11.25, 2.375, 11.5, 2.625], "texture": "#0"},
				"east": {"uv": [11.25, 2.625, 11.5, 3.5], "rotation": 90, "texture": "#0"},
				"south": {"uv": [11.25, 2.375, 11.5, 2.625], "texture": "#0"},
				"west": {"uv": [11, 2.625, 11.25, 3.5], "rotation": 270, "texture": "#0"},
				"up": {"uv": [11.5, 2.625, 11.75, 3.5], "texture": "#0"},
				"down": {"uv": [11.75, 2.625, 12, 3.5], "rotation": 180, "texture": "#0"}
			}
		},
		{
			"name": "Horn",
			"from": [5.375, 18.59645, 0.89351],
			"to": [6.125, 19.34645, 3.51851],
			"rotation": {"angle": 22.5, "axis": "x", "origin": [5.75, 18.97145, 3.51851]},
			"faces": {
				"north": {"uv": [11.25, 2.375, 11.5, 2.625], "texture": "#0"},
				"east": {"uv": [11.25, 2.625, 11.5, 3.5], "rotation": 90, "texture": "#0"},
				"south": {"uv": [11.25, 2.375, 11.5, 2.625], "texture": "#0"},
				"west": {"uv": [11, 2.625, 11.25, 3.5], "rotation": 270, "texture": "#0"},
				"up": {"uv": [11.5, 2.625, 11.75, 3.5], "texture": "#0"},
				"down": {"uv": [11.75, 2.625, 12, 3.5], "rotation": 180, "texture": "#0"}
			}
		},
		{
			"name": "head",
			"from": [5.75, 18.25, 3.875],
			"to": [10.25, 23.5, 8.375],
			"rotation": {"angle": 0, "axis": "y", "origin": [14, -0.5, 14]},
			"faces": {
				"north": {"uv": [13, 1, 14, 2.125], "texture": "#0"},
				"east": {"uv": [12, 1, 13, 2.125], "texture": "#0"},
				"south": {"uv": [15, 1, 16, 2.125], "texture": "#0"},
				"west": {"uv": [14, 1, 15, 2.125], "texture": "#0"},
				"up": {"uv": [13, 0, 14, 1], "texture": "#0"},
				"down": {"uv": [14, 0, 15, 1], "texture": "#0"}
			}
		},
		{
			"name": "Nose",
			"from": [7.25, 17.6875, 2.75],
			"to": [8.75, 20.3125, 3.875],
			"rotation": {"angle": 0, "axis": "y", "origin": [14, -0.3125, 15.5]},
			"faces": {
				"north": {"uv": [11.25, 0.25, 11.5, 0.75], "texture": "#0"},
				"east": {"uv": [11, 0.25, 11.25, 0.75], "texture": "#0"},
				"south": {"uv": [11.75, 0.25, 12, 0.75], "texture": "#0"},
				"west": {"uv": [11.5, 0.25, 11.75, 0.75], "texture": "#0"},
				"up": {"uv": [11.25, 0, 11.5, 0.25], "texture": "#0"},
				"down": {"uv": [11.5, 0, 11.75, 0.25], "texture": "#0"}
			}
		}
	],
	"display": {
		"thirdperson_righthand": {
			"rotation": [90, 0, 0],
			"translation": [-6, -2.5, -13],
			"scale": [2.5, 2.5, 2.5]
		},
		"thirdperson_lefthand": {
			"rotation": [90, 0, 0],
			"translation": [-6, -2.5, -13],
			"scale": [2.5, 2.5, 2.5]
		},
		"firstperson_righthand": {
			"translation": [0, -1, 0]
		},
		"head": {
			"translation": [0, -44.8, 0.8],
			"scale": [4, 4, 4]
		}
	},
	"groups": [
		{
			"name": "head",
			"origin": [0, 31, -2],
			"shade": false,
			"children": [0, 1, 2, 3, 4, 5, 6]
		}
	]
}