{
	"credit": "Made with Blockbench",
	"parent": "iron_golem",
	"texture_size": [128, 128],
	"textures": {
		"0": "custom/phantom_golem",
		"particle": "custom/phantom_golem"
	},
	"elements": [
		{
			"name": "leg0",
			"from": [2.5, -11, 6],
			"to": [6.5, 3, 10],
			"rotation": {"angle": 0, "axis": "y", "origin": [16, -5, 17]},
			"faces": {
				"north": {"uv": [0.5, 7.25, 1, 9], "texture": "#0"},
				"east": {"uv": [0, 7.25, 0.5, 9], "texture": "#0"},
				"south": {"uv": [1.5, 7.25, 2, 9], "texture": "#0"},
				"west": {"uv": [1, 7.25, 1.5, 9], "texture": "#0"},
				"up": {"uv": [1, 7.25, 0.5, 6.75], "texture": "#0"},
				"down": {"uv": [1.5, 6.75, 1, 7.25], "texture": "#0"}
			}
		}
	],
	"display": {
		"thirdperson_righthand": {
			"rotation": [90, 0, 0],
			"translation": [-6, -2, 17.5],
			"scale": [1.25, 1.25, 1.25]
		},
		"thirdperson_lefthand": {
			"rotation": [90, 0, 0],
			"translation": [-6, -2, 17.5],
			"scale": [1.25, 1.25, 1.25]
		},
		"firstperson_righthand": {
			"translation": [0, -1, 0]
		},
		"head": {
			"translation": [0, 4, 0],
			"scale": [2, 2, 2]
		}
	},
	"groups": [
		{
			"name": "leg1",
			"origin": [-4, 13, 0],
			"shade": false,
			"children": [0]
		}
	]
}