{
	"credit": "Made with Blockbench",
	"parent": "iron_golem",
	"texture_size": [128, 128],
	"textures": {
		"0": "custom/phantom_golem",
		"particle": "custom/phantom_golem"
	},
	"elements": [
		{
			"name": "arm0",
			"from": [-2, -5, 4],
			"to": [-1, 7, 11],
			"rotation": {"angle": 0, "axis": "y", "origin": [0, 15, 7]},
			"faces": {
				"north": {"uv": [6.875, 6.875, 7, 8.375], "texture": "#0"},
				"east": {"uv": [7.875, 6.875, 7, 8.375], "texture": "#0"},
				"south": {"uv": [7.875, 6.875, 8, 8.375], "texture": "#0"},
				"west": {"uv": [6.875, 6.875, 6, 8.375], "texture": "#0"},
				"up": {"uv": [7, 6.875, 6.875, 6], "texture": "#0"},
				"down": {"uv": [7.125, 6, 7, 6.875], "texture": "#0"}
			}
		},
		{
			"name": "arm0_inverted",
			"from": [-1, 7, 11],
			"to": [-2, -5, 4],
			"rotation": {"angle": 0, "axis": "y", "origin": [0, 15, 7]},
			"faces": {
				"north": {"uv": [7.875, 8.375, 8, 6.875], "texture": "#0"},
				"east": {"uv": [6.875, 8.375, 6, 6.875], "texture": "#0"},
				"south": {"uv": [6.875, 8.375, 7, 6.875], "texture": "#0"},
				"west": {"uv": [7.875, 8.375, 7, 6.875], "texture": "#0"},
				"up": {"uv": [7, 6, 7.125, 6.875], "texture": "#0"},
				"down": {"uv": [6.875, 6.875, 7, 6], "texture": "#0"}
			}
		},
		{
			"name": "arm1",
			"from": [-2, 7, 4],
			"to": [0, 16, 12],
			"rotation": {"angle": 0, "axis": "y", "origin": [0, 15, 7]},
			"faces": {
				"north": {"uv": [1, 5, 1.25, 6.125], "texture": "#0"},
				"east": {"uv": [2.25, 5, 1.25, 6.125], "texture": "#0"},
				"south": {"uv": [2.25, 5, 2.5, 6.125], "texture": "#0"},
				"west": {"uv": [1, 5, 0, 6.125], "texture": "#0"},
				"up": {"uv": [1.25, 5, 1, 4], "texture": "#0"},
				"down": {"uv": [1.25, 4, 1.5, 5], "texture": "#0"}
			}
		},
		{
			"name": "arm1_inverted",
			"from": [0, 16, 12],
			"to": [-2, 7, 4],
			"rotation": {"angle": 0, "axis": "y", "origin": [0, 15, 7]},
			"faces": {
				"north": {"uv": [2.25, 6.125, 2.5, 5], "texture": "#0"},
				"east": {"uv": [1, 6.125, 0, 5], "texture": "#0"},
				"south": {"uv": [1, 6.125, 1.25, 5], "texture": "#0"},
				"west": {"uv": [5.875, 0.375, 5.625, 0.125], "texture": "#0"},
				"up": {"uv": [1.5, 4, 1.25, 5], "texture": "#0"},
				"down": {"uv": [1, 5, 1.25, 4], "texture": "#0"}
			}
		}
	],
	"display": {
		"thirdperson_righthand": {
			"rotation": [90, 0, 0],
			"translation": [-6, -2, -3.5],
			"scale": [2.5, 2.5, 2.5]
		},
		"thirdperson_lefthand": {
			"rotation": [90, 0, 0],
			"translation": [-6, -2, -3.5],
			"scale": [2.5, 2.5, 2.5]
		},
		"firstperson_righthand": {
			"translation": [0, -1, 0]
		},
		"head": {
			"translation": [0, -23.3, 0],
			"scale": [2.857, 2.857, 2.857]
		}
	},
	"groups": [
		{
			"name": "arm1",
			"origin": [0, 31, 0],
			"shade": false,
			"children": [0, 1, 2, 3]
		}
	]
}