{
	"credit": "Made with Blockbench",
	"parent": "iron_golem",
	"texture_size": [128, 128],
	"textures": {
		"0": "custom/phantom_golem",
		"particle": "custom/phantom_golem"
	},
	"elements": [
		{
			"name": "body",
			"from": [0, 6, 3],
			"to": [16, 16, 13],
			"rotation": {"angle": 0, "axis": "y", "origin": [16, -9, 16]},
			"faces": {
				"north": {"uv": [1.25, 1.25, 3.25, 2.5], "texture": "#0"},
				"east": {"uv": [0, 1.25, 1.25, 2.5], "texture": "#0"},
				"south": {"uv": [4.5, 1.25, 6.5, 2.5], "texture": "#0"},
				"west": {"uv": [3.25, 1.25, 4.5, 2.5], "texture": "#0"},
				"up": {"uv": [3.25, 1.25, 1.25, 0], "texture": "#0"},
				"down": {"uv": [5.25, 0, 3.25, 1.25], "texture": "#0"}
			}
		},
		{
			"name": "body",
			"from": [3, 2, 4],
			"to": [13, 6, 12],
			"rotation": {"angle": 0, "axis": "y", "origin": [15, 13, 14]},
			"faces": {
				"north": {"uv": [1, 3.5, 2.25, 4], "texture": "#0"},
				"east": {"uv": [0, 3.5, 1, 4], "texture": "#0"},
				"south": {"uv": [3.25, 3.5, 4.5, 4], "texture": "#0"},
				"west": {"uv": [2.25, 3.5, 3.25, 4], "texture": "#0"},
				"up": {"uv": [2.25, 3.5, 1, 2.5], "texture": "#0"},
				"down": {"uv": [5.25, 0, 3.25, 1.25], "texture": "#0"}
			}
		},
		{
			"name": "body",
			"from": [6, 4, 12],
			"to": [10, 7, 17],
			"rotation": {"angle": 45, "axis": "x", "origin": [8, 7, 12]},
			"faces": {
				"north": {"uv": [4.125, 3.125, 4.625, 3.5], "texture": "#0"},
				"east": {"uv": [3.5, 3.125, 4.125, 3.5], "texture": "#0"},
				"south": {"uv": [5.25, 3.125, 5.75, 3.5], "texture": "#0"},
				"west": {"uv": [4.625, 3.125, 5.25, 3.5], "texture": "#0"},
				"up": {"uv": [4.625, 3.125, 4.125, 2.5], "texture": "#0"},
				"down": {"uv": [5.125, 2.5, 4.625, 3.125], "texture": "#0"}
			}
		},
		{
			"name": "body",
			"from": [7, 1.5, 14.25],
			"to": [9, 3.5, 19.25],
			"rotation": {"angle": 22.5, "axis": "x", "origin": [8, 3.5, 14.25]},
			"faces": {
				"north": {"uv": [2.125, 4.625, 2.375, 4.875], "texture": "#0"},
				"east": {"uv": [1.5, 4.625, 2.125, 4.875], "texture": "#0"},
				"south": {"uv": [3, 4.625, 3.25, 4.875], "texture": "#0"},
				"west": {"uv": [2.375, 4.625, 3, 4.875], "texture": "#0"},
				"up": {"uv": [2.375, 4.625, 2.125, 4], "texture": "#0"},
				"down": {"uv": [2.625, 4, 2.375, 4.625], "texture": "#0"}
			}
		},
		{
			"name": "body",
			"from": [7.5, 0.2, 18.25],
			"to": [8.5, 1.2, 22.25],
			"rotation": {"angle": 0, "axis": "y", "origin": [8, 1.2, 18.25]},
			"faces": {
				"north": {"uv": [0.5, 0.5, 0.625, 0.625], "texture": "#0"},
				"east": {"uv": [0, 0.5, 0.5, 0.625], "texture": "#0"},
				"south": {"uv": [1.125, 0.5, 1.25, 0.625], "texture": "#0"},
				"west": {"uv": [0.625, 0.5, 1.125, 0.625], "texture": "#0"},
				"up": {"uv": [0.625, 0.5, 0.5, 0], "texture": "#0"},
				"down": {"uv": [0.75, 0, 0.625, 0.5], "texture": "#0"}
			}
		}
	],
	"display": {
		"thirdperson_righthand": {
			"rotation": [90, 0, 0],
			"translation": [-6, -2, 17.5],
			"scale": [1.25, 1.25, 1.25]
		},
		"thirdperson_lefthand": {
			"rotation": [90, 0, 0],
			"translation": [-6, -2, 17.5],
			"scale": [1.25, 1.25, 1.25]
		},
		"firstperson_righthand": {
			"translation": [0, -1, 0]
		},
		"head": {
			"translation": [0, 4, 0],
			"scale": [2, 2, 2]
		}
	},
	"groups": [
		{
			"name": "body",
			"origin": [0, 31, 0],
			"shade": false,
			"children": [0, 1, 2, 3, 4]
		}
	]
}