{
	"credit": "Made with Blockbench",
	"parent": "iron_golem",
	"texture_size": [128, 128],
	"textures": {
		"0": "custom/phantom_golem",
		"particle": "custom/phantom_golem"
	},
	"elements": [
		{
			"name": "arm0",
			"from": [-2, -5, 4],
			"to": [-1, 7, 11],
			"rotation": {"angle": 0, "axis": "y", "origin": [0, 15, 7]},
			"faces": {
				"north": {"uv": [6.875, 6.875, 7, 8.375], "texture": "#0"},
				"east": {"uv": [7.875, 6.875, 7, 8.375], "texture": "#0"},
				"south": {"uv": [7.875, 6.875, 8, 8.375], "texture": "#0"},
				"west": {"uv": [6.875, 6.875, 6, 8.375], "texture": "#0"},
				"up": {"uv": [7, 6.875, 6.875, 6], "texture": "#0"},
				"down": {"uv": [7.125, 6, 7, 6.875], "texture": "#0"}
			}
		},
		{
			"name": "arm0_inverted",
			"from": [-1, 7, 11],
			"to": [-2, -5, 4],
			"rotation": {"angle": 0, "axis": "y", "origin": [0, 15, 7]},
			"faces": {
				"north": {"uv": [7.875, 8.375, 8, 6.875], "texture": "#0"},
				"east": {"uv": [6.875, 8.375, 6, 6.875], "texture": "#0"},
				"south": {"uv": [6.875, 8.375, 7, 6.875], "texture": "#0"},
				"west": {"uv": [7.875, 8.375, 7, 6.875], "texture": "#0"},
				"up": {"uv": [7, 6, 7.125, 6.875], "texture": "#0"},
				"down": {"uv": [6.875, 6.875, 7, 6], "texture": "#0"}
			}
		},
		{
			"name": "arm1",
			"from": [-2, 7, 4],
			"to": [0, 16, 12],
			"rotation": {"angle": 0, "axis": "y", "origin": [0, 15, 7]},
			"faces": {
				"north": {"uv": [1, 5, 1.25, 6.125], "texture": "#0"},
				"east": {"uv": [2.25, 5, 1.25, 6.125], "texture": "#0"},
				"south": {"uv": [2.25, 5, 2.5, 6.125], "texture": "#0"},
				"west": {"uv": [1, 5, 0, 6.125], "texture": "#0"},
				"up": {"uv": [1.25, 5, 1, 4], "texture": "#0"},
				"down": {"uv": [1.25, 4, 1.5, 5], "texture": "#0"}
			}
		},
		{
			"name": "arm1_inverted",
			"from": [0, 16, 12],
			"to": [-2, 7, 4],
			"rotation": {"angle": 0, "axis": "y", "origin": [0, 15, 7]},
			"faces": {
				"north": {"uv": [2.25, 6.125, 2.5, 5], "texture": "#0"},
				"east": {"uv": [1, 6.125, 0, 5], "texture": "#0"},
				"south": {"uv": [1, 6.125, 1.25, 5], "texture": "#0"},
				"west": {"uv": [5.875, 0.375, 5.625, 0.125], "texture": "#0"},
				"up": {"uv": [1.5, 4, 1.25, 5], "texture": "#0"},
				"down": {"uv": [1, 5, 1.25, 4], "texture": "#0"}
			}
		},
		{
			"name": "arm1",
			"from": [17, -5, 4],
			"to": [18, 7, 11],
			"rotation": {"angle": 0, "axis": "y", "origin": [16, 15, 8]},
			"faces": {
				"north": {"uv": [4.875, 6.375, 5, 7.875], "texture": "#0"},
				"east": {"uv": [4, 6.375, 4.875, 7.875], "texture": "#0"},
				"south": {"uv": [5.875, 6.375, 6, 7.875], "texture": "#0"},
				"west": {"uv": [5, 6.375, 5.875, 7.875], "texture": "#0"},
				"up": {"uv": [5, 6.375, 4.875, 5.5], "texture": "#0"},
				"down": {"uv": [5, 5.5, 5.125, 6.375], "texture": "#0"}
			}
		},
		{
			"name": "arm1_inverted",
			"from": [18, 7, 11],
			"to": [17, -5, 4],
			"rotation": {"angle": 0, "axis": "y", "origin": [16, 15, 8]},
			"faces": {
				"north": {"uv": [5.875, 7.875, 6, 6.375], "texture": "#0"},
				"east": {"uv": [5, 7.875, 5.875, 6.375], "texture": "#0"},
				"south": {"uv": [4.875, 7.875, 5, 6.375], "texture": "#0"},
				"west": {"uv": [4, 7.875, 4.875, 6.375], "texture": "#0"},
				"up": {"uv": [5.125, 5.5, 5, 6.375], "texture": "#0"},
				"down": {"uv": [4.875, 6.375, 5, 5.5], "texture": "#0"}
			}
		},
		{
			"name": "arm2",
			"from": [16, 7, 4],
			"to": [18, 16, 12],
			"rotation": {"angle": 0, "axis": "y", "origin": [16, 15, 8]},
			"faces": {
				"north": {"uv": [2.5, 6.125, 2.75, 7.25], "texture": "#0"},
				"east": {"uv": [1.5, 6.125, 2.5, 7.25], "texture": "#0"},
				"south": {"uv": [3.75, 6.125, 4, 7.25], "texture": "#0"},
				"west": {"uv": [2.75, 6.125, 3.75, 7.25], "texture": "#0"},
				"up": {"uv": [2.75, 6.125, 2.5, 5.125], "texture": "#0"},
				"down": {"uv": [3, 5.125, 2.75, 6.125], "texture": "#0"}
			}
		},
		{
			"name": "arm2_inverted",
			"from": [18, 16, 12],
			"to": [16, 7, 4],
			"rotation": {"angle": 0, "axis": "y", "origin": [16, 15, 8]},
			"faces": {
				"north": {"uv": [3.75, 7.25, 4, 6.125], "texture": "#0"},
				"east": {"uv": [5.625, 0.375, 5.875, 0.125], "texture": "#0"},
				"south": {"uv": [2.5, 7.25, 2.75, 6.125], "texture": "#0"},
				"west": {"uv": [1.5, 7.25, 2.5, 6.125], "texture": "#0"},
				"up": {"uv": [2.75, 5.125, 3, 6.125], "texture": "#0"},
				"down": {"uv": [2.5, 6.125, 2.75, 5.125], "texture": "#0"}
			}
		},
		{
			"name": "leg0",
			"from": [2.5, -11, 6],
			"to": [6.5, 3, 10],
			"rotation": {"angle": 0, "axis": "y", "origin": [16, -5, 17]},
			"faces": {
				"north": {"uv": [0.5, 7.25, 1, 9], "texture": "#0"},
				"east": {"uv": [0, 7.25, 0.5, 9], "texture": "#0"},
				"south": {"uv": [1.5, 7.25, 2, 9], "texture": "#0"},
				"west": {"uv": [1, 7.25, 1.5, 9], "texture": "#0"},
				"up": {"uv": [1, 7.25, 0.5, 6.75], "texture": "#0"},
				"down": {"uv": [1.5, 6.75, 1, 7.25], "texture": "#0"}
			}
		},
		{
			"name": "leg1",
			"from": [9.5, -11, 6],
			"to": [13.5, 3, 10],
			"rotation": {"angle": 0, "axis": "y", "origin": [16, -5, 16]},
			"faces": {
				"north": {"uv": [6.5, 2.5, 7, 4.25], "texture": "#0"},
				"east": {"uv": [6, 2.5, 6.5, 4.25], "texture": "#0"},
				"south": {"uv": [7.5, 2.5, 8, 4.25], "texture": "#0"},
				"west": {"uv": [7, 2.5, 7.5, 4.25], "texture": "#0"},
				"up": {"uv": [7, 2.5, 6.5, 2], "texture": "#0"},
				"down": {"uv": [7.5, 2, 7, 2.5], "texture": "#0"}
			}
		},
		{
			"name": "head",
			"from": [5, 16, 2.5],
			"to": [11, 24, 8.5],
			"rotation": {"angle": 0, "axis": "y", "origin": [8, 16, 6]},
			"faces": {
				"north": {"uv": [9, 1, 10, 2.25], "texture": "#0"},
				"east": {"uv": [8, 1, 9, 2.25], "texture": "#0"},
				"south": {"uv": [11, 1, 12, 2.25], "texture": "#0"},
				"west": {"uv": [10, 1, 11, 2.25], "texture": "#0"},
				"up": {"uv": [10, 1, 9, 0], "texture": "#0"},
				"down": {"uv": [11, 0, 10, 0.875], "texture": "#0"}
			}
		},
		{
			"name": "head",
			"from": [7, 15, 1],
			"to": [9, 18.5, 2.5],
			"rotation": {"angle": 0, "axis": "y", "origin": [8, 16, 6]},
			"faces": {
				"north": {"uv": [5.5, 0.75, 5.75, 1.25], "texture": "#0"},
				"east": {"uv": [5.25, 0.75, 5.5, 1.25], "texture": "#0"},
				"south": {"uv": [6, 0.75, 6.25, 1.125], "texture": "#0"},
				"west": {"uv": [5.75, 0.75, 6, 1.25], "texture": "#0"},
				"up": {"uv": [5.75, 0.75, 5.5, 0.5], "texture": "#0"},
				"down": {"uv": [6, 0.5, 5.75, 0.75], "texture": "#0"}
			}
		},
		{
			"name": "body",
			"from": [0, 6, 3],
			"to": [16, 16, 13],
			"rotation": {"angle": 0, "axis": "y", "origin": [16, -9, 16]},
			"faces": {
				"north": {"uv": [1.25, 1.25, 3.25, 2.5], "texture": "#0"},
				"east": {"uv": [0, 1.25, 1.25, 2.5], "texture": "#0"},
				"south": {"uv": [4.5, 1.25, 6.5, 2.5], "texture": "#0"},
				"west": {"uv": [3.25, 1.25, 4.5, 2.5], "texture": "#0"},
				"up": {"uv": [3.25, 1.25, 1.25, 0], "texture": "#0"},
				"down": {"uv": [5.25, 0, 3.25, 1.25], "texture": "#0"}
			}
		},
		{
			"name": "body",
			"from": [3, 2, 4],
			"to": [13, 6, 12],
			"rotation": {"angle": 0, "axis": "y", "origin": [15, 13, 14]},
			"faces": {
				"north": {"uv": [1, 3.5, 2.25, 4], "texture": "#0"},
				"east": {"uv": [0, 3.5, 1, 4], "texture": "#0"},
				"south": {"uv": [3.25, 3.5, 4.5, 4], "texture": "#0"},
				"west": {"uv": [2.25, 3.5, 3.25, 4], "texture": "#0"},
				"up": {"uv": [2.25, 3.5, 1, 2.5], "texture": "#0"},
				"down": {"uv": [5.25, 0, 3.25, 1.25], "texture": "#0"}
			}
		},
		{
			"name": "body",
			"from": [6, 4, 12],
			"to": [10, 7, 17],
			"rotation": {"angle": 45, "axis": "x", "origin": [8, 7, 12]},
			"faces": {
				"north": {"uv": [4.125, 3.125, 4.625, 3.5], "texture": "#0"},
				"east": {"uv": [3.5, 3.125, 4.125, 3.5], "texture": "#0"},
				"south": {"uv": [5.25, 3.125, 5.75, 3.5], "texture": "#0"},
				"west": {"uv": [4.625, 3.125, 5.25, 3.5], "texture": "#0"},
				"up": {"uv": [4.625, 3.125, 4.125, 2.5], "texture": "#0"},
				"down": {"uv": [5.125, 2.5, 4.625, 3.125], "texture": "#0"}
			}
		},
		{
			"name": "body",
			"from": [7, 1.5, 14.25],
			"to": [9, 3.5, 19.25],
			"rotation": {"angle": 22.5, "axis": "x", "origin": [8, 3.5, 14.25]},
			"faces": {
				"north": {"uv": [2.125, 4.625, 2.375, 4.875], "texture": "#0"},
				"east": {"uv": [1.5, 4.625, 2.125, 4.875], "texture": "#0"},
				"south": {"uv": [3, 4.625, 3.25, 4.875], "texture": "#0"},
				"west": {"uv": [2.375, 4.625, 3, 4.875], "texture": "#0"},
				"up": {"uv": [2.375, 4.625, 2.125, 4], "texture": "#0"},
				"down": {"uv": [2.625, 4, 2.375, 4.625], "texture": "#0"}
			}
		},
		{
			"name": "body",
			"from": [7.5, 0.2, 18.25],
			"to": [8.5, 1.2, 22.25],
			"rotation": {"angle": 0, "axis": "y", "origin": [8, 1.2, 18.25]},
			"faces": {
				"north": {"uv": [0.5, 0.5, 0.625, 0.625], "texture": "#0"},
				"east": {"uv": [0, 0.5, 0.5, 0.625], "texture": "#0"},
				"south": {"uv": [1.125, 0.5, 1.25, 0.625], "texture": "#0"},
				"west": {"uv": [0.625, 0.5, 1.125, 0.625], "texture": "#0"},
				"up": {"uv": [0.625, 0.5, 0.5, 0], "texture": "#0"},
				"down": {"uv": [0.75, 0, 0.625, 0.5], "texture": "#0"}
			}
		}
	],
	"display": {
		"thirdperson_righthand": {
			"rotation": [90, 0, 0],
			"translation": [-6, -2, 17.5],
			"scale": [1.25, 1.25, 1.25]
		},
		"thirdperson_lefthand": {
			"rotation": [90, 0, 0],
			"translation": [-6, -2, 17.5],
			"scale": [1.25, 1.25, 1.25]
		},
		"firstperson_righthand": {
			"translation": [0, -1, 0]
		},
		"head": {
			"translation": [0, 4, 0],
			"scale": [2, 2, 2]
		}
	},
	"groups": [
		{
			"name": "arm1",
			"origin": [0, 31, 0],
			"shade": false,
			"children": [0, 1, 2, 3]
		},
		{
			"name": "arm2",
			"origin": [0, 31, 0],
			"shade": false,
			"children": [4, 5, 6, 7]
		},
		{
			"name": "leg1",
			"origin": [-4, 13, 0],
			"shade": false,
			"children": [8]
		},
		{
			"name": "leg2",
			"origin": [5, 13, 0],
			"shade": false,
			"children": [9]
		},
		{
			"name": "head",
			"origin": [0, 31, -2],
			"shade": false,
			"children": [10, 11]
		},
		{
			"name": "body",
			"origin": [0, 31, 0],
			"shade": false,
			"children": [12, 13, 14, 15, 16]
		}
	]
}