{
	"credit": "Made with Blockbench",
	"parent": "iron_golem",
	"texture_size": [128, 128],
	"textures": {
		"0": "custom/phantom_golem",
		"particle": "custom/phantom_golem"
	},
	"elements": [
		{
			"name": "leg1",
			"from": [9.5, -11, 6],
			"to": [13.5, 3, 10],
			"rotation": {"angle": 0, "axis": "y", "origin": [16, -5, 16]},
			"faces": {
				"north": {"uv": [6.5, 2.5, 7, 4.25], "texture": "#0"},
				"east": {"uv": [6, 2.5, 6.5, 4.25], "texture": "#0"},
				"south": {"uv": [7.5, 2.5, 8, 4.25], "texture": "#0"},
				"west": {"uv": [7, 2.5, 7.5, 4.25], "texture": "#0"},
				"up": {"uv": [7, 2.5, 6.5, 2], "texture": "#0"},
				"down": {"uv": [7.5, 2, 7, 2.5], "texture": "#0"}
			}
		}
	],
	"display": {
		"thirdperson_righthand": {
			"rotation": [90, 0, 0],
			"translation": [-6, -2, 17.5],
			"scale": [1.25, 1.25, 1.25]
		},
		"thirdperson_lefthand": {
			"rotation": [90, 0, 0],
			"translation": [-6, -2, 17.5],
			"scale": [1.25, 1.25, 1.25]
		},
		"firstperson_righthand": {
			"translation": [0, -1, 0]
		},
		"head": {
			"translation": [0, 4, 0],
			"scale": [2, 2, 2]
		}
	},
	"groups": [
		{
			"name": "leg2",
			"origin": [5, 13, 0],
			"shade": false,
			"children": [0]
		}
	]
}