{
	"credit": "Made with Blockbench",
	"parent": "iron_golem",
	"texture_size": [128, 128],
	"textures": {
		"0": "custom/phantom_golem",
		"particle": "custom/phantom_golem"
	},
	"elements": [
		{
			"name": "arm1",
			"from": [17, -5, 4],
			"to": [18, 7, 11],
			"rotation": {"angle": 0, "axis": "y", "origin": [16, 15, 8]},
			"faces": {
				"north": {"uv": [4.875, 6.375, 5, 7.875], "texture": "#0"},
				"east": {"uv": [4, 6.375, 4.875, 7.875], "texture": "#0"},
				"south": {"uv": [5.875, 6.375, 6, 7.875], "texture": "#0"},
				"west": {"uv": [5, 6.375, 5.875, 7.875], "texture": "#0"},
				"up": {"uv": [5, 6.375, 4.875, 5.5], "texture": "#0"},
				"down": {"uv": [5, 5.5, 5.125, 6.375], "texture": "#0"}
			}
		},
		{
			"name": "arm1_inverted",
			"from": [18, 7, 11],
			"to": [17, -5, 4],
			"rotation": {"angle": 0, "axis": "y", "origin": [16, 15, 8]},
			"faces": {
				"north": {"uv": [5.875, 7.875, 6, 6.375], "texture": "#0"},
				"east": {"uv": [5, 7.875, 5.875, 6.375], "texture": "#0"},
				"south": {"uv": [4.875, 7.875, 5, 6.375], "texture": "#0"},
				"west": {"uv": [4, 7.875, 4.875, 6.375], "texture": "#0"},
				"up": {"uv": [5.125, 5.5, 5, 6.375], "texture": "#0"},
				"down": {"uv": [4.875, 6.375, 5, 5.5], "texture": "#0"}
			}
		},
		{
			"name": "arm2",
			"from": [16, 7, 4],
			"to": [18, 16, 12],
			"rotation": {"angle": 0, "axis": "y", "origin": [16, 15, 8]},
			"faces": {
				"north": {"uv": [2.5, 6.125, 2.75, 7.25], "texture": "#0"},
				"east": {"uv": [1.5, 6.125, 2.5, 7.25], "texture": "#0"},
				"south": {"uv": [3.75, 6.125, 4, 7.25], "texture": "#0"},
				"west": {"uv": [2.75, 6.125, 3.75, 7.25], "texture": "#0"},
				"up": {"uv": [2.75, 6.125, 2.5, 5.125], "texture": "#0"},
				"down": {"uv": [3, 5.125, 2.75, 6.125], "texture": "#0"}
			}
		},
		{
			"name": "arm2_inverted",
			"from": [18, 16, 12],
			"to": [16, 7, 4],
			"rotation": {"angle": 0, "axis": "y", "origin": [16, 15, 8]},
			"faces": {
				"north": {"uv": [3.75, 7.25, 4, 6.125], "texture": "#0"},
				"east": {"uv": [5.625, 0.375, 5.875, 0.125], "texture": "#0"},
				"south": {"uv": [2.5, 7.25, 2.75, 6.125], "texture": "#0"},
				"west": {"uv": [1.5, 7.25, 2.5, 6.125], "texture": "#0"},
				"up": {"uv": [2.75, 5.125, 3, 6.125], "texture": "#0"},
				"down": {"uv": [2.5, 6.125, 2.75, 5.125], "texture": "#0"}
			}
		}
	],
	"display": {
		"thirdperson_righthand": {
			"rotation": [90, 0, 0],
			"translation": [-6, -2, -3.5],
			"scale": [2.5, 2.5, 2.5]
		},
		"thirdperson_lefthand": {
			"rotation": [90, 0, 0],
			"translation": [-6, -2, -3.5],
			"scale": [2.5, 2.5, 2.5]
		},
		"firstperson_righthand": {
			"translation": [0, -1, 0]
		},
		"head": {
			"translation": [0, -23.3, 0],
			"scale": [2.857, 2.857, 2.857]
		}
	},
	"groups": [
		{
			"name": "arm2",
			"origin": [0, 31, 0],
			"shade": false,
			"children": [0, 1, 2, 3]
		}
	]
}