{
	"credit": "Made with Blockbench",
	"parent": "iron_golem",
	"texture_size": [128, 128],
	"textures": {
		"0": "custom/phantom_golem",
		"particle": "custom/phantom_golem"
	},
	"elements": [
		{
			"name": "head",
			"from": [5, 16, 2.5],
			"to": [11, 24, 8.5],
			"rotation": {"angle": 0, "axis": "y", "origin": [8, 16, 6]},
			"faces": {
				"north": {"uv": [9, 1, 10, 2.25], "texture": "#0"},
				"east": {"uv": [8, 1, 9, 2.25], "texture": "#0"},
				"south": {"uv": [11, 1, 12, 2.25], "texture": "#0"},
				"west": {"uv": [10, 1, 11, 2.25], "texture": "#0"},
				"up": {"uv": [10, 1, 9, 0], "texture": "#0"},
				"down": {"uv": [11, 0, 10, 0.875], "texture": "#0"}
			}
		},
		{
			"name": "head",
			"from": [7, 15, 1],
			"to": [9, 18.5, 2.5],
			"rotation": {"angle": 0, "axis": "y", "origin": [8, 16, 6]},
			"faces": {
				"north": {"uv": [5.5, 0.75, 5.75, 1.25], "texture": "#0"},
				"east": {"uv": [5.25, 0.75, 5.5, 1.25], "texture": "#0"},
				"south": {"uv": [6, 0.75, 6.25, 1.125], "texture": "#0"},
				"west": {"uv": [5.75, 0.75, 6, 1.25], "texture": "#0"},
				"up": {"uv": [5.75, 0.75, 5.5, 0.5], "texture": "#0"},
				"down": {"uv": [6, 0.5, 5.75, 0.75], "texture": "#0"}
			}
		}
	],
	"display": {
		"thirdperson_righthand": {
			"rotation": [90, 0, 0],
			"translation": [-6, -2, -3.5],
			"scale": [2.5, 2.5, 2.5]
		},
		"thirdperson_lefthand": {
			"rotation": [90, 0, 0],
			"translation": [-6, -2, -3.5],
			"scale": [2.5, 2.5, 2.5]
		},
		"firstperson_righthand": {
			"translation": [0, -1, 0]
		},
		"head": {
			"translation": [0, -23.3, 0],
			"scale": [2.857, 2.857, 2.857]
		}
	},
	"groups": [
		{
			"name": "head",
			"origin": [0, 31, -2],
			"shade": false,
			"children": [0, 1]
		}
	]
}