{
	"credit": "Made with Blockbench",
	"texture_size": [64, 64],
	"textures": {
		"0": "custom/staff",
		"particle": "custom/staff"
	},
	"elements": [
		{
			"from": [7, -15, 7],
			"to": [9, 13, 9],
			"rotation": {"angle": 0, "axis": "y", "origin": [8, -15, 8]},
			"faces": {
				"north": {"uv": [0, 4, 0.5, 11], "texture": "#0"},
				"east": {"uv": [0.5, 4, 1, 11], "texture": "#0"},
				"south": {"uv": [1, 4, 1.5, 11], "texture": "#0"},
				"west": {"uv": [1.5, 4, 2, 11], "texture": "#0"},
				"up": {"uv": [6, 5.5, 5.5, 5], "texture": "#0"},
				"down": {"uv": [6.5, 5, 6, 5.5], "texture": "#0"}
			}
		},
		{
			"from": [6.5, -13.75, 6.5],
			"to": [9.5, -13.25, 9.5],
			"rotation": {"angle": 0, "axis": "y", "origin": [8, -14.25, 8]},
			"faces": {
				"north": {"uv": [2.5, 9, 2.75, 9.25], "texture": "#0"},
				"east": {"uv": [2.5, 9, 2.75, 9.25], "texture": "#0"},
				"south": {"uv": [2.5, 9, 2.75, 9.25], "texture": "#0"},
				"west": {"uv": [2.5, 9, 2.75, 9.25], "texture": "#0"},
				"up": {"uv": [2.5, 9, 2.75, 9.25], "texture": "#0"},
				"down": {"uv": [2.5, 9, 2.75, 9.25], "texture": "#0"}
			}
		},
		{
			"from": [6.75, -14.75, 6.75],
			"to": [9.25, -14.25, 9.25],
			"rotation": {"angle": 0, "axis": "y", "origin": [8, -15.25, 8]},
			"faces": {
				"north": {"uv": [2.5, 9, 2.75, 9.25], "texture": "#0"},
				"east": {"uv": [2.5, 9, 2.75, 9.25], "texture": "#0"},
				"south": {"uv": [2.5, 9, 2.75, 9.25], "texture": "#0"},
				"west": {"uv": [2.5, 9, 2.75, 9.25], "texture": "#0"},
				"up": {"uv": [2.5, 9, 2.75, 9.25], "texture": "#0"},
				"down": {"uv": [2.5, 9, 2.75, 9.25], "texture": "#0"}
			}
		},
		{
			"from": [7, -15.5, 7],
			"to": [9, -15, 9],
			"rotation": {"angle": 0, "axis": "y", "origin": [8, -16, 8]},
			"faces": {
				"north": {"uv": [2.5, 9, 2.75, 9.25], "texture": "#0"},
				"east": {"uv": [2.5, 9, 2.75, 9.25], "texture": "#0"},
				"south": {"uv": [2.5, 9, 2.75, 9.25], "texture": "#0"},
				"west": {"uv": [2.5, 9, 2.75, 9.25], "texture": "#0"},
				"up": {"uv": [2.5, 9, 2.75, 9.25], "texture": "#0"},
				"down": {"uv": [2.5, 9, 2.75, 9.25], "texture": "#0"}
			}
		},
		{
			"from": [6.25, -13, 6.25],
			"to": [9.75, -12.25, 9.75],
			"rotation": {"angle": 0, "axis": "y", "origin": [8, -13.25, 8]},
			"faces": {
				"north": {"uv": [2.5, 9, 2.75, 9.25], "texture": "#0"},
				"east": {"uv": [2.5, 9, 2.75, 9.25], "texture": "#0"},
				"south": {"uv": [2.5, 9, 2.75, 9.25], "texture": "#0"},
				"west": {"uv": [2.5, 9, 2.75, 9.25], "texture": "#0"},
				"up": {"uv": [2.5, 9, 2.75, 9.25], "texture": "#0"},
				"down": {"uv": [2.5, 9, 2.75, 9.25], "texture": "#0"}
			}
		},
		{
			"from": [6.5, -12.25, 6.5],
			"to": [9.5, -8.75, 9.5],
			"rotation": {"angle": 0, "axis": "y", "origin": [8, -10, 8]},
			"faces": {
				"north": {"uv": [3.25, 9, 3.5, 9.25], "texture": "#0"},
				"east": {"uv": [3.25, 9, 3.5, 9.25], "texture": "#0"},
				"south": {"uv": [3.25, 9, 3.5, 9.25], "texture": "#0"},
				"west": {"uv": [3.25, 9, 3.5, 9.25], "texture": "#0"},
				"up": {"uv": [3.25, 9, 3.5, 9.25], "texture": "#0"},
				"down": {"uv": [3.25, 9, 3.5, 9.25], "texture": "#0"}
			}
		},
		{
			"from": [6.25, -8.75, 6.25],
			"to": [9.75, -8, 9.75],
			"rotation": {"angle": 0, "axis": "y", "origin": [8, -8.75, 8]},
			"faces": {
				"north": {"uv": [2.5, 9, 2.75, 9.25], "texture": "#0"},
				"east": {"uv": [2.5, 9, 2.75, 9.25], "texture": "#0"},
				"south": {"uv": [2.5, 9, 2.75, 9.25], "texture": "#0"},
				"west": {"uv": [2.5, 9, 2.75, 9.25], "texture": "#0"},
				"up": {"uv": [2.5, 9, 2.75, 9.25], "texture": "#0"},
				"down": {"uv": [2.5, 9, 2.75, 9.25], "texture": "#0"}
			}
		},
		{
			"from": [6.5, -7.75, 6.5],
			"to": [9.5, -7.25, 9.5],
			"rotation": {"angle": 0, "axis": "y", "origin": [8, -7.75, 8]},
			"faces": {
				"north": {"uv": [2.5, 9, 2.75, 9.25], "texture": "#0"},
				"east": {"uv": [2.5, 9, 2.75, 9.25], "texture": "#0"},
				"south": {"uv": [2.5, 9, 2.75, 9.25], "texture": "#0"},
				"west": {"uv": [2.5, 9, 2.75, 9.25], "texture": "#0"},
				"up": {"uv": [2.5, 9, 2.75, 9.25], "texture": "#0"},
				"down": {"uv": [2.5, 9, 2.75, 9.25], "texture": "#0"}
			}
		},
		{
			"from": [6.75, -6.75, 6.75],
			"to": [9.25, -6.25, 9.25],
			"rotation": {"angle": 0, "axis": "y", "origin": [8, -6.75, 8]},
			"faces": {
				"north": {"uv": [2.5, 9, 2.75, 9.25], "texture": "#0"},
				"east": {"uv": [2.5, 9, 2.75, 9.25], "texture": "#0"},
				"south": {"uv": [2.5, 9, 2.75, 9.25], "texture": "#0"},
				"west": {"uv": [2.5, 9, 2.75, 9.25], "texture": "#0"},
				"up": {"uv": [2.5, 9, 2.75, 9.25], "texture": "#0"},
				"down": {"uv": [2.5, 9, 2.75, 9.25], "texture": "#0"}
			}
		},
		{
			"from": [6.75, 12.25, 6.75],
			"to": [9.25, 12.5, 9.25],
			"rotation": {"angle": 0, "axis": "y", "origin": [8, 12, 8]},
			"faces": {
				"north": {"uv": [4, 9, 4.25, 9.25], "texture": "#0"},
				"east": {"uv": [4, 9, 4.25, 9.25], "texture": "#0"},
				"south": {"uv": [4, 9, 4.25, 9.25], "texture": "#0"},
				"west": {"uv": [4, 9, 4.25, 9.25], "texture": "#0"},
				"up": {"uv": [4, 9, 4.25, 9.25], "texture": "#0"},
				"down": {"uv": [4, 9, 4.25, 9.25], "texture": "#0"}
			}
		},
		{
			"from": [6.75, 12.75, 6.75],
			"to": [9.25, 13, 9.25],
			"rotation": {"angle": 0, "axis": "y", "origin": [8, 12.5, 8]},
			"faces": {
				"north": {"uv": [4, 9, 4.25, 9.25], "texture": "#0"},
				"east": {"uv": [4, 9, 4.25, 9.25], "texture": "#0"},
				"south": {"uv": [4, 9, 4.25, 9.25], "texture": "#0"},
				"west": {"uv": [4, 9, 4.25, 9.25], "texture": "#0"},
				"up": {"uv": [4, 9, 4.25, 9.25], "texture": "#0"},
				"down": {"uv": [4, 9, 4.25, 9.25], "texture": "#0"}
			}
		},
		{
			"from": [7.25, 14.8, 7.25],
			"to": [8.75, 15.05, 8.75],
			"rotation": {"angle": 0, "axis": "y", "origin": [8, 14.55, 8]},
			"faces": {
				"north": {"uv": [5.5, 9, 5.75, 9.25], "texture": "#0"},
				"east": {"uv": [5.5, 9, 5.75, 9.25], "texture": "#0"},
				"south": {"uv": [5.5, 9, 5.75, 9.25], "texture": "#0"},
				"west": {"uv": [5.5, 9, 5.75, 9.25], "texture": "#0"},
				"up": {"uv": [5.5, 9, 5.75, 9.25], "texture": "#0"},
				"down": {"uv": [5.5, 9, 5.75, 9.25], "texture": "#0"}
			}
		},
		{
			"from": [7.25, 22.6, 7.25],
			"to": [8.75, 22.85, 8.75],
			"rotation": {"angle": 0, "axis": "y", "origin": [8, 22.35, 8]},
			"faces": {
				"north": {"uv": [5.5, 9, 5.75, 9.25], "texture": "#0"},
				"east": {"uv": [5.5, 9, 5.75, 9.25], "texture": "#0"},
				"south": {"uv": [5.5, 9, 5.75, 9.25], "texture": "#0"},
				"west": {"uv": [5.5, 9, 5.75, 9.25], "texture": "#0"},
				"up": {"uv": [5.5, 9, 5.75, 9.25], "texture": "#0"},
				"down": {"uv": [5.5, 9, 5.75, 9.25], "texture": "#0"}
			}
		},
		{
			"from": [6.5, 17.5, 6.5],
			"to": [9.5, 20.5, 9.5],
			"rotation": {"angle": -45, "axis": "x", "origin": [8, 19, 8]},
			"faces": {
				"north": {"uv": [2, 5.5, 2.75, 6.25], "texture": "#0"},
				"east": {"uv": [5.5, 2, 6.25, 2.75], "texture": "#0"},
				"south": {"uv": [5.5, 2.75, 6.25, 3.5], "texture": "#0"},
				"west": {"uv": [5.5, 3.5, 6.25, 4.25], "texture": "#0"},
				"up": {"uv": [6.25, 5, 5.5, 4.25], "texture": "#0"},
				"down": {"uv": [6.25, 6, 5.5, 6.75], "texture": "#0"}
			}
		},
		{
			"from": [6.5, 17.5, 6.5],
			"to": [9.5, 20.5, 9.5],
			"rotation": {"angle": -45, "axis": "y", "origin": [8, 19, 8]},
			"faces": {
				"north": {"uv": [2, 6.25, 2.75, 7], "texture": "#0"},
				"east": {"uv": [6.25, 6.25, 7, 7], "texture": "#0"},
				"south": {"uv": [6.25, 2, 7, 2.75], "texture": "#0"},
				"west": {"uv": [6, 0, 6.75, 0.75], "texture": "#0"},
				"up": {"uv": [7, 3.5, 6.25, 2.75], "rotation": 270, "texture": "#0"},
				"down": {"uv": [7, 3.5, 6.25, 4.25], "rotation": 90, "texture": "#0"}
			}
		},
		{
			"from": [6.5, 17.5, 6.5],
			"to": [9.5, 20.5, 9.5],
			"rotation": {"angle": 45, "axis": "z", "origin": [8, 19, 8]},
			"faces": {
				"north": {"uv": [6.25, 4.25, 7, 5], "texture": "#0"},
				"east": {"uv": [2.75, 6.75, 3.5, 7.5], "texture": "#0"},
				"south": {"uv": [3.5, 6.75, 4.25, 7.5], "texture": "#0"},
				"west": {"uv": [4.25, 6.75, 5, 7.5], "texture": "#0"},
				"up": {"uv": [5.75, 7.5, 5, 6.75], "texture": "#0"},
				"down": {"uv": [7.5, 0, 6.75, 0.75], "texture": "#0"}
			}
		},
		{
			"from": [7, 24.65, 7],
			"to": [9, 25.5, 9],
			"rotation": {"angle": 0, "axis": "y", "origin": [8, 24.65, 8]},
			"faces": {
				"north": {"uv": [4.75, 2.5, 5.25, 2.75], "texture": "#0"},
				"east": {"uv": [6, 0.75, 6.5, 1], "texture": "#0"},
				"south": {"uv": [5, 8, 5.5, 8.25], "texture": "#0"},
				"west": {"uv": [6, 8, 6.5, 8.25], "texture": "#0"},
				"up": {"uv": [8.25, 6, 7.75, 5.5], "texture": "#0"},
				"down": {"uv": [8.25, 7.25, 7.75, 7.75], "texture": "#0"}
			}
		},
		{
			"from": [5.25, 25.5, 7.5],
			"to": [11.5, 26, 8.5],
			"rotation": {"angle": 0, "axis": "y", "origin": [8, 25.5, 8]},
			"faces": {
				"north": {"uv": [2.75, 2.5, 4.75, 2.75], "texture": "#0"},
				"east": {"uv": [6.5, 8, 7, 8.25], "texture": "#0"},
				"south": {"uv": [6.25, 6, 8.25, 6.25], "texture": "#0"},
				"west": {"uv": [7, 8, 7.5, 8.25], "texture": "#0"},
				"up": {"uv": [4.75, 0.5, 2.75, 0], "texture": "#0"},
				"down": {"uv": [4.75, 0.5, 2.75, 1], "texture": "#0"}
			}
		},
		{
			"from": [7.25, 25.5, 7.75],
			"to": [8.75, 27, 8.25],
			"rotation": {"angle": 0, "axis": "y", "origin": [8, 25.5, 8]},
			"faces": {
				"north": {"uv": [2, 8, 2.5, 8.5], "texture": "#0"},
				"east": {"uv": [2.5, 8, 3, 8.5], "texture": "#0"},
				"south": {"uv": [3, 8, 3.5, 8.5], "texture": "#0"},
				"west": {"uv": [3.5, 8, 4, 8.5], "texture": "#0"},
				"up": {"uv": [4.5, 8.5, 4, 8], "texture": "#0"},
				"down": {"uv": [5, 8, 4.5, 8.5], "texture": "#0"}
			}
		},
		{
			"from": [3.17157, 15.82843, 7],
			"to": [5.17157, 21.82843, 9],
			"rotation": {"angle": 0, "axis": "y", "origin": [4.17157, 17.82843, 8]},
			"faces": {
				"north": {"uv": [2.75, 1, 3.25, 2.5], "texture": "#0"},
				"east": {"uv": [3.25, 1, 3.75, 2.5], "texture": "#0"},
				"south": {"uv": [3.75, 1, 4.25, 2.5], "texture": "#0"},
				"west": {"uv": [2, 4, 2.5, 5.5], "texture": "#0"},
				"up": {"uv": [8, 2, 7.5, 1.5], "texture": "#0"},
				"down": {"uv": [8, 2, 7.5, 2.5], "texture": "#0"}
			}
		},
		{
			"name": "plane",
			"from": [-1.82843, 12.82843, 8],
			"to": [9.17157, 28.82843, 8],
			"rotation": {"angle": 0, "axis": "y", "origin": [2.17157, 17.82843, 8]},
			"faces": {
				"north": {"uv": [0, 0, 2.75, 4], "texture": "#0"},
				"east": {"uv": [0, 0, 0, 4], "texture": "#0"},
				"south": {"uv": [5.5, 2.75, 2.75, 6.75], "texture": "#0"},
				"west": {"uv": [0, 0, 0, 4], "texture": "#0"},
				"up": {"uv": [2.75, 0, 0, 0], "texture": "#0"},
				"down": {"uv": [2.75, 0, 0, 0], "texture": "#0"}
			}
		},
		{
			"from": [6, 13, 7],
			"to": [11, 15, 9],
			"rotation": {"angle": 0, "axis": "z", "origin": [11, 14, 8]},
			"faces": {
				"north": {"uv": [4.25, 1, 5.5, 1.5], "texture": "#0"},
				"east": {"uv": [7, 4.5, 7.5, 5], "texture": "#0"},
				"south": {"uv": [4.25, 1.5, 5.5, 2], "texture": "#0"},
				"west": {"uv": [7.25, 5, 7.75, 5.5], "texture": "#0"},
				"up": {"uv": [5.5, 2.5, 4.25, 2], "texture": "#0"},
				"down": {"uv": [6, 0, 4.75, 0.5], "texture": "#0"}
			}
		},
		{
			"from": [6, 13, 7],
			"to": [8, 17, 9],
			"rotation": {"angle": 45, "axis": "z", "origin": [6, 13, 8]},
			"faces": {
				"north": {"uv": [5.75, 6.75, 6.25, 7.75], "texture": "#0"},
				"east": {"uv": [6.75, 0.75, 7.25, 1.75], "texture": "#0"},
				"south": {"uv": [6.75, 5, 7.25, 6], "texture": "#0"},
				"west": {"uv": [2, 7, 2.5, 8], "texture": "#0"},
				"up": {"uv": [8, 3, 7.5, 2.5], "texture": "#0"},
				"down": {"uv": [8, 3, 7.5, 3.5], "texture": "#0"}
			}
		},
		{
			"from": [3.17157, 21.82843, 7],
			"to": [5.17157, 25.82843, 9],
			"rotation": {"angle": -45, "axis": "z", "origin": [3.17157, 21.82843, 8]},
			"faces": {
				"north": {"uv": [6.25, 7, 6.75, 8], "texture": "#0"},
				"east": {"uv": [6.75, 7, 7.25, 8], "texture": "#0"},
				"south": {"uv": [7, 1.75, 7.5, 2.75], "texture": "#0"},
				"west": {"uv": [7, 2.75, 7.5, 3.75], "texture": "#0"},
				"up": {"uv": [8, 4, 7.5, 3.5], "texture": "#0"},
				"down": {"uv": [8, 4, 7.5, 4.5], "texture": "#0"}
			}
		},
		{
			"from": [11, 22.65685, 7],
			"to": [13, 24.65685, 9],
			"rotation": {"angle": -45, "axis": "z", "origin": [11, 24.65685, 8]},
			"faces": {
				"north": {"uv": [7.5, 4.5, 8, 5], "texture": "#0"},
				"east": {"uv": [7.5, 6.25, 8, 6.75], "texture": "#0"},
				"south": {"uv": [7.5, 6.75, 8, 7.25], "texture": "#0"},
				"west": {"uv": [5.5, 7.75, 6, 8.25], "texture": "#0"},
				"up": {"uv": [8.25, 8.25, 7.75, 7.75], "texture": "#0"},
				"down": {"uv": [8.25, 0.5, 7.75, 1], "texture": "#0"}
			}
		},
		{
			"from": [10.41421, 20.24264, 7],
			"to": [12.41421, 23.24264, 9],
			"rotation": {"angle": 22.5, "axis": "z", "origin": [12.41421, 23.24264, 8]},
			"faces": {
				"north": {"uv": [7, 3.75, 7.5, 4.5], "texture": "#0"},
				"east": {"uv": [7, 6.25, 7.5, 7], "texture": "#0"},
				"south": {"uv": [7.25, 7.25, 7.75, 8], "texture": "#0"},
				"west": {"uv": [7.25, 0.75, 7.75, 1.5], "texture": "#0"},
				"up": {"uv": [8.25, 1.5, 7.75, 1], "texture": "#0"},
				"down": {"uv": [8.25, 5, 7.75, 5.5], "texture": "#0"}
			}
		},
		{
			"from": [12.31906, 20.72099, 8],
			"to": [13.56906, 23.72099, 8],
			"rotation": {"angle": 22.5, "axis": "z", "origin": [13.56906, 23.72099, 8]},
			"faces": {
				"north": {"uv": [4.75, 9, 5, 9.25], "texture": "#0"},
				"east": {"uv": [0.25, 0.25, 0.5, 0.5], "texture": "#0"},
				"south": {"uv": [4.75, 9, 5, 9.25], "texture": "#0"},
				"west": {"uv": [0.25, 0.25, 0.5, 0.5], "texture": "#0"},
				"up": {"uv": [0.25, 0.25, 0.5, 0.5], "texture": "#0"},
				"down": {"uv": [0.25, 0.25, 0.5, 0.5], "texture": "#0"}
			}
		},
		{
			"from": [10.19774, 22.84232, 8],
			"to": [11.44774, 25.84232, 8],
			"rotation": {"angle": 45, "axis": "z", "origin": [11.44774, 25.84232, 8]},
			"faces": {
				"north": {"uv": [4.75, 9, 5, 9.25], "texture": "#0"},
				"east": {"uv": [0.25, 0.25, 0.5, 0.5], "texture": "#0"},
				"south": {"uv": [4.75, 9, 5, 9.25], "texture": "#0"},
				"west": {"uv": [0.25, 0.25, 0.5, 0.5], "texture": "#0"},
				"up": {"uv": [0.25, 0.25, 0.5, 0.5], "texture": "#0"},
				"down": {"uv": [0.25, 0.25, 0.5, 0.5], "texture": "#0"}
			}
		},
		{
			"from": [2.12452, 21.51909, 8],
			"to": [6.62452, 22.76909, 8],
			"rotation": {"angle": 45, "axis": "z", "origin": [2.37452, 22.76909, 8]},
			"faces": {
				"north": {"uv": [4.75, 9, 5, 9.25], "rotation": 90, "texture": "#0"},
				"east": {"uv": [0.25, 0.25, 0.5, 0.5], "rotation": 270, "texture": "#0"},
				"south": {"uv": [4.75, 9, 5, 9.25], "rotation": 270, "texture": "#0"},
				"west": {"uv": [0.25, 0.25, 0.5, 0.5], "rotation": 270, "texture": "#0"},
				"up": {"uv": [0.25, 0.25, 0.5, 0.5], "rotation": 270, "texture": "#0"},
				"down": {"uv": [0.25, 0.25, 0.5, 0.5], "rotation": 270, "texture": "#0"}
			}
		},
		{
			"from": [2.19774, 15.59232, 8],
			"to": [3.44774, 22.59232, 8],
			"rotation": {"angle": 0, "axis": "z", "origin": [2.19774, 17.84232, 8]},
			"faces": {
				"north": {"uv": [4.75, 9, 5, 9.25], "rotation": 180, "texture": "#0"},
				"east": {"uv": [0.25, 0.25, 0.5, 0.5], "rotation": 180, "texture": "#0"},
				"south": {"uv": [4.75, 9, 5, 9.25], "rotation": 180, "texture": "#0"},
				"west": {"uv": [0.25, 0.25, 0.5, 0.5], "rotation": 180, "texture": "#0"},
				"up": {"uv": [0.25, 0.25, 0.5, 0.5], "rotation": 180, "texture": "#0"},
				"down": {"uv": [0.25, 0.25, 0.5, 0.5], "rotation": 180, "texture": "#0"}
			}
		},
		{
			"from": [4.14229, 11.39777, 8],
			"to": [5.39229, 16.39777, 8],
			"rotation": {"angle": 45, "axis": "z", "origin": [4.14229, 13.64777, 8]},
			"faces": {
				"north": {"uv": [4.75, 9, 5, 9.25], "rotation": 180, "texture": "#0"},
				"east": {"uv": [0.25, 0.25, 0.5, 0.5], "rotation": 180, "texture": "#0"},
				"south": {"uv": [4.75, 9, 5, 9.25], "rotation": 180, "texture": "#0"},
				"west": {"uv": [0.25, 0.25, 0.5, 0.5], "rotation": 180, "texture": "#0"},
				"up": {"uv": [0.25, 0.25, 0.5, 0.5], "rotation": 180, "texture": "#0"},
				"down": {"uv": [0.25, 0.25, 0.5, 0.5], "rotation": 180, "texture": "#0"}
			}
		},
		{
			"from": [5.73328, 12.05678, 8],
			"to": [7.73328, 13.30678, 8],
			"rotation": {"angle": 0, "axis": "z", "origin": [8.48328, 12.05678, 8]},
			"faces": {
				"north": {"uv": [4.75, 9, 5, 9.25], "rotation": 270, "texture": "#0"},
				"east": {"uv": [0.25, 0.25, 0.5, 0.5], "rotation": 90, "texture": "#0"},
				"south": {"uv": [4.75, 9, 5, 9.25], "rotation": 90, "texture": "#0"},
				"west": {"uv": [0.25, 0.25, 0.5, 0.5], "rotation": 90, "texture": "#0"},
				"up": {"uv": [0.25, 0.25, 0.5, 0.5], "rotation": 90, "texture": "#0"},
				"down": {"uv": [0.25, 0.25, 0.5, 0.5], "rotation": 90, "texture": "#0"}
			}
		},
		{
			"from": [5.44774, 24.59232, 8],
			"to": [11.44774, 25.84232, 8],
			"rotation": {"angle": 0, "axis": "z", "origin": [5.44774, 25.84232, 8]},
			"faces": {
				"north": {"uv": [4.75, 9, 5, 9.25], "rotation": 90, "texture": "#0"},
				"east": {"uv": [0.25, 0.25, 0.5, 0.5], "rotation": 270, "texture": "#0"},
				"south": {"uv": [4.75, 9, 5, 9.25], "rotation": 270, "texture": "#0"},
				"west": {"uv": [0.25, 0.25, 0.5, 0.5], "rotation": 270, "texture": "#0"},
				"up": {"uv": [0.25, 0.25, 0.5, 0.5], "rotation": 270, "texture": "#0"},
				"down": {"uv": [0.25, 0.25, 0.5, 0.5], "rotation": 270, "texture": "#0"}
			}
		},
		{
			"from": [11, 13, 7],
			"to": [13, 15, 9],
			"rotation": {"angle": 45, "axis": "z", "origin": [11, 13, 8]},
			"faces": {
				"north": {"uv": [3, 7.5, 3.5, 8], "texture": "#0"},
				"east": {"uv": [3.5, 7.5, 4, 8], "texture": "#0"},
				"south": {"uv": [4, 7.5, 4.5, 8], "texture": "#0"},
				"west": {"uv": [4.5, 7.5, 5, 8], "texture": "#0"},
				"up": {"uv": [5.5, 8, 5, 7.5], "texture": "#0"},
				"down": {"uv": [8, 0, 7.5, 0.5], "texture": "#0"}
			}
		},
		{
			"from": [6, 22.65685, 7],
			"to": [11, 24.65685, 9],
			"rotation": {"angle": 0, "axis": "z", "origin": [13, 23.65685, 8]},
			"faces": {
				"north": {"uv": [4.75, 0.5, 6, 1], "texture": "#0"},
				"east": {"uv": [7.25, 5.5, 7.75, 6], "texture": "#0"},
				"south": {"uv": [5.5, 5.5, 6.75, 6], "texture": "#0"},
				"west": {"uv": [2.5, 7.5, 3, 8], "texture": "#0"},
				"up": {"uv": [6.75, 1.5, 5.5, 1], "texture": "#0"},
				"down": {"uv": [6.75, 1.5, 5.5, 2], "texture": "#0"}
			}
		}
	],
	"display": {
		"thirdperson_righthand": {
			"rotation": [0, 101, 0],
			"translation": [0, 8.75, 0],
			"scale": [0.6, 0.6, 0.6]
		},
		"thirdperson_lefthand": {
			"rotation": [0, -65, 0],
			"translation": [0, 8.75, 0],
			"scale": [0.6, 0.6, 0.6]
		},
		"firstperson_righthand": {
			"rotation": [14, 87, -22],
			"translation": [24, -5, -21]
		},
		"firstperson_lefthand": {
			"rotation": [7, -98, 17],
			"translation": [24, -5, -21]
		},
		"ground": {
			"rotation": [-77, -6, 0],
			"scale": [0.5, 0.5, 0.5]
		},
		"gui": {
			"rotation": [21, -15, 45],
			"scale": [0.4, 0.4, 0.4]
		},
		"fixed": {
			"rotation": [0, 0, -42],
			"scale": [0.5, 0.5, 0.5]
		}
	}
}